,NUTS3,name,date,week,mobility_change,mobility_change_7day_average,mobility_change_weekly
29,DE111,"Stuttgart, Stadtkreis",2020-03-01,9,0.025,-0.009,-0.0522
30,DE111,"Stuttgart, Stadtkreis",2020-03-02,10,0.0059,0.0046,0.011
31,DE111,"Stuttgart, Stadtkreis",2020-03-03,10,0.0168,0.0112,0.011
32,DE111,"Stuttgart, Stadtkreis",2020-03-04,10,0.0211,0.0088,0.011
33,DE111,"Stuttgart, Stadtkreis",2020-03-05,10,0.0036,0.013,0.011
34,DE111,"Stuttgart, Stadtkreis",2020-03-06,10,0.0013,0.0239,0.011
35,DE111,"Stuttgart, Stadtkreis",2020-03-07,10,-0.0124,0.0156,0.011
36,DE111,"Stuttgart, Stadtkreis",2020-03-08,10,0.055,0.0114,0.011
37,DE111,"Stuttgart, Stadtkreis",2020-03-09,11,0.0816,0.0074,-0.0469
38,DE111,"Stuttgart, Stadtkreis",2020-03-10,11,-0.0409,0.0015,-0.0469
39,DE111,"Stuttgart, Stadtkreis",2020-03-11,11,-0.0084,-0.0262,-0.0469
40,DE111,"Stuttgart, Stadtkreis",2020-03-12,11,-0.0246,-0.0571,-0.0469
41,DE111,"Stuttgart, Stadtkreis",2020-03-13,11,-0.0398,-0.0831,-0.0469
42,DE111,"Stuttgart, Stadtkreis",2020-03-14,11,-0.2066,-0.1174,-0.0469
43,DE111,"Stuttgart, Stadtkreis",2020-03-15,11,-0.1614,-0.1611,-0.0469
44,DE111,"Stuttgart, Stadtkreis",2020-03-16,12,-0.1001,-0.2086,-0.3352
45,DE111,"Stuttgart, Stadtkreis",2020-03-17,12,-0.2811,-0.2565,-0.3352
46,DE111,"Stuttgart, Stadtkreis",2020-03-18,12,-0.3141,-0.3059,-0.3352
47,DE111,"Stuttgart, Stadtkreis",2020-03-19,12,-0.357,-0.3451,-0.3352
48,DE111,"Stuttgart, Stadtkreis",2020-03-20,12,-0.3752,-0.3933,-0.3352
49,DE111,"Stuttgart, Stadtkreis",2020-03-21,12,-0.5523,-0.4194,-0.3352
50,DE111,"Stuttgart, Stadtkreis",2020-03-22,12,-0.4358,-0.4427,-0.3352
51,DE111,"Stuttgart, Stadtkreis",2020-03-23,13,-0.4376,-0.46,-0.4675
52,DE111,"Stuttgart, Stadtkreis",2020-03-24,13,-0.4642,-0.4704,-0.4675
53,DE111,"Stuttgart, Stadtkreis",2020-03-25,13,-0.4766,-0.4521,-0.4675
54,DE111,"Stuttgart, Stadtkreis",2020-03-26,13,-0.4784,-0.4731,-0.4675
55,DE111,"Stuttgart, Stadtkreis",2020-03-27,13,-0.4477,-0.4711,-0.4675
56,DE111,"Stuttgart, Stadtkreis",2020-03-28,13,-0.4241,-0.4688,-0.4675
57,DE111,"Stuttgart, Stadtkreis",2020-03-29,13,-0.5833,-0.4613,-0.4675
58,DE111,"Stuttgart, Stadtkreis",2020-03-30,14,-0.4236,-0.4537,-0.4107
59,DE111,"Stuttgart, Stadtkreis",2020-03-31,14,-0.4475,-0.4431,-0.4107
846,DE112,Böblingen,2020-03-01,9,0.0731,0.0117,-0.0215
847,DE112,Böblingen,2020-03-02,10,0.0151,0.0282,0.051
848,DE112,Böblingen,2020-03-03,10,0.0233,0.0398,0.051
849,DE112,Böblingen,2020-03-04,10,0.0533,0.0489,0.051
850,DE112,Böblingen,2020-03-05,10,0.0398,0.0573,0.051
851,DE112,Böblingen,2020-03-06,10,0.0493,0.0657,0.051
852,DE112,Böblingen,2020-03-07,10,0.0881,0.0614,0.051
853,DE112,Böblingen,2020-03-08,10,0.1318,0.0566,0.051
854,DE112,Böblingen,2020-03-09,11,0.0744,0.0559,0.0177
855,DE112,Böblingen,2020-03-10,11,-0.0068,0.0538,0.0177
856,DE112,Böblingen,2020-03-11,11,0.0197,0.0331,0.0177
857,DE112,Böblingen,2020-03-12,11,0.0345,0.0145,0.0177
858,DE112,Böblingen,2020-03-13,11,0.0348,-0.0002,0.0177
859,DE112,Böblingen,2020-03-14,11,-0.0566,-0.028,0.0177
860,DE112,Böblingen,2020-03-15,11,0.0014,-0.0629,0.0177
861,DE112,Böblingen,2020-03-16,12,-0.0283,-0.1046,-0.2572
862,DE112,Böblingen,2020-03-17,12,-0.2012,-0.1533,-0.2572
863,DE112,Böblingen,2020-03-18,12,-0.2245,-0.2158,-0.2572
864,DE112,Böblingen,2020-03-19,12,-0.2578,-0.272,-0.2572
865,DE112,Böblingen,2020-03-20,12,-0.3059,-0.3258,-0.2572
866,DE112,Böblingen,2020-03-21,12,-0.4945,-0.3573,-0.2572
867,DE112,Böblingen,2020-03-22,12,-0.3918,-0.386,-0.2572
868,DE112,Böblingen,2020-03-23,13,-0.405,-0.4086,-0.4133
869,DE112,Böblingen,2020-03-24,13,-0.4212,-0.4203,-0.4133
870,DE112,Böblingen,2020-03-25,13,-0.4259,-0.3948,-0.4133
871,DE112,Böblingen,2020-03-26,13,-0.4159,-0.4211,-0.4133
872,DE112,Böblingen,2020-03-27,13,-0.3875,-0.4184,-0.4133
873,DE112,Böblingen,2020-03-28,13,-0.316,-0.4156,-0.4133
874,DE112,Böblingen,2020-03-29,13,-0.5764,-0.4048,-0.4133
875,DE112,Böblingen,2020-03-30,14,-0.3855,-0.3938,-0.3361
876,DE112,Böblingen,2020-03-31,14,-0.402,-0.3787,-0.3361
1663,DE113,Esslingen,2020-03-01,9,0.085,0.0314,-0.0106
1664,DE113,Esslingen,2020-03-02,10,0.0421,0.0454,0.0464
1665,DE113,Esslingen,2020-03-03,10,0.0434,0.0515,0.0464
1666,DE113,Esslingen,2020-03-04,10,0.0574,0.0469,0.0464
1667,DE113,Esslingen,2020-03-05,10,0.0406,0.0486,0.0464
1668,DE113,Esslingen,2020-03-06,10,0.0377,0.0542,0.0464
1669,DE113,Esslingen,2020-03-07,10,0.0219,0.0477,0.0464
1670,DE113,Esslingen,2020-03-08,10,0.0969,0.0441,0.0464
1671,DE113,Esslingen,2020-03-09,11,0.0812,0.0448,0.023
1672,DE113,Esslingen,2020-03-10,11,-0.0019,0.0454,0.023
1673,DE113,Esslingen,2020-03-11,11,0.032,0.0338,0.023
1674,DE113,Esslingen,2020-03-12,11,0.0459,0.0205,0.023
1675,DE113,Esslingen,2020-03-13,11,0.0416,0.0125,0.023
1676,DE113,Esslingen,2020-03-14,11,-0.0591,-0.0071,0.023
1677,DE113,Esslingen,2020-03-15,11,0.0038,-0.0343,0.023
1678,DE113,Esslingen,2020-03-16,12,0.0251,-0.0702,-0.2043
1679,DE113,Esslingen,2020-03-17,12,-0.139,-0.1095,-0.2043
1680,DE113,Esslingen,2020-03-18,12,-0.1584,-0.1652,-0.2043
1681,DE113,Esslingen,2020-03-19,12,-0.2056,-0.2146,-0.2043
1682,DE113,Esslingen,2020-03-20,12,-0.2332,-0.2612,-0.2043
1683,DE113,Esslingen,2020-03-21,12,-0.4491,-0.287,-0.2043
1684,DE113,Esslingen,2020-03-22,12,-0.3418,-0.3105,-0.2043
1685,DE113,Esslingen,2020-03-23,13,-0.3016,-0.3272,-0.3283
1686,DE113,Esslingen,2020-03-24,13,-0.3193,-0.3362,-0.3283
1687,DE113,Esslingen,2020-03-25,13,-0.323,-0.3109,-0.3283
1688,DE113,Esslingen,2020-03-26,13,-0.3224,-0.3376,-0.3283
1689,DE113,Esslingen,2020-03-27,13,-0.2963,-0.3333,-0.3283
1690,DE113,Esslingen,2020-03-28,13,-0.2722,-0.3295,-0.3283
1691,DE113,Esslingen,2020-03-29,13,-0.5283,-0.3182,-0.3283
1692,DE113,Esslingen,2020-03-30,14,-0.2714,-0.3076,-0.2485
1693,DE113,Esslingen,2020-03-31,14,-0.2926,-0.2951,-0.2485
2480,DE114,Göppingen,2020-03-01,9,0.037,0.0198,-0.0142
2481,DE114,Göppingen,2020-03-02,10,0.0685,0.0361,0.0564
2482,DE114,Göppingen,2020-03-03,10,0.0556,0.0465,0.0564
2483,DE114,Göppingen,2020-03-04,10,0.0449,0.0479,0.0564
2484,DE114,Göppingen,2020-03-05,10,0.0378,0.0591,0.0564
2485,DE114,Göppingen,2020-03-06,10,0.0548,0.0624,0.0564
2486,DE114,Göppingen,2020-03-07,10,0.0366,0.0566,0.0564
2487,DE114,Göppingen,2020-03-08,10,0.1154,0.0558,0.0564
2488,DE114,Göppingen,2020-03-09,11,0.0918,0.0589,0.0265
2489,DE114,Göppingen,2020-03-10,11,0.0145,0.0555,0.0265
2490,DE114,Göppingen,2020-03-11,11,0.0394,0.0408,0.0265
2491,DE114,Göppingen,2020-03-12,11,0.0598,0.0238,0.0265
2492,DE114,Göppingen,2020-03-13,11,0.0307,0.0181,0.0265
2493,DE114,Göppingen,2020-03-14,11,-0.0657,-0.004,0.0265
2494,DE114,Göppingen,2020-03-15,11,-0.0042,-0.0335,0.0265
2495,DE114,Göppingen,2020-03-16,12,0.0519,-0.068,-0.2006
2496,DE114,Göppingen,2020-03-17,12,-0.1399,-0.1041,-0.2006
2497,DE114,Göppingen,2020-03-18,12,-0.167,-0.158,-0.2006
2498,DE114,Göppingen,2020-03-19,12,-0.1818,-0.2117,-0.2006
2499,DE114,Göppingen,2020-03-20,12,-0.222,-0.2594,-0.2006
2500,DE114,Göppingen,2020-03-21,12,-0.4428,-0.2828,-0.2006
2501,DE114,Göppingen,2020-03-22,12,-0.3801,-0.3043,-0.2006
2502,DE114,Göppingen,2020-03-23,13,-0.2822,-0.3211,-0.3188
2503,DE114,Göppingen,2020-03-24,13,-0.3039,-0.3298,-0.3188
2504,DE114,Göppingen,2020-03-25,13,-0.3176,-0.3064,-0.3188
2505,DE114,Göppingen,2020-03-26,13,-0.2993,-0.3289,-0.3188
2506,DE114,Göppingen,2020-03-27,13,-0.2826,-0.324,-0.3188
2507,DE114,Göppingen,2020-03-28,13,-0.2791,-0.3202,-0.3188
2508,DE114,Göppingen,2020-03-29,13,-0.5375,-0.3092,-0.3188
2509,DE114,Göppingen,2020-03-30,14,-0.2482,-0.2973,-0.2315
2510,DE114,Göppingen,2020-03-31,14,-0.2771,-0.281,-0.2315
3297,DE115,Ludwigsburg,2020-03-01,9,0.047,0.0344,0.0064
3298,DE115,Ludwigsburg,2020-03-02,10,0.0375,0.048,0.0618
3299,DE115,Ludwigsburg,2020-03-03,10,0.0584,0.0529,0.0618
3300,DE115,Ludwigsburg,2020-03-04,10,0.0821,0.0559,0.0618
3301,DE115,Ludwigsburg,2020-03-05,10,0.0659,0.0636,0.0618
3302,DE115,Ludwigsburg,2020-03-06,10,0.0516,0.0742,0.0618
3303,DE115,Ludwigsburg,2020-03-07,10,0.0487,0.0693,0.0618
3304,DE115,Ludwigsburg,2020-03-08,10,0.1006,0.0641,0.0618
3305,DE115,Ludwigsburg,2020-03-09,11,0.1123,0.063,0.0403
3306,DE115,Ludwigsburg,2020-03-10,11,0.0242,0.0633,0.0403
3307,DE115,Ludwigsburg,2020-03-11,11,0.0452,0.0496,0.0403
3308,DE115,Ludwigsburg,2020-03-12,11,0.0586,0.0378,0.0403
3309,DE115,Ludwigsburg,2020-03-13,11,0.0536,0.0287,0.0403
3310,DE115,Ludwigsburg,2020-03-14,11,-0.0471,0.0085,0.0403
3311,DE115,Ludwigsburg,2020-03-15,11,0.0177,-0.018,0.0403
3312,DE115,Ludwigsburg,2020-03-16,12,0.0488,-0.0529,-0.193
3313,DE115,Ludwigsburg,2020-03-17,12,-0.1172,-0.0926,-0.193
3314,DE115,Ludwigsburg,2020-03-18,12,-0.1403,-0.152,-0.193
3315,DE115,Ludwigsburg,2020-03-19,12,-0.186,-0.2044,-0.193
3316,DE115,Ludwigsburg,2020-03-20,12,-0.2241,-0.2532,-0.193
3317,DE115,Ludwigsburg,2020-03-21,12,-0.463,-0.2809,-0.193
3318,DE115,Ludwigsburg,2020-03-22,12,-0.3487,-0.3071,-0.193
3319,DE115,Ludwigsburg,2020-03-23,13,-0.293,-0.3267,-0.3276
3320,DE115,Ludwigsburg,2020-03-24,13,-0.3114,-0.3379,-0.3276
3321,DE115,Ludwigsburg,2020-03-25,13,-0.3233,-0.3126,-0.3276
3322,DE115,Ludwigsburg,2020-03-26,13,-0.3236,-0.3373,-0.3276
3323,DE115,Ludwigsburg,2020-03-27,13,-0.3023,-0.3341,-0.3276
3324,DE115,Ludwigsburg,2020-03-28,13,-0.2863,-0.3322,-0.3276
3325,DE115,Ludwigsburg,2020-03-29,13,-0.5215,-0.322,-0.3276
3326,DE115,Ludwigsburg,2020-03-30,14,-0.2702,-0.3117,-0.2526
3327,DE115,Ludwigsburg,2020-03-31,14,-0.2986,-0.2973,-0.2526
4114,DE116,Rems-Murr-Kreis,2020-03-01,9,0.0407,0.032,-0.0129
4115,DE116,Rems-Murr-Kreis,2020-03-02,10,0.0644,0.0495,0.0689
4116,DE116,Rems-Murr-Kreis,2020-03-03,10,0.0615,0.0599,0.0689
4117,DE116,Rems-Murr-Kreis,2020-03-04,10,0.0786,0.0599,0.0689
4118,DE116,Rems-Murr-Kreis,2020-03-05,10,0.0671,0.0709,0.0689
4119,DE116,Rems-Murr-Kreis,2020-03-06,10,0.0615,0.0771,0.0689
4120,DE116,Rems-Murr-Kreis,2020-03-07,10,0.0454,0.0715,0.0689
4121,DE116,Rems-Murr-Kreis,2020-03-08,10,0.1178,0.0703,0.0689
4122,DE116,Rems-Murr-Kreis,2020-03-09,11,0.1079,0.0715,0.0547
4123,DE116,Rems-Murr-Kreis,2020-03-10,11,0.0224,0.0741,0.0547
4124,DE116,Rems-Murr-Kreis,2020-03-11,11,0.0703,0.0639,0.0547
4125,DE116,Rems-Murr-Kreis,2020-03-12,11,0.0751,0.0527,0.0547
4126,DE116,Rems-Murr-Kreis,2020-03-13,11,0.0796,0.0462,0.0547
4127,DE116,Rems-Murr-Kreis,2020-03-14,11,-0.0256,0.0282,0.0547
4128,DE116,Rems-Murr-Kreis,2020-03-15,11,0.0391,0.0013,0.0547
4129,DE116,Rems-Murr-Kreis,2020-03-16,12,0.0625,-0.0321,-0.1684
4130,DE116,Rems-Murr-Kreis,2020-03-17,12,-0.1035,-0.0702,-0.1684
4131,DE116,Rems-Murr-Kreis,2020-03-18,12,-0.118,-0.1276,-0.1684
4132,DE116,Rems-Murr-Kreis,2020-03-19,12,-0.1589,-0.1784,-0.1684
4133,DE116,Rems-Murr-Kreis,2020-03-20,12,-0.1869,-0.2246,-0.1684
4134,DE116,Rems-Murr-Kreis,2020-03-21,12,-0.4277,-0.2498,-0.1684
4135,DE116,Rems-Murr-Kreis,2020-03-22,12,-0.3163,-0.2735,-0.1684
4136,DE116,Rems-Murr-Kreis,2020-03-23,13,-0.2606,-0.291,-0.2892
4137,DE116,Rems-Murr-Kreis,2020-03-24,13,-0.2801,-0.3005,-0.2892
4138,DE116,Rems-Murr-Kreis,2020-03-25,13,-0.2839,-0.2724,-0.2892
4139,DE116,Rems-Murr-Kreis,2020-03-26,13,-0.2812,-0.2985,-0.2892
4140,DE116,Rems-Murr-Kreis,2020-03-27,13,-0.2534,-0.2934,-0.2892
4141,DE116,Rems-Murr-Kreis,2020-03-28,13,-0.2313,-0.2891,-0.2892
4142,DE116,Rems-Murr-Kreis,2020-03-29,13,-0.4992,-0.278,-0.2892
4143,DE116,Rems-Murr-Kreis,2020-03-30,14,-0.2248,-0.2661,-0.2077
4144,DE116,Rems-Murr-Kreis,2020-03-31,14,-0.2497,-0.2529,-0.2077
4931,DE117,"Heilbronn, Stadtkreis",2020-03-01,9,0.0007,-0.0468,-0.0754
4932,DE117,"Heilbronn, Stadtkreis",2020-03-02,10,-0.0267,-0.0326,-0.0226
4933,DE117,"Heilbronn, Stadtkreis",2020-03-03,10,-0.0628,-0.026,-0.0226
4934,DE117,"Heilbronn, Stadtkreis",2020-03-04,10,-0.0318,-0.0233,-0.0226
4935,DE117,"Heilbronn, Stadtkreis",2020-03-05,10,-0.0166,-0.018,-0.0226
4936,DE117,"Heilbronn, Stadtkreis",2020-03-06,10,-0.0229,-0.0119,-0.0226
4937,DE117,"Heilbronn, Stadtkreis",2020-03-07,10,-0.0031,-0.0171,-0.0226
4938,DE117,"Heilbronn, Stadtkreis",2020-03-08,10,0.0379,-0.021,-0.0226
4939,DE117,"Heilbronn, Stadtkreis",2020-03-09,11,0.0159,-0.0245,-0.0605
4940,DE117,"Heilbronn, Stadtkreis",2020-03-10,11,-0.0994,-0.0262,-0.0605
4941,DE117,"Heilbronn, Stadtkreis",2020-03-11,11,-0.0588,-0.046,-0.0605
4942,DE117,"Heilbronn, Stadtkreis",2020-03-12,11,-0.0412,-0.0637,-0.0605
4943,DE117,"Heilbronn, Stadtkreis",2020-03-13,11,-0.0344,-0.0756,-0.0605
4944,DE117,"Heilbronn, Stadtkreis",2020-03-14,11,-0.1418,-0.0984,-0.0605
4945,DE117,"Heilbronn, Stadtkreis",2020-03-15,11,-0.0861,-0.1332,-0.0605
4946,DE117,"Heilbronn, Stadtkreis",2020-03-16,12,-0.0672,-0.1745,-0.3238
4947,DE117,"Heilbronn, Stadtkreis",2020-03-17,12,-0.259,-0.2217,-0.3238
4948,DE117,"Heilbronn, Stadtkreis",2020-03-18,12,-0.3024,-0.2807,-0.3238
4949,DE117,"Heilbronn, Stadtkreis",2020-03-19,12,-0.3304,-0.3394,-0.3238
4950,DE117,"Heilbronn, Stadtkreis",2020-03-20,12,-0.3653,-0.3911,-0.3238
4951,DE117,"Heilbronn, Stadtkreis",2020-03-21,12,-0.5544,-0.4214,-0.3238
4952,DE117,"Heilbronn, Stadtkreis",2020-03-22,12,-0.4969,-0.4463,-0.3238
4953,DE117,"Heilbronn, Stadtkreis",2020-03-23,13,-0.4293,-0.4655,-0.4674
4954,DE117,"Heilbronn, Stadtkreis",2020-03-24,13,-0.4712,-0.4767,-0.4674
4955,DE117,"Heilbronn, Stadtkreis",2020-03-25,13,-0.4764,-0.4633,-0.4674
4956,DE117,"Heilbronn, Stadtkreis",2020-03-26,13,-0.4651,-0.4739,-0.4674
4957,DE117,"Heilbronn, Stadtkreis",2020-03-27,13,-0.4434,-0.4708,-0.4674
4958,DE117,"Heilbronn, Stadtkreis",2020-03-28,13,-0.4608,-0.4683,-0.4674
4959,DE117,"Heilbronn, Stadtkreis",2020-03-29,13,-0.5709,-0.4588,-0.4674
4960,DE117,"Heilbronn, Stadtkreis",2020-03-30,14,-0.4077,-0.4496,-0.4077
4961,DE117,"Heilbronn, Stadtkreis",2020-03-31,14,-0.454,-0.4362,-0.4077
5748,DE118,"Heilbronn, Landkreis",2020-03-01,9,0.0182,0.0262,0.0055
5749,DE118,"Heilbronn, Landkreis",2020-03-02,10,0.0701,0.0373,0.0518
5750,DE118,"Heilbronn, Landkreis",2020-03-03,10,0.0238,0.0408,0.0518
5751,DE118,"Heilbronn, Landkreis",2020-03-04,10,0.047,0.0431,0.0518
5752,DE118,"Heilbronn, Landkreis",2020-03-05,10,0.0465,0.0547,0.0518
5753,DE118,"Heilbronn, Landkreis",2020-03-06,10,0.0426,0.0589,0.0518
5754,DE118,"Heilbronn, Landkreis",2020-03-07,10,0.0537,0.0552,0.0518
5755,DE118,"Heilbronn, Landkreis",2020-03-08,10,0.0989,0.0519,0.0518
5756,DE118,"Heilbronn, Landkreis",2020-03-09,11,0.0996,0.052,0.0354
5757,DE118,"Heilbronn, Landkreis",2020-03-10,11,-0.0017,0.0538,0.0354
5758,DE118,"Heilbronn, Landkreis",2020-03-11,11,0.0234,0.0448,0.0354
5759,DE118,"Heilbronn, Landkreis",2020-03-12,11,0.0477,0.0342,0.0354
5760,DE118,"Heilbronn, Landkreis",2020-03-13,11,0.0551,0.0308,0.0354
5761,DE118,"Heilbronn, Landkreis",2020-03-14,11,-0.0093,0.0174,0.0354
5762,DE118,"Heilbronn, Landkreis",2020-03-15,11,0.0242,-0.0045,0.0354
5763,DE118,"Heilbronn, Landkreis",2020-03-16,12,0.0759,-0.0324,-0.174
5764,DE118,"Heilbronn, Landkreis",2020-03-17,12,-0.095,-0.0682,-0.174
5765,DE118,"Heilbronn, Landkreis",2020-03-18,12,-0.1304,-0.1282,-0.174
5766,DE118,"Heilbronn, Landkreis",2020-03-19,12,-0.1477,-0.192,-0.174
5767,DE118,"Heilbronn, Landkreis",2020-03-20,12,-0.1949,-0.2425,-0.174
5768,DE118,"Heilbronn, Landkreis",2020-03-21,12,-0.4294,-0.2749,-0.174
5769,DE118,"Heilbronn, Landkreis",2020-03-22,12,-0.4226,-0.3037,-0.174
5770,DE118,"Heilbronn, Landkreis",2020-03-23,13,-0.2777,-0.3267,-0.3202
5771,DE118,"Heilbronn, Landkreis",2020-03-24,13,-0.3217,-0.3397,-0.3202
5772,DE118,"Heilbronn, Landkreis",2020-03-25,13,-0.3319,-0.3165,-0.3202
5773,DE118,"Heilbronn, Landkreis",2020-03-26,13,-0.3089,-0.3291,-0.3202
5774,DE118,"Heilbronn, Landkreis",2020-03-27,13,-0.2861,-0.325,-0.3202
5775,DE118,"Heilbronn, Landkreis",2020-03-28,13,-0.2665,-0.3207,-0.3202
5776,DE118,"Heilbronn, Landkreis",2020-03-29,13,-0.5107,-0.3106,-0.3202
5777,DE118,"Heilbronn, Landkreis",2020-03-30,14,-0.249,-0.302,-0.2556
5778,DE118,"Heilbronn, Landkreis",2020-03-31,14,-0.2921,-0.2908,-0.2556
6565,DE119,Hohenlohekreis,2020-03-01,9,0.0406,0.0501,0.0096
6566,DE119,Hohenlohekreis,2020-03-02,10,0.1083,0.0664,0.0924
6567,DE119,Hohenlohekreis,2020-03-03,10,0.0536,0.0757,0.0924
6568,DE119,Hohenlohekreis,2020-03-04,10,0.0518,0.0822,0.0924
6569,DE119,Hohenlohekreis,2020-03-05,10,0.0888,0.0994,0.0924
6570,DE119,Hohenlohekreis,2020-03-06,10,0.0806,0.1002,0.0924
6571,DE119,Hohenlohekreis,2020-03-07,10,0.1519,0.0932,0.0924
6572,DE119,Hohenlohekreis,2020-03-08,10,0.161,0.0893,0.0924
6573,DE119,Hohenlohekreis,2020-03-09,11,0.1138,0.08,0.0185
6574,DE119,Hohenlohekreis,2020-03-10,11,0.0044,0.0704,0.0185
6575,DE119,Hohenlohekreis,2020-03-11,11,0.0245,0.0394,0.0185
6576,DE119,Hohenlohekreis,2020-03-12,11,0.0238,0.0142,0.0185
6577,DE119,Hohenlohekreis,2020-03-13,11,0.0137,-0.0013,0.0185
6578,DE119,Hohenlohekreis,2020-03-14,11,-0.0655,-0.0263,0.0185
6579,DE119,Hohenlohekreis,2020-03-15,11,-0.0154,-0.0588,0.0185
6580,DE119,Hohenlohekreis,2020-03-16,12,0.0057,-0.0935,-0.2251
6581,DE119,Hohenlohekreis,2020-03-17,12,-0.1711,-0.1288,-0.2251
6582,DE119,Hohenlohekreis,2020-03-18,12,-0.2029,-0.1819,-0.2251
6583,DE119,Hohenlohekreis,2020-03-19,12,-0.219,-0.2466,-0.2251
6584,DE119,Hohenlohekreis,2020-03-20,12,-0.2333,-0.2903,-0.2251
6585,DE119,Hohenlohekreis,2020-03-21,12,-0.4377,-0.3158,-0.2251
6586,DE119,Hohenlohekreis,2020-03-22,12,-0.4679,-0.337,-0.2251
6587,DE119,Hohenlohekreis,2020-03-23,13,-0.3,-0.3533,-0.344
6588,DE119,Hohenlohekreis,2020-03-24,13,-0.3502,-0.363,-0.344
6589,DE119,Hohenlohekreis,2020-03-25,13,-0.3509,-0.3445,-0.344
6590,DE119,Hohenlohekreis,2020-03-26,13,-0.3333,-0.3556,-0.344
6591,DE119,Hohenlohekreis,2020-03-27,13,-0.301,-0.3499,-0.344
6592,DE119,Hohenlohekreis,2020-03-28,13,-0.3081,-0.3439,-0.344
6593,DE119,Hohenlohekreis,2020-03-29,13,-0.5455,-0.3325,-0.344
6594,DE119,Hohenlohekreis,2020-03-30,14,-0.2606,-0.3204,-0.2598
6595,DE119,Hohenlohekreis,2020-03-31,14,-0.3077,-0.3038,-0.2598
7382,DE11A,Schwäbisch Hall,2020-03-01,9,0.033,0.0757,0.0245
7383,DE11A,Schwäbisch Hall,2020-03-02,10,0.1438,0.0913,0.1094
7384,DE11A,Schwäbisch Hall,2020-03-03,10,0.1179,0.1007,0.1094
7385,DE11A,Schwäbisch Hall,2020-03-04,10,0.1022,0.0977,0.1094
7386,DE11A,Schwäbisch Hall,2020-03-05,10,0.1072,0.1099,0.1094
7387,DE11A,Schwäbisch Hall,2020-03-06,10,0.0866,0.1092,0.1094
7388,DE11A,Schwäbisch Hall,2020-03-07,10,0.0929,0.102,0.1094
7389,DE11A,Schwäbisch Hall,2020-03-08,10,0.1188,0.0987,0.1094
7390,DE11A,Schwäbisch Hall,2020-03-09,11,0.139,0.0943,0.0561
7391,DE11A,Schwäbisch Hall,2020-03-10,11,0.0677,0.0905,0.0561
7392,DE11A,Schwäbisch Hall,2020-03-11,11,0.0789,0.0698,0.0561
7393,DE11A,Schwäbisch Hall,2020-03-12,11,0.0765,0.0494,0.0561
7394,DE11A,Schwäbisch Hall,2020-03-13,11,0.0598,0.0426,0.0561
7395,DE11A,Schwäbisch Hall,2020-03-14,11,-0.0517,0.0196,0.0561
7396,DE11A,Schwäbisch Hall,2020-03-15,11,-0.0246,-0.0101,0.0561
7397,DE11A,Schwäbisch Hall,2020-03-16,12,0.0917,-0.044,-0.171
7398,DE11A,Schwäbisch Hall,2020-03-17,12,-0.0931,-0.0814,-0.171
7399,DE11A,Schwäbisch Hall,2020-03-18,12,-0.1292,-0.1355,-0.171
7400,DE11A,Schwäbisch Hall,2020-03-19,12,-0.1607,-0.1881,-0.171
7401,DE11A,Schwäbisch Hall,2020-03-20,12,-0.2021,-0.2372,-0.171
7402,DE11A,Schwäbisch Hall,2020-03-21,12,-0.4309,-0.2633,-0.171
7403,DE11A,Schwäbisch Hall,2020-03-22,12,-0.3922,-0.2862,-0.171
7404,DE11A,Schwäbisch Hall,2020-03-23,13,-0.2522,-0.3028,-0.2977
7405,DE11A,Schwäbisch Hall,2020-03-24,13,-0.2761,-0.3124,-0.2977
7406,DE11A,Schwäbisch Hall,2020-03-25,13,-0.2896,-0.2921,-0.2977
7407,DE11A,Schwäbisch Hall,2020-03-26,13,-0.277,-0.3098,-0.2977
7408,DE11A,Schwäbisch Hall,2020-03-27,13,-0.2692,-0.3068,-0.2977
7409,DE11A,Schwäbisch Hall,2020-03-28,13,-0.2884,-0.3051,-0.2977
7410,DE11A,Schwäbisch Hall,2020-03-29,13,-0.5161,-0.2975,-0.2977
7411,DE11A,Schwäbisch Hall,2020-03-30,14,-0.2315,-0.2905,-0.2418
7412,DE11A,Schwäbisch Hall,2020-03-31,14,-0.2639,-0.2768,-0.2418
8199,DE11B,Main-Tauber-Kreis,2020-03-01,9,-0.1208,-0.1102,-0.2064
8200,DE11B,Main-Tauber-Kreis,2020-03-02,10,-0.0127,-0.0876,-0.0464
8201,DE11B,Main-Tauber-Kreis,2020-03-03,10,-0.0046,-0.0678,-0.0464
8202,DE11B,Main-Tauber-Kreis,2020-03-04,10,-0.0425,-0.0583,-0.0464
8203,DE11B,Main-Tauber-Kreis,2020-03-05,10,-0.0504,-0.0475,-0.0464
8204,DE11B,Main-Tauber-Kreis,2020-03-06,10,-0.0751,-0.0494,-0.0464
8205,DE11B,Main-Tauber-Kreis,2020-03-07,10,-0.1018,-0.0611,-0.0464
8206,DE11B,Main-Tauber-Kreis,2020-03-08,10,-0.0452,-0.0667,-0.0464
8207,DE11B,Main-Tauber-Kreis,2020-03-09,11,-0.0263,-0.0701,-0.0925
8208,DE11B,Main-Tauber-Kreis,2020-03-10,11,-0.0866,-0.072,-0.0925
8209,DE11B,Main-Tauber-Kreis,2020-03-11,11,-0.0815,-0.0824,-0.0925
8210,DE11B,Main-Tauber-Kreis,2020-03-12,11,-0.0742,-0.0985,-0.0925
8211,DE11B,Main-Tauber-Kreis,2020-03-13,11,-0.0886,-0.1012,-0.0925
8212,DE11B,Main-Tauber-Kreis,2020-03-14,11,-0.1746,-0.0981,-0.0925
8213,DE11B,Main-Tauber-Kreis,2020-03-15,11,-0.1577,-0.115,-0.0925
8214,DE11B,Main-Tauber-Kreis,2020-03-16,12,-0.0456,-0.1436,-0.264
8215,DE11B,Main-Tauber-Kreis,2020-03-17,12,-0.0643,-0.1768,-0.264
8216,DE11B,Main-Tauber-Kreis,2020-03-18,12,-0.2003,-0.2311,-0.264
8217,DE11B,Main-Tauber-Kreis,2020-03-19,12,-0.2738,-0.2877,-0.264
8218,DE11B,Main-Tauber-Kreis,2020-03-20,12,-0.3212,-0.3368,-0.264
8219,DE11B,Main-Tauber-Kreis,2020-03-21,12,-0.5549,-0.3835,-0.264
8220,DE11B,Main-Tauber-Kreis,2020-03-22,12,-0.5536,-0.411,-0.264
8221,DE11B,Main-Tauber-Kreis,2020-03-23,13,-0.3895,-0.4301,-0.4312
8222,DE11B,Main-Tauber-Kreis,2020-03-24,13,-0.3912,-0.4441,-0.4312
8223,DE11B,Main-Tauber-Kreis,2020-03-25,13,-0.3926,-0.4326,-0.4312
8224,DE11B,Main-Tauber-Kreis,2020-03-26,13,-0.4075,-0.4445,-0.4312
8225,DE11B,Main-Tauber-Kreis,2020-03-27,13,-0.4196,-0.4463,-0.4312
8226,DE11B,Main-Tauber-Kreis,2020-03-28,13,-0.4742,-0.4479,-0.4312
8227,DE11B,Main-Tauber-Kreis,2020-03-29,13,-0.6368,-0.4456,-0.4312
8228,DE11B,Main-Tauber-Kreis,2020-03-30,14,-0.4024,-0.4405,-0.3889
8229,DE11B,Main-Tauber-Kreis,2020-03-31,14,-0.4024,-0.425,-0.3889
9016,DE11C,Heidenheim,2020-03-01,9,-0.0518,-0.0365,-0.0793
9017,DE11C,Heidenheim,2020-03-02,10,0.0347,-0.0253,-0.0071
9018,DE11C,Heidenheim,2020-03-03,10,-0.0122,-0.0206,-0.0071
9019,DE11C,Heidenheim,2020-03-04,10,-0.0004,-0.0156,-0.0071
9020,DE11C,Heidenheim,2020-03-05,10,-0.0318,-0.0052,-0.0071
9021,DE11C,Heidenheim,2020-03-06,10,-0.0328,-0.0059,-0.0071
9022,DE11C,Heidenheim,2020-03-07,10,-0.0149,-0.0088,-0.0071
9023,DE11C,Heidenheim,2020-03-08,10,0.0211,-0.0089,-0.0071
9024,DE11C,Heidenheim,2020-03-09,11,0.0298,-0.0045,-0.024
9025,DE11C,Heidenheim,2020-03-10,11,-0.0325,-0.0014,-0.024
9026,DE11C,Heidenheim,2020-03-11,11,-0.0013,-0.0152,-0.024
9027,DE11C,Heidenheim,2020-03-12,11,-0.001,-0.0282,-0.024
9028,DE11C,Heidenheim,2020-03-13,11,-0.011,-0.0293,-0.024
9029,DE11C,Heidenheim,2020-03-14,11,-0.1114,-0.052,-0.024
9030,DE11C,Heidenheim,2020-03-15,11,-0.0703,-0.0811,-0.024
9031,DE11C,Heidenheim,2020-03-16,12,0.0224,-0.1157,-0.2529
9032,DE11C,Heidenheim,2020-03-17,12,-0.1912,-0.1552,-0.2529
9033,DE11C,Heidenheim,2020-03-18,12,-0.2053,-0.2103,-0.2529
9034,DE11C,Heidenheim,2020-03-19,12,-0.2434,-0.2685,-0.2529
9035,DE11C,Heidenheim,2020-03-20,12,-0.2875,-0.3168,-0.2529
9036,DE11C,Heidenheim,2020-03-21,12,-0.497,-0.3402,-0.2529
9037,DE11C,Heidenheim,2020-03-22,12,-0.4773,-0.3626,-0.2529
9038,DE11C,Heidenheim,2020-03-23,13,-0.3162,-0.3796,-0.3705
9039,DE11C,Heidenheim,2020-03-24,13,-0.3549,-0.3883,-0.3705
9040,DE11C,Heidenheim,2020-03-25,13,-0.362,-0.3672,-0.3705
9041,DE11C,Heidenheim,2020-03-26,13,-0.3621,-0.381,-0.3705
9042,DE11C,Heidenheim,2020-03-27,13,-0.3486,-0.3794,-0.3705
9043,DE11C,Heidenheim,2020-03-28,13,-0.3496,-0.3777,-0.3705
9044,DE11C,Heidenheim,2020-03-29,13,-0.5739,-0.3714,-0.3705
9045,DE11C,Heidenheim,2020-03-30,14,-0.3047,-0.365,-0.3141
9046,DE11C,Heidenheim,2020-03-31,14,-0.3427,-0.3504,-0.3141
9833,DE11D,Ostalbkreis,2020-03-01,9,0.0211,0.0028,-0.0534
9834,DE11D,Ostalbkreis,2020-03-02,10,0.0558,0.0211,0.0499
9835,DE11D,Ostalbkreis,2020-03-03,10,0.0517,0.0358,0.0499
9836,DE11D,Ostalbkreis,2020-03-04,10,0.0424,0.0391,0.0499
9837,DE11D,Ostalbkreis,2020-03-05,10,0.03,0.0537,0.0499
9838,DE11D,Ostalbkreis,2020-03-06,10,0.0416,0.0567,0.0499
9839,DE11D,Ostalbkreis,2020-03-07,10,0.031,0.053,0.0499
9840,DE11D,Ostalbkreis,2020-03-08,10,0.1234,0.0536,0.0499
9841,DE11D,Ostalbkreis,2020-03-09,11,0.0769,0.0576,0.0214
9842,DE11D,Ostalbkreis,2020-03-10,11,0.0258,0.0569,0.0214
9843,DE11D,Ostalbkreis,2020-03-11,11,0.0463,0.0399,0.0214
9844,DE11D,Ostalbkreis,2020-03-12,11,0.0583,0.0151,0.0214
9845,DE11D,Ostalbkreis,2020-03-13,11,0.0364,-0.0025,0.0214
9846,DE11D,Ostalbkreis,2020-03-14,11,-0.088,-0.0312,0.0214
9847,DE11D,Ostalbkreis,2020-03-15,11,-0.0502,-0.0658,0.0214
9848,DE11D,Ostalbkreis,2020-03-16,12,-0.046,-0.1075,-0.2478
9849,DE11D,Ostalbkreis,2020-03-17,12,-0.1751,-0.1514,-0.2478
9850,DE11D,Ostalbkreis,2020-03-18,12,-0.1961,-0.208,-0.2478
9851,DE11D,Ostalbkreis,2020-03-19,12,-0.2334,-0.2616,-0.2478
9852,DE11D,Ostalbkreis,2020-03-20,12,-0.2712,-0.3023,-0.2478
9853,DE11D,Ostalbkreis,2020-03-21,12,-0.4841,-0.326,-0.2478
9854,DE11D,Ostalbkreis,2020-03-22,12,-0.4254,-0.3487,-0.2478
9855,DE11D,Ostalbkreis,2020-03-23,13,-0.3309,-0.3656,-0.3596
9856,DE11D,Ostalbkreis,2020-03-24,13,-0.3411,-0.3739,-0.3596
9857,DE11D,Ostalbkreis,2020-03-25,13,-0.3546,-0.3515,-0.3596
9858,DE11D,Ostalbkreis,2020-03-26,13,-0.3522,-0.3697,-0.3596
9859,DE11D,Ostalbkreis,2020-03-27,13,-0.3288,-0.3649,-0.3596
9860,DE11D,Ostalbkreis,2020-03-28,13,-0.3273,-0.3623,-0.3596
9861,DE11D,Ostalbkreis,2020-03-29,13,-0.5533,-0.3542,-0.3596
9862,DE11D,Ostalbkreis,2020-03-30,14,-0.2968,-0.3456,-0.2942
9863,DE11D,Ostalbkreis,2020-03-31,14,-0.3232,-0.3329,-0.2942
10650,DE121,"Baden-Baden, Stadtkreis",2020-03-01,9,0.0705,0.0213,-0.0375
10651,DE121,"Baden-Baden, Stadtkreis",2020-03-02,10,0.0609,0.0343,0.0574
10652,DE121,"Baden-Baden, Stadtkreis",2020-03-03,10,0.0639,0.0405,0.0574
10653,DE121,"Baden-Baden, Stadtkreis",2020-03-04,10,0.0472,0.0532,0.0574
10654,DE121,"Baden-Baden, Stadtkreis",2020-03-05,10,0.0346,0.0613,0.0574
10655,DE121,"Baden-Baden, Stadtkreis",2020-03-06,10,0.0418,0.0623,0.0574
10656,DE121,"Baden-Baden, Stadtkreis",2020-03-07,10,0.0533,0.0596,0.0574
10657,DE121,"Baden-Baden, Stadtkreis",2020-03-08,10,0.1276,0.0593,0.0574
10658,DE121,"Baden-Baden, Stadtkreis",2020-03-09,11,0.0677,0.0568,0.0078
10659,DE121,"Baden-Baden, Stadtkreis",2020-03-10,11,0.0453,0.0529,0.0078
10660,DE121,"Baden-Baden, Stadtkreis",2020-03-11,11,0.045,0.029,0.0078
10661,DE121,"Baden-Baden, Stadtkreis",2020-03-12,11,0.0171,0.0024,0.0078
10662,DE121,"Baden-Baden, Stadtkreis",2020-03-13,11,0.0143,-0.0118,0.0078
10663,DE121,"Baden-Baden, Stadtkreis",2020-03-14,11,-0.114,-0.0412,0.0078
10664,DE121,"Baden-Baden, Stadtkreis",2020-03-15,11,-0.0581,-0.0757,0.0078
10665,DE121,"Baden-Baden, Stadtkreis",2020-03-16,12,-0.0324,-0.1145,-0.2598
10666,DE121,"Baden-Baden, Stadtkreis",2020-03-17,12,-0.1599,-0.1554,-0.2598
10667,DE121,"Baden-Baden, Stadtkreis",2020-03-18,12,-0.197,-0.2161,-0.2598
10668,DE121,"Baden-Baden, Stadtkreis",2020-03-19,12,-0.2545,-0.2747,-0.2598
10669,DE121,"Baden-Baden, Stadtkreis",2020-03-20,12,-0.2719,-0.3191,-0.2598
10670,DE121,"Baden-Baden, Stadtkreis",2020-03-21,12,-0.5388,-0.348,-0.2598
10671,DE121,"Baden-Baden, Stadtkreis",2020-03-22,12,-0.4688,-0.3733,-0.2598
10672,DE121,"Baden-Baden, Stadtkreis",2020-03-23,13,-0.3432,-0.3906,-0.3907
10673,DE121,"Baden-Baden, Stadtkreis",2020-03-24,13,-0.3618,-0.4026,-0.3907
10674,DE121,"Baden-Baden, Stadtkreis",2020-03-25,13,-0.3746,-0.3841,-0.3907
10675,DE121,"Baden-Baden, Stadtkreis",2020-03-26,13,-0.3751,-0.402,-0.3907
10676,DE121,"Baden-Baden, Stadtkreis",2020-03-27,13,-0.3563,-0.3991,-0.3907
10677,DE121,"Baden-Baden, Stadtkreis",2020-03-28,13,-0.4091,-0.3956,-0.3907
10678,DE121,"Baden-Baden, Stadtkreis",2020-03-29,13,-0.594,-0.3893,-0.3907
10679,DE121,"Baden-Baden, Stadtkreis",2020-03-30,14,-0.323,-0.3847,-0.351
10680,DE121,"Baden-Baden, Stadtkreis",2020-03-31,14,-0.3369,-0.3782,-0.351
11467,DE122,"Karlsruhe, Stadtkreis",2020-03-01,9,0.029,0.026,-0.0243
11468,DE122,"Karlsruhe, Stadtkreis",2020-03-02,10,0.0263,0.0363,0.0438
11469,DE122,"Karlsruhe, Stadtkreis",2020-03-03,10,0.0646,0.0363,0.0438
11470,DE122,"Karlsruhe, Stadtkreis",2020-03-04,10,0.0568,0.0389,0.0438
11471,DE122,"Karlsruhe, Stadtkreis",2020-03-05,10,0.0324,0.0452,0.0438
11472,DE122,"Karlsruhe, Stadtkreis",2020-03-06,10,0.0379,0.0537,0.0438
11473,DE122,"Karlsruhe, Stadtkreis",2020-03-07,10,0.0252,0.045,0.0438
11474,DE122,"Karlsruhe, Stadtkreis",2020-03-08,10,0.073,0.0388,0.0438
11475,DE122,"Karlsruhe, Stadtkreis",2020-03-09,11,0.0861,0.0358,-0.0136
11476,DE122,"Karlsruhe, Stadtkreis",2020-03-10,11,0.0035,0.0285,-0.0136
11477,DE122,"Karlsruhe, Stadtkreis",2020-03-11,11,0.0132,0.0031,-0.0136
11478,DE122,"Karlsruhe, Stadtkreis",2020-03-12,11,0.0115,-0.0223,-0.0136
11479,DE122,"Karlsruhe, Stadtkreis",2020-03-13,11,-0.0129,-0.044,-0.0136
11480,DE122,"Karlsruhe, Stadtkreis",2020-03-14,11,-0.1524,-0.0752,-0.0136
11481,DE122,"Karlsruhe, Stadtkreis",2020-03-15,11,-0.1052,-0.116,-0.0136
11482,DE122,"Karlsruhe, Stadtkreis",2020-03-16,12,-0.0657,-0.1643,-0.3134
11483,DE122,"Karlsruhe, Stadtkreis",2020-03-17,12,-0.2153,-0.213,-0.3134
11484,DE122,"Karlsruhe, Stadtkreis",2020-03-18,12,-0.272,-0.2748,-0.3134
11485,DE122,"Karlsruhe, Stadtkreis",2020-03-19,12,-0.3265,-0.3289,-0.3134
11486,DE122,"Karlsruhe, Stadtkreis",2020-03-20,12,-0.3541,-0.3788,-0.3134
11487,DE122,"Karlsruhe, Stadtkreis",2020-03-21,12,-0.5845,-0.4101,-0.3134
11488,DE122,"Karlsruhe, Stadtkreis",2020-03-22,12,-0.4843,-0.4368,-0.3134
11489,DE122,"Karlsruhe, Stadtkreis",2020-03-23,13,-0.4149,-0.4555,-0.4533
11490,DE122,"Karlsruhe, Stadtkreis",2020-03-24,13,-0.4344,-0.4675,-0.4533
11491,DE122,"Karlsruhe, Stadtkreis",2020-03-25,13,-0.4586,-0.4468,-0.4533
11492,DE122,"Karlsruhe, Stadtkreis",2020-03-26,13,-0.4576,-0.4609,-0.4533
11493,DE122,"Karlsruhe, Stadtkreis",2020-03-27,13,-0.438,-0.4587,-0.4533
11494,DE122,"Karlsruhe, Stadtkreis",2020-03-28,13,-0.4399,-0.4554,-0.4533
11495,DE122,"Karlsruhe, Stadtkreis",2020-03-29,13,-0.5826,-0.4463,-0.4533
11496,DE122,"Karlsruhe, Stadtkreis",2020-03-30,14,-0.4001,-0.4365,-0.3844
11497,DE122,"Karlsruhe, Stadtkreis",2020-03-31,14,-0.4112,-0.4231,-0.3844
12284,DE123,"Karlsruhe, Landkreis",2020-03-01,9,-0.0206,0.0113,-0.0341
12285,DE123,"Karlsruhe, Landkreis",2020-03-02,10,0.0477,0.0242,0.0362
12286,DE123,"Karlsruhe, Landkreis",2020-03-03,10,0.0407,0.0279,0.0362
12287,DE123,"Karlsruhe, Landkreis",2020-03-04,10,0.0442,0.0275,0.0362
12288,DE123,"Karlsruhe, Landkreis",2020-03-05,10,0.035,0.0361,0.0362
12289,DE123,"Karlsruhe, Landkreis",2020-03-06,10,0.0289,0.0396,0.0362
12290,DE123,"Karlsruhe, Landkreis",2020-03-07,10,0.0167,0.0346,0.0362
12291,DE123,"Karlsruhe, Landkreis",2020-03-08,10,0.0394,0.034,0.0362
12292,DE123,"Karlsruhe, Landkreis",2020-03-09,11,0.0724,0.0347,0.0175
12293,DE123,"Karlsruhe, Landkreis",2020-03-10,11,0.0056,0.0353,0.0175
12294,DE123,"Karlsruhe, Landkreis",2020-03-11,11,0.0398,0.0236,0.0175
12295,DE123,"Karlsruhe, Landkreis",2020-03-12,11,0.0399,0.0133,0.0175
12296,DE123,"Karlsruhe, Landkreis",2020-03-13,11,0.0331,0.0087,0.0175
12297,DE123,"Karlsruhe, Landkreis",2020-03-14,11,-0.0651,-0.0091,0.0175
12298,DE123,"Karlsruhe, Landkreis",2020-03-15,11,-0.0322,-0.036,0.0175
12299,DE123,"Karlsruhe, Landkreis",2020-03-16,12,0.0396,-0.0683,-0.2179
12300,DE123,"Karlsruhe, Landkreis",2020-03-17,12,-0.1191,-0.1049,-0.2179
12301,DE123,"Karlsruhe, Landkreis",2020-03-18,12,-0.1482,-0.171,-0.2179
12302,DE123,"Karlsruhe, Landkreis",2020-03-19,12,-0.186,-0.2367,-0.2179
12303,DE123,"Karlsruhe, Landkreis",2020-03-20,12,-0.2232,-0.2848,-0.2179
12304,DE123,"Karlsruhe, Landkreis",2020-03-21,12,-0.5284,-0.3146,-0.2179
12305,DE123,"Karlsruhe, Landkreis",2020-03-22,12,-0.4919,-0.3413,-0.2179
12306,DE123,"Karlsruhe, Landkreis",2020-03-23,13,-0.2971,-0.3623,-0.3432
12307,DE123,"Karlsruhe, Landkreis",2020-03-24,13,-0.3274,-0.3758,-0.3432
12308,DE123,"Karlsruhe, Landkreis",2020-03-25,13,-0.335,-0.345,-0.3432
12309,DE123,"Karlsruhe, Landkreis",2020-03-26,13,-0.3331,-0.3534,-0.3432
12310,DE123,"Karlsruhe, Landkreis",2020-03-27,13,-0.3175,-0.3492,-0.3432
12311,DE123,"Karlsruhe, Landkreis",2020-03-28,13,-0.3133,-0.3442,-0.3432
12312,DE123,"Karlsruhe, Landkreis",2020-03-29,13,-0.5501,-0.335,-0.3432
12313,DE123,"Karlsruhe, Landkreis",2020-03-30,14,-0.2683,-0.3248,-0.27
12314,DE123,"Karlsruhe, Landkreis",2020-03-31,14,-0.2924,-0.3122,-0.27
13101,DE124,Rastatt,2020-03-01,9,0.0719,0.0492,-0.0041
13102,DE124,Rastatt,2020-03-02,10,0.072,0.0591,0.0684
13103,DE124,Rastatt,2020-03-03,10,0.0792,0.0626,0.0684
13104,DE124,Rastatt,2020-03-04,10,0.0686,0.0632,0.0684
13105,DE124,Rastatt,2020-03-05,10,0.0448,0.0714,0.0684
13106,DE124,Rastatt,2020-03-06,10,0.0555,0.0745,0.0684
13107,DE124,Rastatt,2020-03-07,10,0.0504,0.0698,0.0684
13108,DE124,Rastatt,2020-03-08,10,0.1296,0.0668,0.0684
13109,DE124,Rastatt,2020-03-09,11,0.0937,0.0654,0.0385
13110,DE124,Rastatt,2020-03-10,11,0.0462,0.0641,0.0385
13111,DE124,Rastatt,2020-03-11,11,0.0472,0.0507,0.0385
13112,DE124,Rastatt,2020-03-12,11,0.0354,0.0366,0.0385
13113,DE124,Rastatt,2020-03-13,11,0.0463,0.028,0.0385
13114,DE124,Rastatt,2020-03-14,11,-0.0435,0.0084,0.0385
13115,DE124,Rastatt,2020-03-15,11,0.0309,-0.0167,0.0385
13116,DE124,Rastatt,2020-03-16,12,0.0333,-0.0486,-0.1864
13117,DE124,Rastatt,2020-03-17,12,-0.0904,-0.0854,-0.1864
13118,DE124,Rastatt,2020-03-18,12,-0.1287,-0.1416,-0.1864
13119,DE124,Rastatt,2020-03-19,12,-0.1878,-0.2011,-0.1864
13120,DE124,Rastatt,2020-03-20,12,-0.2114,-0.251,-0.1864
13121,DE124,Rastatt,2020-03-21,12,-0.4369,-0.2853,-0.1864
13122,DE124,Rastatt,2020-03-22,12,-0.3856,-0.3168,-0.1864
13123,DE124,Rastatt,2020-03-23,13,-0.316,-0.3381,-0.3408
13124,DE124,Rastatt,2020-03-24,13,-0.3305,-0.3523,-0.3408
13125,DE124,Rastatt,2020-03-25,13,-0.3498,-0.3307,-0.3408
13126,DE124,Rastatt,2020-03-26,13,-0.3367,-0.3489,-0.3408
13127,DE124,Rastatt,2020-03-27,13,-0.3104,-0.3447,-0.3408
13128,DE124,Rastatt,2020-03-28,13,-0.2857,-0.3387,-0.3408
13129,DE124,Rastatt,2020-03-29,13,-0.5135,-0.3265,-0.3408
13130,DE124,Rastatt,2020-03-30,14,-0.2862,-0.3161,-0.2642
13131,DE124,Rastatt,2020-03-31,14,-0.289,-0.3062,-0.2642
13918,DE125,"Heidelberg, Stadtkreis",2020-03-01,9,-0.039,-0.0436,-0.1028
13919,DE125,"Heidelberg, Stadtkreis",2020-03-02,10,-0.0161,-0.0259,-0.0036
13920,DE125,"Heidelberg, Stadtkreis",2020-03-03,10,0.0193,-0.017,-0.0036
13921,DE125,"Heidelberg, Stadtkreis",2020-03-04,10,0.0223,-0.0099,-0.0036
13922,DE125,"Heidelberg, Stadtkreis",2020-03-05,10,-0.0021,-0.0041,-0.0036
13923,DE125,"Heidelberg, Stadtkreis",2020-03-06,10,-0.0219,0.0073,-0.0036
13924,DE125,"Heidelberg, Stadtkreis",2020-03-07,10,-0.0321,-0.0026,-0.0036
13925,DE125,"Heidelberg, Stadtkreis",2020-03-08,10,0.0022,-0.0067,-0.0036
13926,DE125,"Heidelberg, Stadtkreis",2020-03-09,11,0.0635,-0.0065,-0.0418
13927,DE125,"Heidelberg, Stadtkreis",2020-03-10,11,-0.0503,-0.0086,-0.0418
13928,DE125,"Heidelberg, Stadtkreis",2020-03-11,11,-0.0064,-0.0319,-0.0418
13929,DE125,"Heidelberg, Stadtkreis",2020-03-12,11,-0.0003,-0.051,-0.0418
13930,DE125,"Heidelberg, Stadtkreis",2020-03-13,11,-0.0369,-0.0766,-0.0418
13931,DE125,"Heidelberg, Stadtkreis",2020-03-14,11,-0.1949,-0.1094,-0.0418
13932,DE125,"Heidelberg, Stadtkreis",2020-03-15,11,-0.1319,-0.1581,-0.0418
13933,DE125,"Heidelberg, Stadtkreis",2020-03-16,12,-0.1156,-0.2138,-0.3673
13934,DE125,"Heidelberg, Stadtkreis",2020-03-17,12,-0.2794,-0.2697,-0.3673
13935,DE125,"Heidelberg, Stadtkreis",2020-03-18,12,-0.3473,-0.3278,-0.3673
13936,DE125,"Heidelberg, Stadtkreis",2020-03-19,12,-0.3905,-0.3792,-0.3673
13937,DE125,"Heidelberg, Stadtkreis",2020-03-20,12,-0.428,-0.429,-0.3673
13938,DE125,"Heidelberg, Stadtkreis",2020-03-21,12,-0.6016,-0.4591,-0.3673
13939,DE125,"Heidelberg, Stadtkreis",2020-03-22,12,-0.4918,-0.4826,-0.3673
13940,DE125,"Heidelberg, Stadtkreis",2020-03-23,13,-0.464,-0.5006,-0.5076
13941,DE125,"Heidelberg, Stadtkreis",2020-03-24,13,-0.4906,-0.5105,-0.5076
13942,DE125,"Heidelberg, Stadtkreis",2020-03-25,13,-0.5116,-0.4967,-0.5076
13943,DE125,"Heidelberg, Stadtkreis",2020-03-26,13,-0.5165,-0.5135,-0.5076
13944,DE125,"Heidelberg, Stadtkreis",2020-03-27,13,-0.4975,-0.5142,-0.5076
13945,DE125,"Heidelberg, Stadtkreis",2020-03-28,13,-0.5052,-0.5138,-0.5076
13946,DE125,"Heidelberg, Stadtkreis",2020-03-29,13,-0.6091,-0.5087,-0.5076
13947,DE125,"Heidelberg, Stadtkreis",2020-03-30,14,-0.4689,-0.4992,-0.4529
13948,DE125,"Heidelberg, Stadtkreis",2020-03-31,14,-0.4881,-0.4861,-0.4529
14735,DE126,"Mannheim, Stadtkreis",2020-03-01,9,0.0029,-0.0119,-0.0397
14736,DE126,"Mannheim, Stadtkreis",2020-03-02,10,-0.049,-0.003,-0.0073
14737,DE126,"Mannheim, Stadtkreis",2020-03-03,10,-0.008,-0.0014,-0.0073
14738,DE126,"Mannheim, Stadtkreis",2020-03-04,10,0.016,-0.0073,-0.0073
14739,DE126,"Mannheim, Stadtkreis",2020-03-05,10,-0.0036,-0.0068,-0.0073
14740,DE126,"Mannheim, Stadtkreis",2020-03-06,10,-0.0023,0.0077,-0.0073
14741,DE126,"Mannheim, Stadtkreis",2020-03-07,10,-0.0069,0.0005,-0.0073
14742,DE126,"Mannheim, Stadtkreis",2020-03-08,10,0.0061,-0.0063,-0.0073
14743,DE126,"Mannheim, Stadtkreis",2020-03-09,11,0.0524,-0.0086,-0.0589
14744,DE126,"Mannheim, Stadtkreis",2020-03-10,11,-0.0585,-0.013,-0.0589
14745,DE126,"Mannheim, Stadtkreis",2020-03-11,11,-0.0313,-0.0388,-0.0589
14746,DE126,"Mannheim, Stadtkreis",2020-03-12,11,-0.02,-0.0707,-0.0589
14747,DE126,"Mannheim, Stadtkreis",2020-03-13,11,-0.0325,-0.0954,-0.0589
14748,DE126,"Mannheim, Stadtkreis",2020-03-14,11,-0.1877,-0.1244,-0.0589
14749,DE126,"Mannheim, Stadtkreis",2020-03-15,11,-0.2174,-0.1642,-0.0589
14750,DE126,"Mannheim, Stadtkreis",2020-03-16,12,-0.1203,-0.2117,-0.3493
14751,DE126,"Mannheim, Stadtkreis",2020-03-17,12,-0.2617,-0.262,-0.3493
14752,DE126,"Mannheim, Stadtkreis",2020-03-18,12,-0.3101,-0.3184,-0.3493
14753,DE126,"Mannheim, Stadtkreis",2020-03-19,12,-0.352,-0.3639,-0.3493
14754,DE126,"Mannheim, Stadtkreis",2020-03-20,12,-0.3851,-0.4095,-0.3493
14755,DE126,"Mannheim, Stadtkreis",2020-03-21,12,-0.5819,-0.4385,-0.3493
14756,DE126,"Mannheim, Stadtkreis",2020-03-22,12,-0.536,-0.4626,-0.3493
14757,DE126,"Mannheim, Stadtkreis",2020-03-23,13,-0.4395,-0.48,-0.4787
14758,DE126,"Mannheim, Stadtkreis",2020-03-24,13,-0.4651,-0.49,-0.4787
14759,DE126,"Mannheim, Stadtkreis",2020-03-25,13,-0.4783,-0.4767,-0.4787
14760,DE126,"Mannheim, Stadtkreis",2020-03-26,13,-0.4738,-0.4862,-0.4787
14761,DE126,"Mannheim, Stadtkreis",2020-03-27,13,-0.4552,-0.4847,-0.4787
14762,DE126,"Mannheim, Stadtkreis",2020-03-28,13,-0.4889,-0.481,-0.4787
14763,DE126,"Mannheim, Stadtkreis",2020-03-29,13,-0.6026,-0.4724,-0.4787
14764,DE126,"Mannheim, Stadtkreis",2020-03-30,14,-0.4288,-0.4582,-0.4022
14765,DE126,"Mannheim, Stadtkreis",2020-03-31,14,-0.4396,-0.4394,-0.4022
15552,DE127,Neckar-Odenwald-Kreis,2020-03-01,9,-0.1121,-0.1022,-0.1914
15553,DE127,Neckar-Odenwald-Kreis,2020-03-02,10,-0.0077,-0.0847,-0.0552
15554,DE127,Neckar-Odenwald-Kreis,2020-03-03,10,-0.0284,-0.0709,-0.0552
15555,DE127,Neckar-Odenwald-Kreis,2020-03-04,10,-0.0582,-0.0633,-0.0552
15556,DE127,Neckar-Odenwald-Kreis,2020-03-05,10,-0.0884,-0.0549,-0.0552
15557,DE127,Neckar-Odenwald-Kreis,2020-03-06,10,-0.0837,-0.0572,-0.0552
15558,DE127,Neckar-Odenwald-Kreis,2020-03-07,10,-0.0643,-0.0618,-0.0552
15559,DE127,Neckar-Odenwald-Kreis,2020-03-08,10,-0.0537,-0.0608,-0.0552
15560,DE127,Neckar-Odenwald-Kreis,2020-03-09,11,-0.0234,-0.0559,-0.067
15561,DE127,Neckar-Odenwald-Kreis,2020-03-10,11,-0.0606,-0.0531,-0.067
15562,DE127,Neckar-Odenwald-Kreis,2020-03-11,11,-0.0515,-0.0624,-0.067
15563,DE127,Neckar-Odenwald-Kreis,2020-03-12,11,-0.0536,-0.0714,-0.067
15564,DE127,Neckar-Odenwald-Kreis,2020-03-13,11,-0.0644,-0.0729,-0.067
15565,DE127,Neckar-Odenwald-Kreis,2020-03-14,11,-0.1293,-0.0945,-0.067
15566,DE127,Neckar-Odenwald-Kreis,2020-03-15,11,-0.117,-0.123,-0.067
15567,DE127,Neckar-Odenwald-Kreis,2020-03-16,12,-0.0341,-0.156,-0.2814
15568,DE127,Neckar-Odenwald-Kreis,2020-03-17,12,-0.2112,-0.1921,-0.2814
15569,DE127,Neckar-Odenwald-Kreis,2020-03-18,12,-0.2515,-0.2459,-0.2814
15570,DE127,Neckar-Odenwald-Kreis,2020-03-19,12,-0.2845,-0.2974,-0.2814
15571,DE127,Neckar-Odenwald-Kreis,2020-03-20,12,-0.3171,-0.3459,-0.2814
15572,DE127,Neckar-Odenwald-Kreis,2020-03-21,12,-0.5061,-0.3672,-0.2814
15573,DE127,Neckar-Odenwald-Kreis,2020-03-22,12,-0.4777,-0.3879,-0.2814
15574,DE127,Neckar-Odenwald-Kreis,2020-03-23,13,-0.3733,-0.4027,-0.3932
15575,DE127,Neckar-Odenwald-Kreis,2020-03-24,13,-0.36,-0.409,-0.3932
15576,DE127,Neckar-Odenwald-Kreis,2020-03-25,13,-0.3965,-0.3917,-0.3932
15577,DE127,Neckar-Odenwald-Kreis,2020-03-26,13,-0.3882,-0.4022,-0.3932
15578,DE127,Neckar-Odenwald-Kreis,2020-03-27,13,-0.3614,-0.3999,-0.3932
15579,DE127,Neckar-Odenwald-Kreis,2020-03-28,13,-0.3848,-0.4009,-0.3932
15580,DE127,Neckar-Odenwald-Kreis,2020-03-29,13,-0.5511,-0.3902,-0.3932
15581,DE127,Neckar-Odenwald-Kreis,2020-03-30,14,-0.3575,-0.3813,-0.3341
15582,DE127,Neckar-Odenwald-Kreis,2020-03-31,14,-0.3671,-0.3695,-0.3341
16369,DE128,Rhein-Neckar-Kreis,2020-03-01,9,-0.0321,-0.0217,-0.064
16370,DE128,Rhein-Neckar-Kreis,2020-03-02,10,-0.0128,-0.0065,0.0077
16371,DE128,Rhein-Neckar-Kreis,2020-03-03,10,0.0193,-0.0007,0.0077
16372,DE128,Rhein-Neckar-Kreis,2020-03-04,10,0.0256,0.0004,0.0077
16373,DE128,Rhein-Neckar-Kreis,2020-03-05,10,0.0124,0.0084,0.0077
16374,DE128,Rhein-Neckar-Kreis,2020-03-06,10,-0.0073,0.0166,0.0077
16375,DE128,Rhein-Neckar-Kreis,2020-03-07,10,-0.0023,0.0088,0.0077
16376,DE128,Rhein-Neckar-Kreis,2020-03-08,10,0.0236,0.0049,0.0077
16377,DE128,Rhein-Neckar-Kreis,2020-03-09,11,0.0448,0.0045,-0.0239
16378,DE128,Rhein-Neckar-Kreis,2020-03-10,11,-0.0353,0.0045,-0.0239
16379,DE128,Rhein-Neckar-Kreis,2020-03-11,11,-0.0019,-0.0137,-0.0239
16380,DE128,Rhein-Neckar-Kreis,2020-03-12,11,0.0098,-0.0278,-0.0239
16381,DE128,Rhein-Neckar-Kreis,2020-03-13,11,-0.0072,-0.0399,-0.0239
16382,DE128,Rhein-Neckar-Kreis,2020-03-14,11,-0.1297,-0.0594,-0.0239
16383,DE128,Rhein-Neckar-Kreis,2020-03-15,11,-0.0752,-0.0895,-0.0239
16384,DE128,Rhein-Neckar-Kreis,2020-03-16,12,-0.0397,-0.126,-0.2598
16385,DE128,Rhein-Neckar-Kreis,2020-03-17,12,-0.1719,-0.1671,-0.2598
16386,DE128,Rhein-Neckar-Kreis,2020-03-18,12,-0.213,-0.2187,-0.2598
16387,DE128,Rhein-Neckar-Kreis,2020-03-19,12,-0.2451,-0.2701,-0.2598
16388,DE128,Rhein-Neckar-Kreis,2020-03-20,12,-0.2949,-0.3138,-0.2598
16389,DE128,Rhein-Neckar-Kreis,2020-03-21,12,-0.4911,-0.3405,-0.2598
16390,DE128,Rhein-Neckar-Kreis,2020-03-22,12,-0.4354,-0.3624,-0.2598
16391,DE128,Rhein-Neckar-Kreis,2020-03-23,13,-0.3451,-0.3792,-0.3737
16392,DE128,Rhein-Neckar-Kreis,2020-03-24,13,-0.359,-0.3877,-0.3737
16393,DE128,Rhein-Neckar-Kreis,2020-03-25,13,-0.3666,-0.3685,-0.3737
16394,DE128,Rhein-Neckar-Kreis,2020-03-26,13,-0.3625,-0.3806,-0.3737
16395,DE128,Rhein-Neckar-Kreis,2020-03-27,13,-0.3545,-0.3762,-0.3737
16396,DE128,Rhein-Neckar-Kreis,2020-03-28,13,-0.3568,-0.3722,-0.3737
16397,DE128,Rhein-Neckar-Kreis,2020-03-29,13,-0.5199,-0.3623,-0.3737
16398,DE128,Rhein-Neckar-Kreis,2020-03-30,14,-0.3141,-0.3477,-0.2875
16399,DE128,Rhein-Neckar-Kreis,2020-03-31,14,-0.3311,-0.3308,-0.2875
17186,DE129,"Pforzheim, Stadtkreis",2020-03-01,9,0.0348,0.0179,-0.0366
17187,DE129,"Pforzheim, Stadtkreis",2020-03-02,10,0.0513,0.0343,0.045
17188,DE129,"Pforzheim, Stadtkreis",2020-03-03,10,0.0539,0.0423,0.045
17189,DE129,"Pforzheim, Stadtkreis",2020-03-04,10,0.054,0.0399,0.045
17190,DE129,"Pforzheim, Stadtkreis",2020-03-05,10,0.0395,0.0469,0.045
17191,DE129,"Pforzheim, Stadtkreis",2020-03-06,10,0.0245,0.0542,0.045
17192,DE129,"Pforzheim, Stadtkreis",2020-03-07,10,0.0216,0.0503,0.045
17193,DE129,"Pforzheim, Stadtkreis",2020-03-08,10,0.0837,0.0478,0.045
17194,DE129,"Pforzheim, Stadtkreis",2020-03-09,11,0.102,0.0474,0.0189
17195,DE129,"Pforzheim, Stadtkreis",2020-03-10,11,0.0268,0.0476,0.0189
17196,DE129,"Pforzheim, Stadtkreis",2020-03-11,11,0.0367,0.032,0.0189
17197,DE129,"Pforzheim, Stadtkreis",2020-03-12,11,0.0364,0.0132,0.0189
17198,DE129,"Pforzheim, Stadtkreis",2020-03-13,11,0.026,0.0026,0.0189
17199,DE129,"Pforzheim, Stadtkreis",2020-03-14,11,-0.0874,-0.0207,0.0189
17200,DE129,"Pforzheim, Stadtkreis",2020-03-15,11,-0.0482,-0.0524,0.0189
17201,DE129,"Pforzheim, Stadtkreis",2020-03-16,12,0.0279,-0.0889,-0.2239
17202,DE129,"Pforzheim, Stadtkreis",2020-03-17,12,-0.1363,-0.1299,-0.2239
17203,DE129,"Pforzheim, Stadtkreis",2020-03-18,12,-0.1855,-0.1849,-0.2239
17204,DE129,"Pforzheim, Stadtkreis",2020-03-19,12,-0.2185,-0.2389,-0.2239
17205,DE129,"Pforzheim, Stadtkreis",2020-03-20,12,-0.2611,-0.2876,-0.2239
17206,DE129,"Pforzheim, Stadtkreis",2020-03-21,12,-0.4727,-0.3165,-0.2239
17207,DE129,"Pforzheim, Stadtkreis",2020-03-22,12,-0.4262,-0.3406,-0.2239
17208,DE129,"Pforzheim, Stadtkreis",2020-03-23,13,-0.3131,-0.36,-0.3584
17209,DE129,"Pforzheim, Stadtkreis",2020-03-24,13,-0.3383,-0.3708,-0.3584
17210,DE129,"Pforzheim, Stadtkreis",2020-03-25,13,-0.3545,-0.3544,-0.3584
17211,DE129,"Pforzheim, Stadtkreis",2020-03-26,13,-0.3539,-0.3674,-0.3584
17212,DE129,"Pforzheim, Stadtkreis",2020-03-27,13,-0.3367,-0.3646,-0.3584
17213,DE129,"Pforzheim, Stadtkreis",2020-03-28,13,-0.3579,-0.3622,-0.3584
17214,DE129,"Pforzheim, Stadtkreis",2020-03-29,13,-0.5174,-0.352,-0.3584
17215,DE129,"Pforzheim, Stadtkreis",2020-03-30,14,-0.2937,-0.3414,-0.2911
17216,DE129,"Pforzheim, Stadtkreis",2020-03-31,14,-0.3213,-0.3275,-0.2911
18003,DE12A,Calw,2020-03-01,9,0.0681,0.0436,-0.0089
18004,DE12A,Calw,2020-03-02,10,0.0923,0.0647,0.0746
18005,DE12A,Calw,2020-03-03,10,0.0892,0.073,0.0746
18006,DE12A,Calw,2020-03-04,10,0.0947,0.071,0.0746
18007,DE12A,Calw,2020-03-05,10,0.0641,0.0754,0.0746
18008,DE12A,Calw,2020-03-06,10,0.0646,0.0794,0.0746
18009,DE12A,Calw,2020-03-07,10,0.0241,0.0724,0.0746
18010,DE12A,Calw,2020-03-08,10,0.0991,0.068,0.0746
18011,DE12A,Calw,2020-03-09,11,0.1203,0.0679,0.0515
18012,DE12A,Calw,2020-03-10,11,0.0399,0.0692,0.0515
18013,DE12A,Calw,2020-03-11,11,0.0643,0.0565,0.0515
18014,DE12A,Calw,2020-03-12,11,0.0634,0.0509,0.0515
18015,DE12A,Calw,2020-03-13,11,0.0732,0.0431,0.0515
18016,DE12A,Calw,2020-03-14,11,-0.0643,0.0223,0.0515
18017,DE12A,Calw,2020-03-15,11,0.0594,-0.007,0.0515
18018,DE12A,Calw,2020-03-16,12,0.0658,-0.0414,-0.2099
18019,DE12A,Calw,2020-03-17,12,-0.1055,-0.0829,-0.2099
18020,DE12A,Calw,2020-03-18,12,-0.1407,-0.1441,-0.2099
18021,DE12A,Calw,2020-03-19,12,-0.1777,-0.2222,-0.2099
18022,DE12A,Calw,2020-03-20,12,-0.2173,-0.2765,-0.2099
18023,DE12A,Calw,2020-03-21,12,-0.4927,-0.3075,-0.2099
18024,DE12A,Calw,2020-03-22,12,-0.4872,-0.3341,-0.2099
18025,DE12A,Calw,2020-03-23,13,-0.3142,-0.3547,-0.3469
18026,DE12A,Calw,2020-03-24,13,-0.323,-0.3679,-0.3469
18027,DE12A,Calw,2020-03-25,13,-0.3266,-0.3408,-0.3469
18028,DE12A,Calw,2020-03-26,13,-0.322,-0.3573,-0.3469
18029,DE12A,Calw,2020-03-27,13,-0.31,-0.351,-0.3469
18030,DE12A,Calw,2020-03-28,13,-0.3026,-0.3456,-0.3469
18031,DE12A,Calw,2020-03-29,13,-0.6028,-0.3349,-0.3469
18032,DE12A,Calw,2020-03-30,14,-0.2703,-0.3245,-0.2644
18033,DE12A,Calw,2020-03-31,14,-0.2851,-0.3129,-0.2644
18820,DE12B,Enzkreis,2020-03-01,9,0.03,0.0074,-0.0269
18821,DE12B,Enzkreis,2020-03-02,10,0.0304,0.0224,0.0328
18822,DE12B,Enzkreis,2020-03-03,10,0.0195,0.0309,0.0328
18823,DE12B,Enzkreis,2020-03-04,10,0.0418,0.03,0.0328
18824,DE12B,Enzkreis,2020-03-05,10,0.0349,0.0338,0.0328
18825,DE12B,Enzkreis,2020-03-06,10,0.032,0.0393,0.0328
18826,DE12B,Enzkreis,2020-03-07,10,0.021,0.0373,0.0328
18827,DE12B,Enzkreis,2020-03-08,10,0.0568,0.034,0.0328
18828,DE12B,Enzkreis,2020-03-09,11,0.0693,0.0339,0.0196
18829,DE12B,Enzkreis,2020-03-10,11,0.0056,0.0353,0.0196
18830,DE12B,Enzkreis,2020-03-11,11,0.0186,0.025,0.0196
18831,DE12B,Enzkreis,2020-03-12,11,0.0338,0.0176,0.0196
18832,DE12B,Enzkreis,2020-03-13,11,0.0424,0.0186,0.0196
18833,DE12B,Enzkreis,2020-03-14,11,-0.0516,0.0077,0.0196
18834,DE12B,Enzkreis,2020-03-15,11,0.0054,-0.0099,0.0196
18835,DE12B,Enzkreis,2020-03-16,12,0.0762,-0.0345,-0.1579
18836,DE12B,Enzkreis,2020-03-17,12,-0.071,-0.0631,-0.1579
18837,DE12B,Enzkreis,2020-03-18,12,-0.1044,-0.1174,-0.1579
18838,DE12B,Enzkreis,2020-03-19,12,-0.1386,-0.173,-0.1579
18839,DE12B,Enzkreis,2020-03-20,12,-0.1578,-0.2198,-0.1579
18840,DE12B,Enzkreis,2020-03-21,12,-0.432,-0.2475,-0.1579
18841,DE12B,Enzkreis,2020-03-22,12,-0.3836,-0.2712,-0.1579
18842,DE12B,Enzkreis,2020-03-23,13,-0.2514,-0.2894,-0.2832
18843,DE12B,Enzkreis,2020-03-24,13,-0.2645,-0.3025,-0.2832
18844,DE12B,Enzkreis,2020-03-25,13,-0.2708,-0.2747,-0.2832
18845,DE12B,Enzkreis,2020-03-26,13,-0.2656,-0.2944,-0.2832
18846,DE12B,Enzkreis,2020-03-27,13,-0.2496,-0.2894,-0.2832
18847,DE12B,Enzkreis,2020-03-28,13,-0.2373,-0.2873,-0.2832
18848,DE12B,Enzkreis,2020-03-29,13,-0.5214,-0.2768,-0.2832
18849,DE12B,Enzkreis,2020-03-30,14,-0.2165,-0.2683,-0.2103
18850,DE12B,Enzkreis,2020-03-31,14,-0.2496,-0.2574,-0.2103
19637,DE12C,Freudenstadt,2020-03-01,9,0.1297,0.1569,0.0755
19638,DE12C,Freudenstadt,2020-03-02,10,0.2426,0.1842,0.2097
19639,DE12C,Freudenstadt,2020-03-03,10,0.2389,0.1956,0.2097
19640,DE12C,Freudenstadt,2020-03-04,10,0.2297,0.1982,0.2097
19641,DE12C,Freudenstadt,2020-03-05,10,0.1899,0.2089,0.2097
19642,DE12C,Freudenstadt,2020-03-06,10,0.1894,0.209,0.2097
19643,DE12C,Freudenstadt,2020-03-07,10,0.1668,0.2016,0.2097
19644,DE12C,Freudenstadt,2020-03-08,10,0.2048,0.1989,0.2097
19645,DE12C,Freudenstadt,2020-03-09,11,0.2431,0.2012,0.1902
19646,DE12C,Freudenstadt,2020-03-10,11,0.1872,0.2058,0.1902
19647,DE12C,Freudenstadt,2020-03-11,11,0.2109,0.1952,0.1902
19648,DE12C,Freudenstadt,2020-03-12,11,0.2058,0.185,0.1902
19649,DE12C,Freudenstadt,2020-03-13,11,0.2217,0.1658,0.1902
19650,DE12C,Freudenstadt,2020-03-14,11,0.0929,0.1373,0.1902
19651,DE12C,Freudenstadt,2020-03-15,11,0.1335,0.1011,0.1902
19652,DE12C,Freudenstadt,2020-03-16,12,0.1089,0.0598,-0.1076
19653,DE12C,Freudenstadt,2020-03-17,12,-0.0124,0.0077,-0.1076
19654,DE12C,Freudenstadt,2020-03-18,12,-0.0423,-0.055,-0.1076
19655,DE12C,Freudenstadt,2020-03-19,12,-0.0833,-0.1245,-0.1076
19656,DE12C,Freudenstadt,2020-03-20,12,-0.1436,-0.1662,-0.1076
19657,DE12C,Freudenstadt,2020-03-21,12,-0.3455,-0.1936,-0.1076
19658,DE12C,Freudenstadt,2020-03-22,12,-0.3531,-0.2198,-0.1076
19659,DE12C,Freudenstadt,2020-03-23,13,-0.1832,-0.2395,-0.2309
19660,DE12C,Freudenstadt,2020-03-24,13,-0.204,-0.2475,-0.2309
19661,DE12C,Freudenstadt,2020-03-25,13,-0.2261,-0.2228,-0.2309
19662,DE12C,Freudenstadt,2020-03-26,13,-0.2211,-0.2438,-0.2309
19663,DE12C,Freudenstadt,2020-03-27,13,-0.1994,-0.2429,-0.2309
19664,DE12C,Freudenstadt,2020-03-28,13,-0.1726,-0.2386,-0.2309
19665,DE12C,Freudenstadt,2020-03-29,13,-0.5002,-0.2238,-0.2309
19666,DE12C,Freudenstadt,2020-03-30,14,-0.1767,-0.2081,-0.1348
19667,DE12C,Freudenstadt,2020-03-31,14,-0.1741,-0.189,-0.1348
20454,DE131,"Freiburg im Breisgau, Stadtkreis",2020-03-01,9,0.062,0.0337,-0.043
20455,DE131,"Freiburg im Breisgau, Stadtkreis",2020-03-02,10,0.097,0.0465,0.0802
20456,DE131,"Freiburg im Breisgau, Stadtkreis",2020-03-03,10,0.0886,0.0568,0.0802
20457,DE131,"Freiburg im Breisgau, Stadtkreis",2020-03-04,10,0.084,0.0722,0.0802
20458,DE131,"Freiburg im Breisgau, Stadtkreis",2020-03-05,10,0.0392,0.0843,0.0802
20459,DE131,"Freiburg im Breisgau, Stadtkreis",2020-03-06,10,0.065,0.0894,0.0802
20460,DE131,"Freiburg im Breisgau, Stadtkreis",2020-03-07,10,0.07,0.0798,0.0802
20461,DE131,"Freiburg im Breisgau, Stadtkreis",2020-03-08,10,0.146,0.076,0.0802
20462,DE131,"Freiburg im Breisgau, Stadtkreis",2020-03-09,11,0.133,0.0755,0.0208
20463,DE131,"Freiburg im Breisgau, Stadtkreis",2020-03-10,11,0.0211,0.0718,0.0208
20464,DE131,"Freiburg im Breisgau, Stadtkreis",2020-03-11,11,0.0581,0.0414,0.0208
20465,DE131,"Freiburg im Breisgau, Stadtkreis",2020-03-12,11,0.0357,0.0151,0.0208
20466,DE131,"Freiburg im Breisgau, Stadtkreis",2020-03-13,11,0.0385,-0.0032,0.0208
20467,DE131,"Freiburg im Breisgau, Stadtkreis",2020-03-14,11,-0.1427,-0.0338,0.0208
20468,DE131,"Freiburg im Breisgau, Stadtkreis",2020-03-15,11,-0.0377,-0.0756,0.0208
20469,DE131,"Freiburg im Breisgau, Stadtkreis",2020-03-16,12,0.0043,-0.1233,-0.2832
20470,DE131,"Freiburg im Breisgau, Stadtkreis",2020-03-17,12,-0.193,-0.1739,-0.2832
20471,DE131,"Freiburg im Breisgau, Stadtkreis",2020-03-18,12,-0.2345,-0.2371,-0.2832
20472,DE131,"Freiburg im Breisgau, Stadtkreis",2020-03-19,12,-0.2979,-0.2957,-0.2832
20473,DE131,"Freiburg im Breisgau, Stadtkreis",2020-03-20,12,-0.3162,-0.3493,-0.2832
20474,DE131,"Freiburg im Breisgau, Stadtkreis",2020-03-21,12,-0.5849,-0.3806,-0.2832
20475,DE131,"Freiburg im Breisgau, Stadtkreis",2020-03-22,12,-0.4479,-0.4076,-0.2832
20476,DE131,"Freiburg im Breisgau, Stadtkreis",2020-03-23,13,-0.3707,-0.4269,-0.4271
20477,DE131,"Freiburg im Breisgau, Stadtkreis",2020-03-24,13,-0.4122,-0.4397,-0.4271
20478,DE131,"Freiburg im Breisgau, Stadtkreis",2020-03-25,13,-0.4231,-0.4168,-0.4271
20479,DE131,"Freiburg im Breisgau, Stadtkreis",2020-03-26,13,-0.4335,-0.4355,-0.4271
20480,DE131,"Freiburg im Breisgau, Stadtkreis",2020-03-27,13,-0.4058,-0.4344,-0.4271
20481,DE131,"Freiburg im Breisgau, Stadtkreis",2020-03-28,13,-0.4245,-0.4284,-0.4271
20482,DE131,"Freiburg im Breisgau, Stadtkreis",2020-03-29,13,-0.5785,-0.4194,-0.4271
20483,DE131,"Freiburg im Breisgau, Stadtkreis",2020-03-30,14,-0.3636,-0.4101,-0.3535
20484,DE131,"Freiburg im Breisgau, Stadtkreis",2020-03-31,14,-0.3701,-0.3973,-0.3535
21271,DE132,Breisgau-Hochschwarzwald,2020-03-01,9,-0.0119,0.0258,-0.0024
21272,DE132,Breisgau-Hochschwarzwald,2020-03-02,10,0.0537,0.0294,0.0462
21273,DE132,Breisgau-Hochschwarzwald,2020-03-03,10,0.0444,0.0221,0.0462
21274,DE132,Breisgau-Hochschwarzwald,2020-03-04,10,0.0659,0.0333,0.0462
21275,DE132,Breisgau-Hochschwarzwald,2020-03-05,10,0.0175,0.0478,0.0462
21276,DE132,Breisgau-Hochschwarzwald,2020-03-06,10,0.023,0.0529,0.0462
21277,DE132,Breisgau-Hochschwarzwald,2020-03-07,10,0.0403,0.0456,0.0462
21278,DE132,Breisgau-Hochschwarzwald,2020-03-08,10,0.0897,0.039,0.0462
21279,DE132,Breisgau-Hochschwarzwald,2020-03-09,11,0.0891,0.0386,0.0142
21280,DE132,Breisgau-Hochschwarzwald,2020-03-10,11,-0.0063,0.0416,0.0142
21281,DE132,Breisgau-Hochschwarzwald,2020-03-11,11,0.0199,0.0244,0.0142
21282,DE132,Breisgau-Hochschwarzwald,2020-03-12,11,0.0141,0.014,0.0142
21283,DE132,Breisgau-Hochschwarzwald,2020-03-13,11,0.0444,0.0072,0.0142
21284,DE132,Breisgau-Hochschwarzwald,2020-03-14,11,-0.0798,-0.0041,0.0142
21285,DE132,Breisgau-Hochschwarzwald,2020-03-15,11,0.0168,-0.0267,0.0142
21286,DE132,Breisgau-Hochschwarzwald,2020-03-16,12,0.0414,-0.0543,-0.2147
21287,DE132,Breisgau-Hochschwarzwald,2020-03-17,12,-0.0858,-0.0912,-0.2147
21288,DE132,Breisgau-Hochschwarzwald,2020-03-18,12,-0.1382,-0.1525,-0.2147
21289,DE132,Breisgau-Hochschwarzwald,2020-03-19,12,-0.1785,-0.2224,-0.2147
21290,DE132,Breisgau-Hochschwarzwald,2020-03-20,12,-0.2145,-0.2668,-0.2147
21291,DE132,Breisgau-Hochschwarzwald,2020-03-21,12,-0.5084,-0.2967,-0.2147
21292,DE132,Breisgau-Hochschwarzwald,2020-03-22,12,-0.4728,-0.3221,-0.2147
21293,DE132,Breisgau-Hochschwarzwald,2020-03-23,13,-0.2696,-0.3419,-0.3367
21294,DE132,Breisgau-Hochschwarzwald,2020-03-24,13,-0.2951,-0.3533,-0.3367
21295,DE132,Breisgau-Hochschwarzwald,2020-03-25,13,-0.3159,-0.3267,-0.3367
21296,DE132,Breisgau-Hochschwarzwald,2020-03-26,13,-0.3169,-0.3448,-0.3367
21297,DE132,Breisgau-Hochschwarzwald,2020-03-27,13,-0.2941,-0.3452,-0.3367
21298,DE132,Breisgau-Hochschwarzwald,2020-03-28,13,-0.3228,-0.3405,-0.3367
21299,DE132,Breisgau-Hochschwarzwald,2020-03-29,13,-0.5994,-0.3322,-0.3367
21300,DE132,Breisgau-Hochschwarzwald,2020-03-30,14,-0.2723,-0.3219,-0.26
21301,DE132,Breisgau-Hochschwarzwald,2020-03-31,14,-0.2623,-0.3123,-0.26
22088,DE133,Emmendingen,2020-03-01,9,0.0245,0.0591,-0.0059
22089,DE133,Emmendingen,2020-03-02,10,0.0974,0.0717,0.0911
22090,DE133,Emmendingen,2020-03-03,10,0.098,0.079,0.0911
22091,DE133,Emmendingen,2020-03-04,10,0.1058,0.0809,0.0911
22092,DE133,Emmendingen,2020-03-05,10,0.079,0.0912,0.0911
22093,DE133,Emmendingen,2020-03-06,10,0.0864,0.0967,0.0911
22094,DE133,Emmendingen,2020-03-07,10,0.0749,0.091,0.0911
22095,DE133,Emmendingen,2020-03-08,10,0.0969,0.0874,0.0911
22096,DE133,Emmendingen,2020-03-09,11,0.136,0.0887,0.0762
22097,DE133,Emmendingen,2020-03-10,11,0.058,0.0927,0.0762
22098,DE133,Emmendingen,2020-03-11,11,0.0805,0.0815,0.0762
22099,DE133,Emmendingen,2020-03-12,11,0.0885,0.0733,0.0762
22100,DE133,Emmendingen,2020-03-13,11,0.1141,0.069,0.0762
22101,DE133,Emmendingen,2020-03-14,11,-0.0036,0.051,0.0762
22102,DE133,Emmendingen,2020-03-15,11,0.0395,0.0255,0.0762
22103,DE133,Emmendingen,2020-03-16,12,0.1059,-0.0069,-0.1528
22104,DE133,Emmendingen,2020-03-17,12,-0.0679,-0.0479,-0.1528
22105,DE133,Emmendingen,2020-03-18,12,-0.0983,-0.1074,-0.1528
22106,DE133,Emmendingen,2020-03-19,12,-0.1381,-0.1646,-0.1528
22107,DE133,Emmendingen,2020-03-20,12,-0.1728,-0.2106,-0.1528
22108,DE133,Emmendingen,2020-03-21,12,-0.4197,-0.2364,-0.1528
22109,DE133,Emmendingen,2020-03-22,12,-0.3613,-0.261,-0.1528
22110,DE133,Emmendingen,2020-03-23,13,-0.2158,-0.2795,-0.2764
22111,DE133,Emmendingen,2020-03-24,13,-0.249,-0.2896,-0.2764
22112,DE133,Emmendingen,2020-03-25,13,-0.2699,-0.2641,-0.2764
22113,DE133,Emmendingen,2020-03-26,13,-0.2682,-0.286,-0.2764
22114,DE133,Emmendingen,2020-03-27,13,-0.2433,-0.2844,-0.2764
22115,DE133,Emmendingen,2020-03-28,13,-0.2413,-0.2788,-0.2764
22116,DE133,Emmendingen,2020-03-29,13,-0.5149,-0.2643,-0.2764
22117,DE133,Emmendingen,2020-03-30,14,-0.2043,-0.2523,-0.1842
22118,DE133,Emmendingen,2020-03-31,14,-0.2094,-0.2373,-0.1842
22905,DE134,Ortenaukreis,2020-03-01,9,0.0221,0.0598,0.0056
22906,DE134,Ortenaukreis,2020-03-02,10,0.0856,0.0676,0.0796
22907,DE134,Ortenaukreis,2020-03-03,10,0.1018,0.0714,0.0796
22908,DE134,Ortenaukreis,2020-03-04,10,0.088,0.0703,0.0796
22909,DE134,Ortenaukreis,2020-03-05,10,0.0561,0.0801,0.0796
22910,DE134,Ortenaukreis,2020-03-06,10,0.0736,0.0856,0.0796
22911,DE134,Ortenaukreis,2020-03-07,10,0.0649,0.0819,0.0796
22912,DE134,Ortenaukreis,2020-03-08,10,0.0903,0.0789,0.0796
22913,DE134,Ortenaukreis,2020-03-09,11,0.124,0.0771,0.0524
22914,DE134,Ortenaukreis,2020-03-10,11,0.076,0.076,0.0524
22915,DE134,Ortenaukreis,2020-03-11,11,0.0674,0.0594,0.0524
22916,DE134,Ortenaukreis,2020-03-12,11,0.0436,0.0501,0.0524
22917,DE134,Ortenaukreis,2020-03-13,11,0.0657,0.042,0.0524
22918,DE134,Ortenaukreis,2020-03-14,11,-0.0516,0.0216,0.0524
22919,DE134,Ortenaukreis,2020-03-15,11,0.0254,-0.0042,0.0524
22920,DE134,Ortenaukreis,2020-03-16,12,0.0676,-0.0332,-0.1737
22921,DE134,Ortenaukreis,2020-03-17,12,-0.0668,-0.0697,-0.1737
22922,DE134,Ortenaukreis,2020-03-18,12,-0.113,-0.1262,-0.1737
22923,DE134,Ortenaukreis,2020-03-19,12,-0.1596,-0.1856,-0.1737
22924,DE134,Ortenaukreis,2020-03-20,12,-0.1896,-0.2281,-0.1737
22925,DE134,Ortenaukreis,2020-03-21,12,-0.4476,-0.2547,-0.1737
22926,DE134,Ortenaukreis,2020-03-22,12,-0.3903,-0.2782,-0.1737
22927,DE134,Ortenaukreis,2020-03-23,13,-0.23,-0.2945,-0.2954
22928,DE134,Ortenaukreis,2020-03-24,13,-0.2529,-0.3055,-0.2954
22929,DE134,Ortenaukreis,2020-03-25,13,-0.2777,-0.285,-0.2954
22930,DE134,Ortenaukreis,2020-03-26,13,-0.2733,-0.3064,-0.2954
22931,DE134,Ortenaukreis,2020-03-27,13,-0.2666,-0.3057,-0.2954
22932,DE134,Ortenaukreis,2020-03-28,13,-0.3044,-0.3032,-0.2954
22933,DE134,Ortenaukreis,2020-03-29,13,-0.5402,-0.297,-0.2954
22934,DE134,Ortenaukreis,2020-03-30,14,-0.2251,-0.2928,-0.2458
22935,DE134,Ortenaukreis,2020-03-31,14,-0.2349,-0.2855,-0.2458
23722,DE135,Rottweil,2020-03-01,9,0.0667,0.1335,0.0339
23723,DE135,Rottweil,2020-03-02,10,0.2413,0.1536,0.2053
23724,DE135,Rottweil,2020-03-03,10,0.2122,0.1702,0.2053
23725,DE135,Rottweil,2020-03-04,10,0.2085,0.1843,0.2053
23726,DE135,Rottweil,2020-03-05,10,0.1678,0.2059,0.2053
23727,DE135,Rottweil,2020-03-06,10,0.2092,0.2118,0.2053
23728,DE135,Rottweil,2020-03-07,10,0.1846,0.2158,0.2053
23729,DE135,Rottweil,2020-03-08,10,0.2179,0.2183,0.2053
23730,DE135,Rottweil,2020-03-09,11,0.2824,0.2273,0.2165
23731,DE135,Rottweil,2020-03-10,11,0.2399,0.2345,0.2165
23732,DE135,Rottweil,2020-03-11,11,0.2261,0.2206,0.2165
23733,DE135,Rottweil,2020-03-12,11,0.2311,0.2101,0.2165
23734,DE135,Rottweil,2020-03-13,11,0.2594,0.2066,0.2165
23735,DE135,Rottweil,2020-03-14,11,0.0874,0.1765,0.2165
23736,DE135,Rottweil,2020-03-15,11,0.1444,0.1433,0.2165
23737,DE135,Rottweil,2020-03-16,12,0.2581,0.1029,-0.0612
23738,DE135,Rottweil,2020-03-17,12,0.0287,0.0518,-0.0612
23739,DE135,Rottweil,2020-03-18,12,-0.0057,-0.0088,-0.0612
23740,DE135,Rottweil,2020-03-19,12,-0.0523,-0.0798,-0.0612
23741,DE135,Rottweil,2020-03-20,12,-0.0983,-0.1341,-0.0612
23742,DE135,Rottweil,2020-03-21,12,-0.3362,-0.1611,-0.0612
23743,DE135,Rottweil,2020-03-22,12,-0.3531,-0.1846,-0.0612
23744,DE135,Rottweil,2020-03-23,13,-0.1216,-0.2043,-0.1973
23745,DE135,Rottweil,2020-03-24,13,-0.1606,-0.2144,-0.1973
23746,DE135,Rottweil,2020-03-25,13,-0.1705,-0.1931,-0.1973
23747,DE135,Rottweil,2020-03-26,13,-0.1897,-0.2113,-0.1973
23748,DE135,Rottweil,2020-03-27,13,-0.1692,-0.2157,-0.1973
23749,DE135,Rottweil,2020-03-28,13,-0.1872,-0.2149,-0.1973
23750,DE135,Rottweil,2020-03-29,13,-0.4805,-0.2097,-0.1973
23751,DE135,Rottweil,2020-03-30,14,-0.1523,-0.1982,-0.1353
23752,DE135,Rottweil,2020-03-31,14,-0.155,-0.1849,-0.1353
24539,DE136,Schwarzwald-Baar-Kreis,2020-03-01,9,0.08,0.1291,0.0364
24540,DE136,Schwarzwald-Baar-Kreis,2020-03-02,10,0.2203,0.1369,0.1595
24541,DE136,Schwarzwald-Baar-Kreis,2020-03-03,10,0.1817,0.1446,0.1595
24542,DE136,Schwarzwald-Baar-Kreis,2020-03-04,10,0.1697,0.1495,0.1595
24543,DE136,Schwarzwald-Baar-Kreis,2020-03-05,10,0.0981,0.1597,0.1595
24544,DE136,Schwarzwald-Baar-Kreis,2020-03-06,10,0.1572,0.1591,0.1595
24545,DE136,Schwarzwald-Baar-Kreis,2020-03-07,10,0.1393,0.1532,0.1595
24546,DE136,Schwarzwald-Baar-Kreis,2020-03-08,10,0.1512,0.1519,0.1595
24547,DE136,Schwarzwald-Baar-Kreis,2020-03-09,11,0.2164,0.1573,0.135
24548,DE136,Schwarzwald-Baar-Kreis,2020-03-10,11,0.1405,0.1588,0.135
24549,DE136,Schwarzwald-Baar-Kreis,2020-03-11,11,0.1607,0.1426,0.135
24550,DE136,Schwarzwald-Baar-Kreis,2020-03-12,11,0.1356,0.1299,0.135
24551,DE136,Schwarzwald-Baar-Kreis,2020-03-13,11,0.1679,0.1234,0.135
24552,DE136,Schwarzwald-Baar-Kreis,2020-03-14,11,0.0257,0.0987,0.135
24553,DE136,Schwarzwald-Baar-Kreis,2020-03-15,11,0.0625,0.0673,0.135
24554,DE136,Schwarzwald-Baar-Kreis,2020-03-16,12,0.1706,0.0299,-0.1275
24555,DE136,Schwarzwald-Baar-Kreis,2020-03-17,12,-0.0323,-0.0197,-0.1275
24556,DE136,Schwarzwald-Baar-Kreis,2020-03-18,12,-0.059,-0.0779,-0.1275
24557,DE136,Schwarzwald-Baar-Kreis,2020-03-19,12,-0.1265,-0.1418,-0.1275
24558,DE136,Schwarzwald-Baar-Kreis,2020-03-20,12,-0.179,-0.1908,-0.1275
24559,DE136,Schwarzwald-Baar-Kreis,2020-03-21,12,-0.382,-0.2156,-0.1275
24560,DE136,Schwarzwald-Baar-Kreis,2020-03-22,12,-0.3844,-0.24,-0.1275
24561,DE136,Schwarzwald-Baar-Kreis,2020-03-23,13,-0.1723,-0.2576,-0.2452
24562,DE136,Schwarzwald-Baar-Kreis,2020-03-24,13,-0.2063,-0.263,-0.2452
24563,DE136,Schwarzwald-Baar-Kreis,2020-03-25,13,-0.2291,-0.2423,-0.2452
24564,DE136,Schwarzwald-Baar-Kreis,2020-03-26,13,-0.2497,-0.2568,-0.2452
24565,DE136,Schwarzwald-Baar-Kreis,2020-03-27,13,-0.2169,-0.2604,-0.2452
24566,DE136,Schwarzwald-Baar-Kreis,2020-03-28,13,-0.2375,-0.2563,-0.2452
24567,DE136,Schwarzwald-Baar-Kreis,2020-03-29,13,-0.4857,-0.2505,-0.2452
24568,DE136,Schwarzwald-Baar-Kreis,2020-03-30,14,-0.1978,-0.2422,-0.1845
24569,DE136,Schwarzwald-Baar-Kreis,2020-03-31,14,-0.1773,-0.2328,-0.1845
25356,DE137,Tuttlingen,2020-03-01,9,0.0059,0.0425,-0.0345
25357,DE137,Tuttlingen,2020-03-02,10,0.1116,0.0438,0.0604
25358,DE137,Tuttlingen,2020-03-03,10,0.0746,0.0499,0.0604
25359,DE137,Tuttlingen,2020-03-04,10,0.0511,0.0511,0.0604
25360,DE137,Tuttlingen,2020-03-05,10,0.0103,0.0617,0.0604
25361,DE137,Tuttlingen,2020-03-06,10,0.0686,0.0633,0.0604
25362,DE137,Tuttlingen,2020-03-07,10,0.0359,0.0633,0.0604
25363,DE137,Tuttlingen,2020-03-08,10,0.0798,0.0658,0.0604
25364,DE137,Tuttlingen,2020-03-09,11,0.1228,0.0713,0.0567
25365,DE137,Tuttlingen,2020-03-10,11,0.0746,0.0751,0.0567
25366,DE137,Tuttlingen,2020-03-11,11,0.0685,0.06,0.0567
25367,DE137,Tuttlingen,2020-03-12,11,0.049,0.051,0.0567
25368,DE137,Tuttlingen,2020-03-13,11,0.0953,0.0479,0.0567
25369,DE137,Tuttlingen,2020-03-14,11,-0.0696,0.0201,0.0567
25370,DE137,Tuttlingen,2020-03-15,11,0.0168,-0.0084,0.0567
25371,DE137,Tuttlingen,2020-03-16,12,0.1004,-0.0416,-0.1915
25372,DE137,Tuttlingen,2020-03-17,12,-0.1194,-0.0902,-0.1915
25373,DE137,Tuttlingen,2020-03-18,12,-0.1311,-0.1426,-0.1915
25374,DE137,Tuttlingen,2020-03-19,12,-0.1837,-0.2128,-0.1915
25375,DE137,Tuttlingen,2020-03-20,12,-0.2446,-0.2627,-0.1915
25376,DE137,Tuttlingen,2020-03-21,12,-0.437,-0.2862,-0.1915
25377,DE137,Tuttlingen,2020-03-22,12,-0.4741,-0.3112,-0.1915
25378,DE137,Tuttlingen,2020-03-23,13,-0.2487,-0.3322,-0.3181
25379,DE137,Tuttlingen,2020-03-24,13,-0.284,-0.3374,-0.3181
25380,DE137,Tuttlingen,2020-03-25,13,-0.3062,-0.3193,-0.3181
25381,DE137,Tuttlingen,2020-03-26,13,-0.3307,-0.332,-0.3181
25382,DE137,Tuttlingen,2020-03-27,13,-0.2808,-0.3355,-0.3181
25383,DE137,Tuttlingen,2020-03-28,13,-0.3108,-0.3302,-0.3181
25384,DE137,Tuttlingen,2020-03-29,13,-0.563,-0.3241,-0.3181
25385,DE137,Tuttlingen,2020-03-30,14,-0.2728,-0.3119,-0.2598
25386,DE137,Tuttlingen,2020-03-31,14,-0.2469,-0.3048,-0.2598
26173,DE138,Konstanz,2020-03-01,9,0.0881,0.0937,0.029
26174,DE138,Konstanz,2020-03-02,10,0.1495,0.1032,0.109
26175,DE138,Konstanz,2020-03-03,10,0.1136,0.1111,0.109
26176,DE138,Konstanz,2020-03-04,10,0.1098,0.1035,0.109
26177,DE138,Konstanz,2020-03-05,10,0.0636,0.1104,0.109
26178,DE138,Konstanz,2020-03-06,10,0.1215,0.1109,0.109
26179,DE138,Konstanz,2020-03-07,10,0.0784,0.104,0.109
26180,DE138,Konstanz,2020-03-08,10,0.1365,0.1059,0.109
26181,DE138,Konstanz,2020-03-09,11,0.1526,0.1143,0.0934
26182,DE138,Konstanz,2020-03-10,11,0.0657,0.1166,0.0934
26183,DE138,Konstanz,2020-03-11,11,0.1234,0.1002,0.0934
26184,DE138,Konstanz,2020-03-12,11,0.1219,0.0909,0.0934
26185,DE138,Konstanz,2020-03-13,11,0.1379,0.0823,0.0934
26186,DE138,Konstanz,2020-03-14,11,-0.0362,0.0563,0.0934
26187,DE138,Konstanz,2020-03-15,11,0.0712,0.0198,0.0934
26188,DE138,Konstanz,2020-03-16,12,0.0923,-0.0245,-0.1971
26189,DE138,Konstanz,2020-03-17,12,-0.1166,-0.0772,-0.1971
26190,DE138,Konstanz,2020-03-18,12,-0.1322,-0.1363,-0.1971
26191,DE138,Konstanz,2020-03-19,12,-0.1881,-0.2102,-0.1971
26192,DE138,Konstanz,2020-03-20,12,-0.231,-0.2625,-0.1971
26193,DE138,Konstanz,2020-03-21,12,-0.4496,-0.2903,-0.1971
26194,DE138,Konstanz,2020-03-22,12,-0.4464,-0.3171,-0.1971
26195,DE138,Konstanz,2020-03-23,13,-0.2735,-0.3376,-0.3318
26196,DE138,Konstanz,2020-03-24,13,-0.3114,-0.3456,-0.3318
26197,DE138,Konstanz,2020-03-25,13,-0.3201,-0.328,-0.3318
26198,DE138,Konstanz,2020-03-26,13,-0.331,-0.3423,-0.3318
26199,DE138,Konstanz,2020-03-27,13,-0.2869,-0.3437,-0.3318
26200,DE138,Konstanz,2020-03-28,13,-0.3267,-0.3364,-0.3318
26201,DE138,Konstanz,2020-03-29,13,-0.5464,-0.3286,-0.3318
26202,DE138,Konstanz,2020-03-30,14,-0.2831,-0.317,-0.2601
26203,DE138,Konstanz,2020-03-31,14,-0.2605,-0.3038,-0.2601
26990,DE139,Lörrach,2020-03-01,9,0.0266,0.0229,-0.0004
26991,DE139,Lörrach,2020-03-02,10,0.0393,0.0279,0.0189
26992,DE139,Lörrach,2020-03-03,10,0.037,0.0249,0.0189
26993,DE139,Lörrach,2020-03-04,10,0.0335,0.0198,0.0189
26994,DE139,Lörrach,2020-03-05,10,-0.003,0.0191,0.0189
26995,DE139,Lörrach,2020-03-06,10,0.0136,0.0217,0.0189
26996,DE139,Lörrach,2020-03-07,10,-0.0085,0.0116,0.0189
26997,DE139,Lörrach,2020-03-08,10,0.0219,0.0097,0.0189
26998,DE139,Lörrach,2020-03-09,11,0.0571,0.0132,-0.0126
26999,DE139,Lörrach,2020-03-10,11,-0.0335,0.0133,-0.0126
27000,DE139,Lörrach,2020-03-11,11,0.0202,-0.003,-0.0126
27001,DE139,Lörrach,2020-03-12,11,0.0216,-0.0162,-0.0126
27002,DE139,Lörrach,2020-03-13,11,0.0145,-0.0313,-0.0126
27003,DE139,Lörrach,2020-03-14,11,-0.1229,-0.0561,-0.0126
27004,DE139,Lörrach,2020-03-15,11,-0.0702,-0.0934,-0.0126
27005,DE139,Lörrach,2020-03-16,12,-0.0491,-0.1375,-0.3032
27006,DE139,Lörrach,2020-03-17,12,-0.207,-0.1881,-0.3032
27007,DE139,Lörrach,2020-03-18,12,-0.2407,-0.2486,-0.3032
27008,DE139,Lörrach,2020-03-19,12,-0.2873,-0.3139,-0.3032
27009,DE139,Lörrach,2020-03-20,12,-0.3395,-0.3574,-0.3032
27010,DE139,Lörrach,2020-03-21,12,-0.5461,-0.384,-0.3032
27011,DE139,Lörrach,2020-03-22,12,-0.5272,-0.4056,-0.3032
27012,DE139,Lörrach,2020-03-23,13,-0.3537,-0.4218,-0.4187
27013,DE139,Lörrach,2020-03-24,13,-0.3933,-0.4297,-0.4187
27014,DE139,Lörrach,2020-03-25,13,-0.3924,-0.4167,-0.4187
27015,DE139,Lörrach,2020-03-26,13,-0.4003,-0.4277,-0.4187
27016,DE139,Lörrach,2020-03-27,13,-0.3948,-0.4299,-0.4187
27017,DE139,Lörrach,2020-03-28,13,-0.4551,-0.4245,-0.4187
27018,DE139,Lörrach,2020-03-29,13,-0.6045,-0.4148,-0.4187
27019,DE139,Lörrach,2020-03-30,14,-0.3689,-0.404,-0.3421
27020,DE139,Lörrach,2020-03-31,14,-0.3558,-0.3885,-0.3421
27807,DE13A,Waldshut,2020-03-01,9,-0.1043,-0.0684,-0.1288
27808,DE13A,Waldshut,2020-03-02,10,0.0206,-0.0592,-0.0519
27809,DE13A,Waldshut,2020-03-03,10,-0.0591,-0.0566,-0.0519
27810,DE13A,Waldshut,2020-03-04,10,-0.0437,-0.0605,-0.0519
27811,DE13A,Waldshut,2020-03-05,10,-0.1005,-0.0501,-0.0519
27812,DE13A,Waldshut,2020-03-06,10,-0.0532,-0.0584,-0.0519
27813,DE13A,Waldshut,2020-03-07,10,-0.0829,-0.0657,-0.0519
27814,DE13A,Waldshut,2020-03-08,10,-0.032,-0.0694,-0.0519
27815,DE13A,Waldshut,2020-03-09,11,-0.0371,-0.0642,-0.0937
27816,DE13A,Waldshut,2020-03-10,11,-0.1102,-0.0644,-0.0937
27817,DE13A,Waldshut,2020-03-11,11,-0.0701,-0.082,-0.0937
27818,DE13A,Waldshut,2020-03-12,11,-0.0636,-0.0952,-0.0937
27819,DE13A,Waldshut,2020-03-13,11,-0.0548,-0.1008,-0.0937
27820,DE13A,Waldshut,2020-03-14,11,-0.2063,-0.1214,-0.0937
27821,DE13A,Waldshut,2020-03-15,11,-0.1242,-0.1532,-0.0937
27822,DE13A,Waldshut,2020-03-16,12,-0.0765,-0.1953,-0.3649
27823,DE13A,Waldshut,2020-03-17,12,-0.254,-0.2461,-0.3649
27824,DE13A,Waldshut,2020-03-18,12,-0.2933,-0.3022,-0.3649
27825,DE13A,Waldshut,2020-03-19,12,-0.358,-0.3737,-0.3649
27826,DE13A,Waldshut,2020-03-20,12,-0.4107,-0.4222,-0.3649
27827,DE13A,Waldshut,2020-03-21,12,-0.5989,-0.4505,-0.3649
27828,DE13A,Waldshut,2020-03-22,12,-0.6242,-0.4737,-0.3649
27829,DE13A,Waldshut,2020-03-23,13,-0.4164,-0.4885,-0.4805
27830,DE13A,Waldshut,2020-03-24,13,-0.4521,-0.4939,-0.4805
27831,DE13A,Waldshut,2020-03-25,13,-0.4556,-0.4828,-0.4805
27832,DE13A,Waldshut,2020-03-26,13,-0.4615,-0.4884,-0.4805
27833,DE13A,Waldshut,2020-03-27,13,-0.4482,-0.4885,-0.4805
27834,DE13A,Waldshut,2020-03-28,13,-0.5216,-0.4822,-0.4805
27835,DE13A,Waldshut,2020-03-29,13,-0.6632,-0.4759,-0.4805
27836,DE13A,Waldshut,2020-03-30,14,-0.4172,-0.4685,-0.4209
27837,DE13A,Waldshut,2020-03-31,14,-0.4083,-0.4591,-0.4209
28624,DE141,Reutlingen,2020-03-01,9,-0.0107,-0.0191,-0.0554
28625,DE141,Reutlingen,2020-03-02,10,0.0214,-0.0054,0.0092
28626,DE141,Reutlingen,2020-03-03,10,0.0227,0.0026,0.0092
28627,DE141,Reutlingen,2020-03-04,10,0.0143,0.0023,0.0092
28628,DE141,Reutlingen,2020-03-05,10,-0.0025,0.0109,0.0092
28629,DE141,Reutlingen,2020-03-06,10,0.0022,0.0139,0.0092
28630,DE141,Reutlingen,2020-03-07,10,-0.0315,0.0088,0.0092
28631,DE141,Reutlingen,2020-03-08,10,0.0494,0.0104,0.0092
28632,DE141,Reutlingen,2020-03-09,11,0.0427,0.0129,-0.0094
28633,DE141,Reutlingen,2020-03-10,11,-0.0129,0.0126,-0.0094
28634,DE141,Reutlingen,2020-03-11,11,0.0253,-0.0002,-0.0094
28635,DE141,Reutlingen,2020-03-12,11,0.0154,-0.012,-0.0094
28636,DE141,Reutlingen,2020-03-13,11,0.0002,-0.0182,-0.0094
28637,DE141,Reutlingen,2020-03-14,11,-0.1215,-0.0418,-0.0094
28638,DE141,Reutlingen,2020-03-15,11,-0.0332,-0.0725,-0.0094
28639,DE141,Reutlingen,2020-03-16,12,-0.0007,-0.1059,-0.2429
28640,DE141,Reutlingen,2020-03-17,12,-0.1783,-0.1458,-0.2429
28641,DE141,Reutlingen,2020-03-18,12,-0.1895,-0.1999,-0.2429
28642,DE141,Reutlingen,2020-03-19,12,-0.2182,-0.2533,-0.2429
28643,DE141,Reutlingen,2020-03-20,12,-0.279,-0.3003,-0.2429
28644,DE141,Reutlingen,2020-03-21,12,-0.5,-0.3247,-0.2429
28645,DE141,Reutlingen,2020-03-22,12,-0.4073,-0.3483,-0.2429
28646,DE141,Reutlingen,2020-03-23,13,-0.33,-0.3676,-0.3664
28647,DE141,Reutlingen,2020-03-24,13,-0.349,-0.3763,-0.3664
28648,DE141,Reutlingen,2020-03-25,13,-0.3549,-0.3535,-0.3664
28649,DE141,Reutlingen,2020-03-26,13,-0.3532,-0.3763,-0.3664
28650,DE141,Reutlingen,2020-03-27,13,-0.3393,-0.3745,-0.3664
28651,DE141,Reutlingen,2020-03-28,13,-0.3411,-0.3705,-0.3664
28652,DE141,Reutlingen,2020-03-29,13,-0.5668,-0.3608,-0.3664
28653,DE141,Reutlingen,2020-03-30,14,-0.3174,-0.3488,-0.2873
28654,DE141,Reutlingen,2020-03-31,14,-0.3212,-0.336,-0.2873
29441,DE142,"Tübingen, Landkreis",2020-03-01,9,0.063,0.0479,-0.0183
29442,DE142,"Tübingen, Landkreis",2020-03-02,10,0.1052,0.069,0.0952
29443,DE142,"Tübingen, Landkreis",2020-03-03,10,0.1137,0.0843,0.0952
29444,DE142,"Tübingen, Landkreis",2020-03-04,10,0.1134,0.0866,0.0952
29445,DE142,"Tübingen, Landkreis",2020-03-05,10,0.0786,0.0959,0.0952
29446,DE142,"Tübingen, Landkreis",2020-03-06,10,0.0895,0.0983,0.0952
29447,DE142,"Tübingen, Landkreis",2020-03-07,10,0.0429,0.0916,0.0952
29448,DE142,"Tübingen, Landkreis",2020-03-08,10,0.1276,0.0898,0.0952
29449,DE142,"Tübingen, Landkreis",2020-03-09,11,0.122,0.0902,0.0612
29450,DE142,"Tübingen, Landkreis",2020-03-10,11,0.0672,0.0875,0.0612
29451,DE142,"Tübingen, Landkreis",2020-03-11,11,0.1009,0.0718,0.0612
29452,DE142,"Tübingen, Landkreis",2020-03-12,11,0.0815,0.0559,0.0612
29453,DE142,"Tübingen, Landkreis",2020-03-13,11,0.0705,0.045,0.0612
29454,DE142,"Tübingen, Landkreis",2020-03-14,11,-0.0673,0.0139,0.0612
29455,DE142,"Tübingen, Landkreis",2020-03-15,11,0.0164,-0.0223,0.0612
29456,DE142,"Tübingen, Landkreis",2020-03-16,12,0.0458,-0.0632,-0.2041
29457,DE142,"Tübingen, Landkreis",2020-03-17,12,-0.1506,-0.1085,-0.2041
29458,DE142,"Tübingen, Landkreis",2020-03-18,12,-0.1523,-0.1633,-0.2041
29459,DE142,"Tübingen, Landkreis",2020-03-19,12,-0.2049,-0.2167,-0.2041
29460,DE142,"Tübingen, Landkreis",2020-03-20,12,-0.2464,-0.2666,-0.2041
29461,DE142,"Tübingen, Landkreis",2020-03-21,12,-0.4507,-0.2913,-0.2041
29462,DE142,"Tübingen, Landkreis",2020-03-22,12,-0.3578,-0.3166,-0.2041
29463,DE142,"Tübingen, Landkreis",2020-03-23,13,-0.3032,-0.3346,-0.3347
29464,DE142,"Tübingen, Landkreis",2020-03-24,13,-0.3237,-0.3433,-0.3347
29465,DE142,"Tübingen, Landkreis",2020-03-25,13,-0.3293,-0.3191,-0.3347
29466,DE142,"Tübingen, Landkreis",2020-03-26,13,-0.3313,-0.3444,-0.3347
29467,DE142,"Tübingen, Landkreis",2020-03-27,13,-0.3072,-0.3417,-0.3347
29468,DE142,"Tübingen, Landkreis",2020-03-28,13,-0.2813,-0.3378,-0.3347
29469,DE142,"Tübingen, Landkreis",2020-03-29,13,-0.5346,-0.3335,-0.3347
29470,DE142,"Tübingen, Landkreis",2020-03-30,14,-0.2845,-0.3274,-0.2684
29471,DE142,"Tübingen, Landkreis",2020-03-31,14,-0.2962,-0.3169,-0.2684
30258,DE143,Zollernalbkreis,2020-03-01,9,0.0244,0.0685,0.0083
30259,DE143,Zollernalbkreis,2020-03-02,10,0.1479,0.0835,0.1115
30260,DE143,Zollernalbkreis,2020-03-03,10,0.14,0.094,0.1115
30261,DE143,Zollernalbkreis,2020-03-04,10,0.1125,0.0972,0.1115
30262,DE143,Zollernalbkreis,2020-03-05,10,0.0946,0.1116,0.1115
30263,DE143,Zollernalbkreis,2020-03-06,10,0.1102,0.1113,0.1115
30264,DE143,Zollernalbkreis,2020-03-07,10,0.0505,0.1018,0.1115
30265,DE143,Zollernalbkreis,2020-03-08,10,0.1258,0.0968,0.1115
30266,DE143,Zollernalbkreis,2020-03-09,11,0.1456,0.0915,0.0527
30267,DE143,Zollernalbkreis,2020-03-10,11,0.0733,0.0842,0.0527
30268,DE143,Zollernalbkreis,2020-03-11,11,0.0777,0.0651,0.0527
30269,DE143,Zollernalbkreis,2020-03-12,11,0.0572,0.0488,0.0527
30270,DE143,Zollernalbkreis,2020-03-13,11,0.0595,0.043,0.0527
30271,DE143,Zollernalbkreis,2020-03-14,11,-0.0835,0.0184,0.0527
30272,DE143,Zollernalbkreis,2020-03-15,11,0.0119,-0.0118,0.0527
30273,DE143,Zollernalbkreis,2020-03-16,12,0.1048,-0.0451,-0.1879
30274,DE143,Zollernalbkreis,2020-03-17,12,-0.0985,-0.0858,-0.1879
30275,DE143,Zollernalbkreis,2020-03-18,12,-0.1344,-0.139,-0.1879
30276,DE143,Zollernalbkreis,2020-03-19,12,-0.1756,-0.2035,-0.1879
30277,DE143,Zollernalbkreis,2020-03-20,12,-0.2253,-0.2544,-0.1879
30278,DE143,Zollernalbkreis,2020-03-21,12,-0.4559,-0.2829,-0.1879
30279,DE143,Zollernalbkreis,2020-03-22,12,-0.4395,-0.3088,-0.1879
30280,DE143,Zollernalbkreis,2020-03-23,13,-0.2519,-0.3294,-0.33
30281,DE143,Zollernalbkreis,2020-03-24,13,-0.2975,-0.3393,-0.33
30282,DE143,Zollernalbkreis,2020-03-25,13,-0.3157,-0.3224,-0.33
30283,DE143,Zollernalbkreis,2020-03-26,13,-0.32,-0.3441,-0.33
30284,DE143,Zollernalbkreis,2020-03-27,13,-0.2945,-0.3466,-0.33
30285,DE143,Zollernalbkreis,2020-03-28,13,-0.3373,-0.3455,-0.33
30286,DE143,Zollernalbkreis,2020-03-29,13,-0.5915,-0.3382,-0.33
30287,DE143,Zollernalbkreis,2020-03-30,14,-0.2696,-0.3208,-0.2394
30288,DE143,Zollernalbkreis,2020-03-31,14,-0.29,-0.3029,-0.2394
31075,DE144,"Ulm, Stadtkreis",2020-03-01,9,-0.0593,-0.0554,-0.1162
31076,DE144,"Ulm, Stadtkreis",2020-03-02,10,0.0031,-0.0368,-0.0083
31077,DE144,"Ulm, Stadtkreis",2020-03-03,10,0.006,-0.0226,-0.0083
31078,DE144,"Ulm, Stadtkreis",2020-03-04,10,0.0024,-0.0164,-0.0083
31079,DE144,"Ulm, Stadtkreis",2020-03-05,10,-0.0192,-0.0085,-0.0083
31080,DE144,"Ulm, Stadtkreis",2020-03-06,10,-0.0195,-0.0069,-0.0083
31081,DE144,"Ulm, Stadtkreis",2020-03-07,10,-0.0285,-0.0136,-0.0083
31082,DE144,"Ulm, Stadtkreis",2020-03-08,10,-0.0038,-0.0175,-0.0083
31083,DE144,"Ulm, Stadtkreis",2020-03-09,11,0.0143,-0.0139,-0.0484
31084,DE144,"Ulm, Stadtkreis",2020-03-10,11,-0.0406,-0.0159,-0.0484
31085,DE144,"Ulm, Stadtkreis",2020-03-11,11,-0.025,-0.0366,-0.0484
31086,DE144,"Ulm, Stadtkreis",2020-03-12,11,0.0059,-0.0592,-0.0484
31087,DE144,"Ulm, Stadtkreis",2020-03-13,11,-0.0336,-0.0727,-0.0484
31088,DE144,"Ulm, Stadtkreis",2020-03-14,11,-0.173,-0.1042,-0.0484
31089,DE144,"Ulm, Stadtkreis",2020-03-15,11,-0.1622,-0.1436,-0.0484
31090,DE144,"Ulm, Stadtkreis",2020-03-16,12,-0.0805,-0.1926,-0.3445
31091,DE144,"Ulm, Stadtkreis",2020-03-17,12,-0.2612,-0.2441,-0.3445
31092,DE144,"Ulm, Stadtkreis",2020-03-18,12,-0.3007,-0.3059,-0.3445
31093,DE144,"Ulm, Stadtkreis",2020-03-19,12,-0.3367,-0.3656,-0.3445
31094,DE144,"Ulm, Stadtkreis",2020-03-20,12,-0.3946,-0.4159,-0.3445
31095,DE144,"Ulm, Stadtkreis",2020-03-21,12,-0.6052,-0.4439,-0.3445
31096,DE144,"Ulm, Stadtkreis",2020-03-22,12,-0.5802,-0.4677,-0.3445
31097,DE144,"Ulm, Stadtkreis",2020-03-23,13,-0.4329,-0.4866,-0.4775
31098,DE144,"Ulm, Stadtkreis",2020-03-24,13,-0.4567,-0.4954,-0.4775
31099,DE144,"Ulm, Stadtkreis",2020-03-25,13,-0.4678,-0.4792,-0.4775
31100,DE144,"Ulm, Stadtkreis",2020-03-26,13,-0.4691,-0.4888,-0.4775
31101,DE144,"Ulm, Stadtkreis",2020-03-27,13,-0.4558,-0.4875,-0.4775
31102,DE144,"Ulm, Stadtkreis",2020-03-28,13,-0.4921,-0.4842,-0.4775
31103,DE144,"Ulm, Stadtkreis",2020-03-29,13,-0.6474,-0.4789,-0.4775
31104,DE144,"Ulm, Stadtkreis",2020-03-30,14,-0.4236,-0.4729,-0.4286
31105,DE144,"Ulm, Stadtkreis",2020-03-31,14,-0.4337,-0.4622,-0.4286
31892,DE145,Alb-Donau-Kreis,2020-03-01,9,-0.0375,-0.0515,-0.0957
31893,DE145,Alb-Donau-Kreis,2020-03-02,10,-0.0155,-0.0374,-0.0323
31894,DE145,Alb-Donau-Kreis,2020-03-03,10,-0.017,-0.0337,-0.0323
31895,DE145,Alb-Donau-Kreis,2020-03-04,10,-0.017,-0.0359,-0.0323
31896,DE145,Alb-Donau-Kreis,2020-03-05,10,-0.0566,-0.0316,-0.0323
31897,DE145,Alb-Donau-Kreis,2020-03-06,10,-0.0368,-0.0303,-0.0323
31898,DE145,Alb-Donau-Kreis,2020-03-07,10,-0.0711,-0.0358,-0.0323
31899,DE145,Alb-Donau-Kreis,2020-03-08,10,-0.0072,-0.0372,-0.0323
31900,DE145,Alb-Donau-Kreis,2020-03-09,11,-0.0062,-0.0321,-0.035
31901,DE145,Alb-Donau-Kreis,2020-03-10,11,-0.0557,-0.0279,-0.035
31902,DE145,Alb-Donau-Kreis,2020-03-11,11,-0.027,-0.0332,-0.035
31903,DE145,Alb-Donau-Kreis,2020-03-12,11,-0.0209,-0.036,-0.035
31904,DE145,Alb-Donau-Kreis,2020-03-13,11,-0.0073,-0.034,-0.035
31905,DE145,Alb-Donau-Kreis,2020-03-14,11,-0.1084,-0.0459,-0.035
31906,DE145,Alb-Donau-Kreis,2020-03-15,11,-0.0267,-0.0646,-0.035
31907,DE145,Alb-Donau-Kreis,2020-03-16,12,0.0083,-0.0867,-0.2251
31908,DE145,Alb-Donau-Kreis,2020-03-17,12,-0.1391,-0.1208,-0.2251
31909,DE145,Alb-Donau-Kreis,2020-03-18,12,-0.1582,-0.1751,-0.2251
31910,DE145,Alb-Donau-Kreis,2020-03-19,12,-0.1753,-0.2409,-0.2251
31911,DE145,Alb-Donau-Kreis,2020-03-20,12,-0.2461,-0.2872,-0.2251
31912,DE145,Alb-Donau-Kreis,2020-03-21,12,-0.4889,-0.3104,-0.2251
31913,DE145,Alb-Donau-Kreis,2020-03-22,12,-0.4873,-0.3367,-0.2251
31914,DE145,Alb-Donau-Kreis,2020-03-23,13,-0.3153,-0.3563,-0.3432
31915,DE145,Alb-Donau-Kreis,2020-03-24,13,-0.3014,-0.3637,-0.3432
31916,DE145,Alb-Donau-Kreis,2020-03-25,13,-0.3423,-0.3398,-0.3432
31917,DE145,Alb-Donau-Kreis,2020-03-26,13,-0.3127,-0.355,-0.3432
31918,DE145,Alb-Donau-Kreis,2020-03-27,13,-0.2983,-0.3531,-0.3432
31919,DE145,Alb-Donau-Kreis,2020-03-28,13,-0.3211,-0.3519,-0.3432
31920,DE145,Alb-Donau-Kreis,2020-03-29,13,-0.5942,-0.3425,-0.3432
31921,DE145,Alb-Donau-Kreis,2020-03-30,14,-0.3021,-0.3299,-0.2566
31922,DE145,Alb-Donau-Kreis,2020-03-31,14,-0.2925,-0.3119,-0.2566
32709,DE146,Biberach,2020-03-01,9,0.1067,0.1571,0.0888
32710,DE146,Biberach,2020-03-02,10,0.2322,0.1741,0.1799
32711,DE146,Biberach,2020-03-03,10,0.1997,0.1796,0.1799
32712,DE146,Biberach,2020-03-04,10,0.207,0.17,0.1799
32713,DE146,Biberach,2020-03-05,10,0.1725,0.177,0.1799
32714,DE146,Biberach,2020-03-06,10,0.1679,0.1654,0.1799
32715,DE146,Biberach,2020-03-07,10,0.1037,0.155,0.1799
32716,DE146,Biberach,2020-03-08,10,0.1559,0.1524,0.1799
32717,DE146,Biberach,2020-03-09,11,0.1513,0.1552,0.1474
32718,DE146,Biberach,2020-03-10,11,0.1264,0.1577,0.1474
32719,DE146,Biberach,2020-03-11,11,0.1888,0.151,0.1474
32720,DE146,Biberach,2020-03-12,11,0.1922,0.1418,0.1474
32721,DE146,Biberach,2020-03-13,11,0.1856,0.15,0.1474
32722,DE146,Biberach,2020-03-14,11,0.0572,0.1275,0.1474
32723,DE146,Biberach,2020-03-15,11,0.091,0.0927,0.1474
32724,DE146,Biberach,2020-03-16,12,0.2088,0.052,-0.1164
32725,DE146,Biberach,2020-03-17,12,-0.0309,0.0014,-0.1164
32726,DE146,Biberach,2020-03-18,12,-0.0547,-0.0646,-0.1164
32727,DE146,Biberach,2020-03-19,12,-0.0929,-0.1381,-0.1164
32728,DE146,Biberach,2020-03-20,12,-0.1683,-0.1993,-0.1164
32729,DE146,Biberach,2020-03-21,12,-0.4052,-0.2315,-0.1164
32730,DE146,Biberach,2020-03-22,12,-0.4236,-0.2606,-0.1164
32731,DE146,Biberach,2020-03-23,13,-0.2194,-0.2837,-0.2659
32732,DE146,Biberach,2020-03-24,13,-0.2564,-0.2903,-0.2659
32733,DE146,Biberach,2020-03-25,13,-0.2582,-0.2629,-0.2659
32734,DE146,Biberach,2020-03-26,13,-0.255,-0.2791,-0.2659
32735,DE146,Biberach,2020-03-27,13,-0.2145,-0.2821,-0.2659
32736,DE146,Biberach,2020-03-28,13,-0.2131,-0.2773,-0.2659
32737,DE146,Biberach,2020-03-29,13,-0.5372,-0.2682,-0.2659
32738,DE146,Biberach,2020-03-30,14,-0.2403,-0.247,-0.1738
32739,DE146,Biberach,2020-03-31,14,-0.2228,-0.2304,-0.1738
33526,DE147,Bodenseekreis,2020-03-01,9,0.0581,0.0385,-0.0169
33527,DE147,Bodenseekreis,2020-03-02,10,0.0726,0.0492,0.0342
33528,DE147,Bodenseekreis,2020-03-03,10,0.0539,0.0539,0.0342
33529,DE147,Bodenseekreis,2020-03-04,10,0.0553,0.0372,0.0342
33530,DE147,Bodenseekreis,2020-03-05,10,0.0214,0.0329,0.0342
33531,DE147,Bodenseekreis,2020-03-06,10,0.0476,0.0342,0.0342
33532,DE147,Bodenseekreis,2020-03-07,10,-0.0482,0.0271,0.0342
33533,DE147,Bodenseekreis,2020-03-08,10,0.0277,0.0277,0.0342
33534,DE147,Bodenseekreis,2020-03-09,11,0.0818,0.0322,0.0213
33535,DE147,Bodenseekreis,2020-03-10,11,0.0041,0.0349,0.0213
33536,DE147,Bodenseekreis,2020-03-11,11,0.0595,0.0249,0.0213
33537,DE147,Bodenseekreis,2020-03-12,11,0.053,0.0171,0.0213
33538,DE147,Bodenseekreis,2020-03-13,11,0.0668,0.0078,0.0213
33539,DE147,Bodenseekreis,2020-03-14,11,-0.1185,-0.0161,0.0213
33540,DE147,Bodenseekreis,2020-03-15,11,-0.0267,-0.0507,0.0213
33541,DE147,Bodenseekreis,2020-03-16,12,0.0169,-0.091,-0.2419
33542,DE147,Bodenseekreis,2020-03-17,12,-0.1638,-0.136,-0.2419
33543,DE147,Bodenseekreis,2020-03-18,12,-0.1823,-0.1873,-0.2419
33544,DE147,Bodenseekreis,2020-03-19,12,-0.229,-0.2558,-0.2419
33545,DE147,Bodenseekreis,2020-03-20,12,-0.2488,-0.3026,-0.2419
33546,DE147,Bodenseekreis,2020-03-21,12,-0.4774,-0.3293,-0.2419
33547,DE147,Bodenseekreis,2020-03-22,12,-0.5059,-0.3547,-0.2419
33548,DE147,Bodenseekreis,2020-03-23,13,-0.3109,-0.3744,-0.3731
33549,DE147,Bodenseekreis,2020-03-24,13,-0.3508,-0.3848,-0.3731
33550,DE147,Bodenseekreis,2020-03-25,13,-0.3602,-0.3677,-0.3731
33551,DE147,Bodenseekreis,2020-03-26,13,-0.367,-0.3839,-0.3731
33552,DE147,Bodenseekreis,2020-03-27,13,-0.3217,-0.3855,-0.3731
33553,DE147,Bodenseekreis,2020-03-28,13,-0.3576,-0.3802,-0.3731
33554,DE147,Bodenseekreis,2020-03-29,13,-0.6195,-0.3719,-0.3731
33555,DE147,Bodenseekreis,2020-03-30,14,-0.322,-0.3607,-0.3043
33556,DE147,Bodenseekreis,2020-03-31,14,-0.3135,-0.3499,-0.3043
34343,DE148,Ravensburg,2020-03-01,9,0.0199,0.0181,-0.0259
34344,DE148,Ravensburg,2020-03-02,10,0.0665,0.0294,0.0355
34345,DE148,Ravensburg,2020-03-03,10,0.0449,0.0387,0.0355
34346,DE148,Ravensburg,2020-03-04,10,0.0448,0.0316,0.0355
34347,DE148,Ravensburg,2020-03-05,10,0.0253,0.0353,0.0355
34348,DE148,Ravensburg,2020-03-06,10,0.0439,0.0348,0.0355
34349,DE148,Ravensburg,2020-03-07,10,-0.0241,0.0287,0.0355
34350,DE148,Ravensburg,2020-03-08,10,0.0455,0.0291,0.0355
34351,DE148,Ravensburg,2020-03-09,11,0.0636,0.033,0.0174
34352,DE148,Ravensburg,2020-03-10,11,0.0019,0.0355,0.0174
34353,DE148,Ravensburg,2020-03-11,11,0.0478,0.0266,0.0174
34354,DE148,Ravensburg,2020-03-12,11,0.0523,0.0123,0.0174
34355,DE148,Ravensburg,2020-03-13,11,0.0612,0.009,0.0174
34356,DE148,Ravensburg,2020-03-14,11,-0.0863,-0.0103,0.0174
34357,DE148,Ravensburg,2020-03-15,11,-0.0543,-0.0398,0.0174
34358,DE148,Ravensburg,2020-03-16,12,0.0403,-0.0761,-0.2219
34359,DE148,Ravensburg,2020-03-17,12,-0.1334,-0.1197,-0.2219
34360,DE148,Ravensburg,2020-03-18,12,-0.1582,-0.1749,-0.2219
34361,DE148,Ravensburg,2020-03-19,12,-0.2019,-0.236,-0.2219
34362,DE148,Ravensburg,2020-03-20,12,-0.2441,-0.2848,-0.2219
34363,DE148,Ravensburg,2020-03-21,12,-0.4725,-0.3135,-0.2219
34364,DE148,Ravensburg,2020-03-22,12,-0.4819,-0.3402,-0.2219
34365,DE148,Ravensburg,2020-03-23,13,-0.3017,-0.3628,-0.3635
34366,DE148,Ravensburg,2020-03-24,13,-0.3342,-0.3747,-0.3635
34367,DE148,Ravensburg,2020-03-25,13,-0.3449,-0.3588,-0.3635
34368,DE148,Ravensburg,2020-03-26,13,-0.3605,-0.3737,-0.3635
34369,DE148,Ravensburg,2020-03-27,13,-0.3271,-0.3764,-0.3635
34370,DE148,Ravensburg,2020-03-28,13,-0.3612,-0.3727,-0.3635
34371,DE148,Ravensburg,2020-03-29,13,-0.5859,-0.366,-0.3635
34372,DE148,Ravensburg,2020-03-30,14,-0.3206,-0.3532,-0.2904
34373,DE148,Ravensburg,2020-03-31,14,-0.3089,-0.3376,-0.2904
35160,DE149,Sigmaringen,2020-03-01,9,-0.0894,-0.0635,-0.1478
35161,DE149,Sigmaringen,2020-03-02,10,0.0107,-0.0521,-0.0233
35162,DE149,Sigmaringen,2020-03-03,10,0.0086,-0.0378,-0.0233
35163,DE149,Sigmaringen,2020-03-04,10,-0.0275,-0.034,-0.0233
35164,DE149,Sigmaringen,2020-03-05,10,-0.0625,-0.0228,-0.0233
35165,DE149,Sigmaringen,2020-03-06,10,-0.0295,-0.0238,-0.0233
35166,DE149,Sigmaringen,2020-03-07,10,-0.0484,-0.0343,-0.0233
35167,DE149,Sigmaringen,2020-03-08,10,-0.0111,-0.0337,-0.0233
35168,DE149,Sigmaringen,2020-03-09,11,0.0036,-0.0306,-0.0347
35169,DE149,Sigmaringen,2020-03-10,11,-0.0644,-0.0251,-0.0347
35170,DE149,Sigmaringen,2020-03-11,11,-0.024,-0.0332,-0.0347
35171,DE149,Sigmaringen,2020-03-12,11,-0.0404,-0.0363,-0.0347
35172,DE149,Sigmaringen,2020-03-13,11,0.009,-0.0334,-0.0347
35173,DE149,Sigmaringen,2020-03-14,11,-0.1051,-0.0475,-0.0347
35174,DE149,Sigmaringen,2020-03-15,11,-0.033,-0.0722,-0.0347
35175,DE149,Sigmaringen,2020-03-16,12,0.0238,-0.0998,-0.2397
35176,DE149,Sigmaringen,2020-03-17,12,-0.1629,-0.1397,-0.2397
35177,DE149,Sigmaringen,2020-03-18,12,-0.1968,-0.1907,-0.2397
35178,DE149,Sigmaringen,2020-03-19,12,-0.2337,-0.2568,-0.2397
35179,DE149,Sigmaringen,2020-03-20,12,-0.2703,-0.3063,-0.2397
35180,DE149,Sigmaringen,2020-03-21,12,-0.462,-0.3328,-0.2397
35181,DE149,Sigmaringen,2020-03-22,12,-0.4957,-0.3571,-0.2397
35182,DE149,Sigmaringen,2020-03-23,13,-0.3229,-0.3758,-0.3637
35183,DE149,Sigmaringen,2020-03-24,13,-0.3479,-0.3825,-0.3637
35184,DE149,Sigmaringen,2020-03-25,13,-0.3672,-0.3618,-0.3637
35185,DE149,Sigmaringen,2020-03-26,13,-0.365,-0.3736,-0.3637
35186,DE149,Sigmaringen,2020-03-27,13,-0.3171,-0.3732,-0.3637
35187,DE149,Sigmaringen,2020-03-28,13,-0.3168,-0.3675,-0.3637
35188,DE149,Sigmaringen,2020-03-29,13,-0.5781,-0.3601,-0.3637
35189,DE149,Sigmaringen,2020-03-30,14,-0.3204,-0.3516,-0.3085
35190,DE149,Sigmaringen,2020-03-31,14,-0.3076,-0.3445,-0.3085
35977,DE211,"Ingolstadt, Kreisfreie Stadt",2020-03-01,9,-0.0546,-0.0773,-0.1084
35978,DE211,"Ingolstadt, Kreisfreie Stadt",2020-03-02,10,-0.0679,-0.0687,-0.0626
35979,DE211,"Ingolstadt, Kreisfreie Stadt",2020-03-03,10,-0.078,-0.0617,-0.0626
35980,DE211,"Ingolstadt, Kreisfreie Stadt",2020-03-04,10,-0.0608,-0.0684,-0.0626
35981,DE211,"Ingolstadt, Kreisfreie Stadt",2020-03-05,10,-0.0764,-0.0579,-0.0626
35982,DE211,"Ingolstadt, Kreisfreie Stadt",2020-03-06,10,-0.0524,-0.0525,-0.0626
35983,DE211,"Ingolstadt, Kreisfreie Stadt",2020-03-07,10,-0.0886,-0.0561,-0.0626
35984,DE211,"Ingolstadt, Kreisfreie Stadt",2020-03-08,10,0.0188,-0.0589,-0.0626
35985,DE211,"Ingolstadt, Kreisfreie Stadt",2020-03-09,11,-0.0301,-0.0577,-0.0921
35986,DE211,"Ingolstadt, Kreisfreie Stadt",2020-03-10,11,-0.1031,-0.0619,-0.0921
35987,DE211,"Ingolstadt, Kreisfreie Stadt",2020-03-11,11,-0.0806,-0.0748,-0.0921
35988,DE211,"Ingolstadt, Kreisfreie Stadt",2020-03-12,11,-0.068,-0.0982,-0.0921
35989,DE211,"Ingolstadt, Kreisfreie Stadt",2020-03-13,11,-0.0819,-0.1178,-0.0921
35990,DE211,"Ingolstadt, Kreisfreie Stadt",2020-03-14,11,-0.1788,-0.1434,-0.0921
35991,DE211,"Ingolstadt, Kreisfreie Stadt",2020-03-15,11,-0.1449,-0.1803,-0.0921
35992,DE211,"Ingolstadt, Kreisfreie Stadt",2020-03-16,12,-0.1672,-0.2248,-0.3836
35993,DE211,"Ingolstadt, Kreisfreie Stadt",2020-03-17,12,-0.2822,-0.2669,-0.3836
35994,DE211,"Ingolstadt, Kreisfreie Stadt",2020-03-18,12,-0.339,-0.34,-0.3836
35995,DE211,"Ingolstadt, Kreisfreie Stadt",2020-03-19,12,-0.3793,-0.4084,-0.3836
35996,DE211,"Ingolstadt, Kreisfreie Stadt",2020-03-20,12,-0.3768,-0.46,-0.3836
35997,DE211,"Ingolstadt, Kreisfreie Stadt",2020-03-21,12,-0.6908,-0.4992,-0.3836
35998,DE211,"Ingolstadt, Kreisfreie Stadt",2020-03-22,12,-0.6237,-0.5322,-0.3836
35999,DE211,"Ingolstadt, Kreisfreie Stadt",2020-03-23,13,-0.5285,-0.5601,-0.5611
36000,DE211,"Ingolstadt, Kreisfreie Stadt",2020-03-24,13,-0.5561,-0.5849,-0.5611
36001,DE211,"Ingolstadt, Kreisfreie Stadt",2020-03-25,13,-0.5704,-0.5637,-0.5611
36002,DE211,"Ingolstadt, Kreisfreie Stadt",2020-03-26,13,-0.5743,-0.5653,-0.5611
36003,DE211,"Ingolstadt, Kreisfreie Stadt",2020-03-27,13,-0.5508,-0.5635,-0.5611
36004,DE211,"Ingolstadt, Kreisfreie Stadt",2020-03-28,13,-0.5423,-0.5622,-0.5611
36005,DE211,"Ingolstadt, Kreisfreie Stadt",2020-03-29,13,-0.6344,-0.5543,-0.5611
36006,DE211,"Ingolstadt, Kreisfreie Stadt",2020-03-30,14,-0.5159,-0.5411,-0.5039
36007,DE211,"Ingolstadt, Kreisfreie Stadt",2020-03-31,14,-0.5475,-0.5263,-0.5039
36794,DE212,"München, Kreisfreie Stadt",2020-03-01,9,-0.0254,-0.0317,-0.0605
36795,DE212,"München, Kreisfreie Stadt",2020-03-02,10,-0.0175,-0.0211,-0.0105
36796,DE212,"München, Kreisfreie Stadt",2020-03-03,10,-0.0206,-0.0135,-0.0105
36797,DE212,"München, Kreisfreie Stadt",2020-03-04,10,-0.0067,-0.0178,-0.0105
36798,DE212,"München, Kreisfreie Stadt",2020-03-05,10,-0.0106,-0.0085,-0.0105
36799,DE212,"München, Kreisfreie Stadt",2020-03-06,10,-0.0047,-0.0052,-0.0105
36800,DE212,"München, Kreisfreie Stadt",2020-03-07,10,-0.0391,-0.0136,-0.0105
36801,DE212,"München, Kreisfreie Stadt",2020-03-08,10,0.0394,-0.0203,-0.0105
36802,DE212,"München, Kreisfreie Stadt",2020-03-09,11,0.006,-0.024,-0.0702
36803,DE212,"München, Kreisfreie Stadt",2020-03-10,11,-0.0796,-0.0331,-0.0702
36804,DE212,"München, Kreisfreie Stadt",2020-03-11,11,-0.0532,-0.0512,-0.0702
36805,DE212,"München, Kreisfreie Stadt",2020-03-12,11,-0.0365,-0.0755,-0.0702
36806,DE212,"München, Kreisfreie Stadt",2020-03-13,11,-0.069,-0.0989,-0.0702
36807,DE212,"München, Kreisfreie Stadt",2020-03-14,11,-0.1658,-0.131,-0.0702
36808,DE212,"München, Kreisfreie Stadt",2020-03-15,11,-0.1307,-0.172,-0.0702
36809,DE212,"München, Kreisfreie Stadt",2020-03-16,12,-0.1576,-0.2195,-0.3872
36810,DE212,"München, Kreisfreie Stadt",2020-03-17,12,-0.3039,-0.2632,-0.3872
36811,DE212,"München, Kreisfreie Stadt",2020-03-18,12,-0.3402,-0.3367,-0.3872
36812,DE212,"München, Kreisfreie Stadt",2020-03-19,12,-0.3692,-0.4057,-0.3872
36813,DE212,"München, Kreisfreie Stadt",2020-03-20,12,-0.3747,-0.4544,-0.3872
36814,DE212,"München, Kreisfreie Stadt",2020-03-21,12,-0.6804,-0.4854,-0.3872
36815,DE212,"München, Kreisfreie Stadt",2020-03-22,12,-0.6135,-0.5138,-0.3872
36816,DE212,"München, Kreisfreie Stadt",2020-03-23,13,-0.499,-0.538,-0.5277
36817,DE212,"München, Kreisfreie Stadt",2020-03-24,13,-0.521,-0.5557,-0.5277
36818,DE212,"München, Kreisfreie Stadt",2020-03-25,13,-0.5385,-0.5288,-0.5277
36819,DE212,"München, Kreisfreie Stadt",2020-03-26,13,-0.5389,-0.533,-0.5277
36820,DE212,"München, Kreisfreie Stadt",2020-03-27,13,-0.4984,-0.5336,-0.5277
36821,DE212,"München, Kreisfreie Stadt",2020-03-28,13,-0.4923,-0.5309,-0.5277
36822,DE212,"München, Kreisfreie Stadt",2020-03-29,13,-0.6428,-0.5228,-0.5277
36823,DE212,"München, Kreisfreie Stadt",2020-03-30,14,-0.5032,-0.5114,-0.4705
36824,DE212,"München, Kreisfreie Stadt",2020-03-31,14,-0.5021,-0.4992,-0.4705
37611,DE213,"Rosenheim, Kreisfreie Stadt",2020-03-01,9,0.0428,0.0092,-0.0237
37612,DE213,"Rosenheim, Kreisfreie Stadt",2020-03-02,10,0.0178,0.0211,0.0238
37613,DE213,"Rosenheim, Kreisfreie Stadt",2020-03-03,10,0.0142,0.028,0.0238
37614,DE213,"Rosenheim, Kreisfreie Stadt",2020-03-04,10,0.0222,0.0216,0.0238
37615,DE213,"Rosenheim, Kreisfreie Stadt",2020-03-05,10,0.0341,0.0261,0.0238
37616,DE213,"Rosenheim, Kreisfreie Stadt",2020-03-06,10,0.0213,0.0271,0.0238
37617,DE213,"Rosenheim, Kreisfreie Stadt",2020-03-07,10,-0.0014,0.0229,0.0238
37618,DE213,"Rosenheim, Kreisfreie Stadt",2020-03-08,10,0.0746,0.0167,0.0238
37619,DE213,"Rosenheim, Kreisfreie Stadt",2020-03-09,11,0.0247,0.013,-0.024
37620,DE213,"Rosenheim, Kreisfreie Stadt",2020-03-10,11,-0.015,0.007,-0.024
37621,DE213,"Rosenheim, Kreisfreie Stadt",2020-03-11,11,-0.0214,-0.0087,-0.024
37622,DE213,"Rosenheim, Kreisfreie Stadt",2020-03-12,11,0.0079,-0.027,-0.024
37623,DE213,"Rosenheim, Kreisfreie Stadt",2020-03-13,11,-0.0205,-0.0428,-0.024
37624,DE213,"Rosenheim, Kreisfreie Stadt",2020-03-14,11,-0.111,-0.0711,-0.024
37625,DE213,"Rosenheim, Kreisfreie Stadt",2020-03-15,11,-0.0539,-0.1104,-0.024
37626,DE213,"Rosenheim, Kreisfreie Stadt",2020-03-16,12,-0.0853,-0.166,-0.372
37627,DE213,"Rosenheim, Kreisfreie Stadt",2020-03-17,12,-0.2137,-0.2204,-0.372
37628,DE213,"Rosenheim, Kreisfreie Stadt",2020-03-18,12,-0.2965,-0.3057,-0.372
37629,DE213,"Rosenheim, Kreisfreie Stadt",2020-03-19,12,-0.3811,-0.3919,-0.372
37630,DE213,"Rosenheim, Kreisfreie Stadt",2020-03-20,12,-0.4008,-0.4514,-0.372
37631,DE213,"Rosenheim, Kreisfreie Stadt",2020-03-21,12,-0.7086,-0.4943,-0.372
37632,DE213,"Rosenheim, Kreisfreie Stadt",2020-03-22,12,-0.657,-0.5301,-0.372
37633,DE213,"Rosenheim, Kreisfreie Stadt",2020-03-23,13,-0.502,-0.554,-0.5435
37634,DE213,"Rosenheim, Kreisfreie Stadt",2020-03-24,13,-0.514,-0.5711,-0.5435
37635,DE213,"Rosenheim, Kreisfreie Stadt",2020-03-25,13,-0.5473,-0.5503,-0.5435
37636,DE213,"Rosenheim, Kreisfreie Stadt",2020-03-26,13,-0.5483,-0.5498,-0.5435
37637,DE213,"Rosenheim, Kreisfreie Stadt",2020-03-27,13,-0.5209,-0.5526,-0.5435
37638,DE213,"Rosenheim, Kreisfreie Stadt",2020-03-28,13,-0.5624,-0.5509,-0.5435
37639,DE213,"Rosenheim, Kreisfreie Stadt",2020-03-29,13,-0.6536,-0.5431,-0.5435
37640,DE213,"Rosenheim, Kreisfreie Stadt",2020-03-30,14,-0.522,-0.5341,-0.4977
37641,DE213,"Rosenheim, Kreisfreie Stadt",2020-03-31,14,-0.5015,-0.5216,-0.4977
38428,DE214,Altötting,2020-03-01,9,0.1737,0.151,0.0885
38429,DE214,Altötting,2020-03-02,10,0.1933,0.1702,0.1618
38430,DE214,Altötting,2020-03-03,10,0.1705,0.1747,0.1618
38431,DE214,Altötting,2020-03-04,10,0.1798,0.1628,0.1618
38432,DE214,Altötting,2020-03-05,10,0.1771,0.1601,0.1618
38433,DE214,Altötting,2020-03-06,10,0.1389,0.1596,0.1618
38434,DE214,Altötting,2020-03-07,10,0.1063,0.1576,0.1618
38435,DE214,Altötting,2020-03-08,10,0.155,0.1579,0.1618
38436,DE214,Altötting,2020-03-09,11,0.1894,0.1493,0.0926
38437,DE214,Altötting,2020-03-10,11,0.1569,0.1418,0.0926
38438,DE214,Altötting,2020-03-11,11,0.1817,0.1173,0.0926
38439,DE214,Altötting,2020-03-12,11,0.1167,0.0773,0.0926
38440,DE214,Altötting,2020-03-13,11,0.0869,0.0503,0.0926
38441,DE214,Altötting,2020-03-14,11,-0.0654,0.0106,0.0926
38442,DE214,Altötting,2020-03-15,11,-0.125,-0.0456,0.0926
38443,DE214,Altötting,2020-03-16,12,0.0006,-0.096,-0.2745
38444,DE214,Altötting,2020-03-17,12,-0.1211,-0.1427,-0.2745
38445,DE214,Altötting,2020-03-18,12,-0.2122,-0.2278,-0.2745
38446,DE214,Altötting,2020-03-19,12,-0.2357,-0.3043,-0.2745
38447,DE214,Altötting,2020-03-20,12,-0.2399,-0.3577,-0.2745
38448,DE214,Altötting,2020-03-21,12,-0.6616,-0.3918,-0.2745
38449,DE214,Altötting,2020-03-22,12,-0.6603,-0.4168,-0.2745
38450,DE214,Altötting,2020-03-23,13,-0.3728,-0.4442,-0.4459
38451,DE214,Altötting,2020-03-24,13,-0.3599,-0.4768,-0.4459
38452,DE214,Altötting,2020-03-25,13,-0.3874,-0.4592,-0.4459
38453,DE214,Altötting,2020-03-26,13,-0.4277,-0.4593,-0.4459
38454,DE214,Altötting,2020-03-27,13,-0.4676,-0.4668,-0.4459
38455,DE214,Altötting,2020-03-28,13,-0.5387,-0.4761,-0.4459
38456,DE214,Altötting,2020-03-29,13,-0.6612,-0.4849,-0.4459
38457,DE214,Altötting,2020-03-30,14,-0.4254,-0.4711,-0.3756
38458,DE214,Altötting,2020-03-31,14,-0.4246,-0.4314,-0.3756
39245,DE215,Berchtesgadener Land,2020-03-01,9,-0.1713,-0.0696,-0.0567
39246,DE215,Berchtesgadener Land,2020-03-02,10,-0.0547,-0.0677,-0.0765
39247,DE215,Berchtesgadener Land,2020-03-03,10,-0.0867,-0.077,-0.0765
39248,DE215,Berchtesgadener Land,2020-03-04,10,-0.0568,-0.0981,-0.0765
39249,DE215,Berchtesgadener Land,2020-03-05,10,-0.0601,-0.0744,-0.0765
39250,DE215,Berchtesgadener Land,2020-03-06,10,-0.0944,-0.0806,-0.0765
39251,DE215,Berchtesgadener Land,2020-03-07,10,-0.1629,-0.0839,-0.0765
39252,DE215,Berchtesgadener Land,2020-03-08,10,-0.0056,-0.0887,-0.0765
39253,DE215,Berchtesgadener Land,2020-03-09,11,-0.0975,-0.0881,-0.1489
39254,DE215,Berchtesgadener Land,2020-03-10,11,-0.11,-0.0926,-0.1489
39255,DE215,Berchtesgadener Land,2020-03-11,11,-0.0902,-0.1116,-0.1489
39256,DE215,Berchtesgadener Land,2020-03-12,11,-0.0562,-0.1483,-0.1489
39257,DE215,Berchtesgadener Land,2020-03-13,11,-0.1255,-0.1715,-0.1489
39258,DE215,Berchtesgadener Land,2020-03-14,11,-0.2959,-0.2118,-0.1489
39259,DE215,Berchtesgadener Land,2020-03-15,11,-0.2626,-0.2557,-0.1489
39260,DE215,Berchtesgadener Land,2020-03-16,12,-0.26,-0.3095,-0.5175
39261,DE215,Berchtesgadener Land,2020-03-17,12,-0.392,-0.3585,-0.5175
39262,DE215,Berchtesgadener Land,2020-03-18,12,-0.3974,-0.434,-0.5175
39263,DE215,Berchtesgadener Land,2020-03-19,12,-0.4332,-0.5161,-0.5175
39264,DE215,Berchtesgadener Land,2020-03-20,12,-0.4686,-0.5581,-0.5175
39265,DE215,Berchtesgadener Land,2020-03-21,12,-0.8246,-0.5831,-0.5175
39266,DE215,Berchtesgadener Land,2020-03-22,12,-0.837,-0.6095,-0.5175
39267,DE215,Berchtesgadener Land,2020-03-23,13,-0.5541,-0.6317,-0.6219
39268,DE215,Berchtesgadener Land,2020-03-24,13,-0.567,-0.6477,-0.6219
39269,DE215,Berchtesgadener Land,2020-03-25,13,-0.5821,-0.6264,-0.6219
39270,DE215,Berchtesgadener Land,2020-03-26,13,-0.5882,-0.6232,-0.6219
39271,DE215,Berchtesgadener Land,2020-03-27,13,-0.5805,-0.6246,-0.6219
39272,DE215,Berchtesgadener Land,2020-03-28,13,-0.676,-0.6231,-0.6219
39273,DE215,Berchtesgadener Land,2020-03-29,13,-0.8145,-0.6203,-0.6219
39274,DE215,Berchtesgadener Land,2020-03-30,14,-0.5637,-0.6134,-0.5946
39275,DE215,Berchtesgadener Land,2020-03-31,14,-0.5567,-0.6106,-0.5946
40062,DE216,Bad Tölz-Wolfratshausen,2020-03-01,9,-0.1161,-0.0642,-0.0774
40063,DE216,Bad Tölz-Wolfratshausen,2020-03-02,10,-0.0082,-0.0535,-0.0423
40064,DE216,Bad Tölz-Wolfratshausen,2020-03-03,10,-0.0746,-0.0471,-0.0423
40065,DE216,Bad Tölz-Wolfratshausen,2020-03-04,10,-0.0302,-0.0608,-0.0423
40066,DE216,Bad Tölz-Wolfratshausen,2020-03-05,10,-0.0239,-0.0411,-0.0423
40067,DE216,Bad Tölz-Wolfratshausen,2020-03-06,10,-0.0318,-0.0391,-0.0423
40068,DE216,Bad Tölz-Wolfratshausen,2020-03-07,10,-0.1405,-0.0373,-0.0423
40069,DE216,Bad Tölz-Wolfratshausen,2020-03-08,10,0.0213,-0.0379,-0.0423
40070,DE216,Bad Tölz-Wolfratshausen,2020-03-09,11,0.0061,-0.0341,-0.0442
40071,DE216,Bad Tölz-Wolfratshausen,2020-03-10,11,-0.0622,-0.0353,-0.0442
40072,DE216,Bad Tölz-Wolfratshausen,2020-03-11,11,-0.0342,-0.0383,-0.0442
40073,DE216,Bad Tölz-Wolfratshausen,2020-03-12,11,0.0028,-0.0442,-0.0442
40074,DE216,Bad Tölz-Wolfratshausen,2020-03-13,11,-0.0407,-0.0559,-0.0442
40075,DE216,Bad Tölz-Wolfratshausen,2020-03-14,11,-0.1613,-0.0761,-0.0442
40076,DE216,Bad Tölz-Wolfratshausen,2020-03-15,11,-0.0197,-0.0996,-0.0442
40077,DE216,Bad Tölz-Wolfratshausen,2020-03-16,12,-0.076,-0.1319,-0.3159
40078,DE216,Bad Tölz-Wolfratshausen,2020-03-17,12,-0.2036,-0.161,-0.3159
40079,DE216,Bad Tölz-Wolfratshausen,2020-03-18,12,-0.199,-0.235,-0.3159
40080,DE216,Bad Tölz-Wolfratshausen,2020-03-19,12,-0.2229,-0.3288,-0.3159
40081,DE216,Bad Tölz-Wolfratshausen,2020-03-20,12,-0.2447,-0.3733,-0.3159
40082,DE216,Bad Tölz-Wolfratshausen,2020-03-21,12,-0.6789,-0.4004,-0.3159
40083,DE216,Bad Tölz-Wolfratshausen,2020-03-22,12,-0.6761,-0.4302,-0.3159
40084,DE216,Bad Tölz-Wolfratshausen,2020-03-23,13,-0.3878,-0.4562,-0.4261
40085,DE216,Bad Tölz-Wolfratshausen,2020-03-24,13,-0.3931,-0.4737,-0.4261
40086,DE216,Bad Tölz-Wolfratshausen,2020-03-25,13,-0.4078,-0.4368,-0.4261
40087,DE216,Bad Tölz-Wolfratshausen,2020-03-26,13,-0.4048,-0.4334,-0.4261
40088,DE216,Bad Tölz-Wolfratshausen,2020-03-27,13,-0.3674,-0.4335,-0.4261
40089,DE216,Bad Tölz-Wolfratshausen,2020-03-28,13,-0.4207,-0.4302,-0.4261
40090,DE216,Bad Tölz-Wolfratshausen,2020-03-29,13,-0.6521,-0.4204,-0.4261
40091,DE216,Bad Tölz-Wolfratshausen,2020-03-30,14,-0.3887,-0.4101,-0.3579
40092,DE216,Bad Tölz-Wolfratshausen,2020-03-31,14,-0.37,-0.3989,-0.3579
40879,DE217,Dachau,2020-03-01,9,0.0052,0.0215,-0.0206
40880,DE217,Dachau,2020-03-02,10,0.0329,0.0372,0.0476
40881,DE217,Dachau,2020-03-03,10,0.0479,0.0472,0.0476
40882,DE217,Dachau,2020-03-04,10,0.0687,0.0391,0.0476
40883,DE217,Dachau,2020-03-05,10,0.0581,0.0479,0.0476
40884,DE217,Dachau,2020-03-06,10,0.0433,0.0511,0.0476
40885,DE217,Dachau,2020-03-07,10,0.0174,0.0465,0.0476
40886,DE217,Dachau,2020-03-08,10,0.0674,0.0407,0.0476
40887,DE217,Dachau,2020-03-09,11,0.0547,0.0413,0.0244
40888,DE217,Dachau,2020-03-10,11,0.0162,0.0423,0.0244
40889,DE217,Dachau,2020-03-11,11,0.0278,0.0358,0.0244
40890,DE217,Dachau,2020-03-12,11,0.0621,0.0202,0.0244
40891,DE217,Dachau,2020-03-13,11,0.0502,0.0077,0.0244
40892,DE217,Dachau,2020-03-14,11,-0.0278,-0.0165,0.0244
40893,DE217,Dachau,2020-03-15,11,-0.0418,-0.0458,0.0244
40894,DE217,Dachau,2020-03-16,12,-0.0331,-0.0844,-0.2669
40895,DE217,Dachau,2020-03-17,12,-0.1531,-0.12,-0.2669
40896,DE217,Dachau,2020-03-18,12,-0.1773,-0.2069,-0.2669
40897,DE217,Dachau,2020-03-19,12,-0.2077,-0.2894,-0.2669
40898,DE217,Dachau,2020-03-20,12,-0.1992,-0.3401,-0.2669
40899,DE217,Dachau,2020-03-21,12,-0.6359,-0.3744,-0.2669
40900,DE217,Dachau,2020-03-22,12,-0.6198,-0.4071,-0.2669
40901,DE217,Dachau,2020-03-23,13,-0.3875,-0.4344,-0.4133
40902,DE217,Dachau,2020-03-24,13,-0.3933,-0.4588,-0.4133
40903,DE217,Dachau,2020-03-25,13,-0.4066,-0.4246,-0.4133
40904,DE217,Dachau,2020-03-26,13,-0.3983,-0.4218,-0.4133
40905,DE217,Dachau,2020-03-27,13,-0.3706,-0.4184,-0.4133
40906,DE217,Dachau,2020-03-28,13,-0.3962,-0.412,-0.4133
40907,DE217,Dachau,2020-03-29,13,-0.6,-0.4015,-0.4133
40908,DE217,Dachau,2020-03-30,14,-0.3641,-0.389,-0.3353
40909,DE217,Dachau,2020-03-31,14,-0.3487,-0.3712,-0.3353
41696,DE218,Ebersberg,2020-03-01,9,-0.0393,-0.0057,-0.0248
41697,DE218,Ebersberg,2020-03-02,10,0.0124,0.0047,0.0136
41698,DE218,Ebersberg,2020-03-03,10,0.0061,0.0107,0.0136
41699,DE218,Ebersberg,2020-03-04,10,0.0243,0.0014,0.0136
41700,DE218,Ebersberg,2020-03-05,10,0.0211,0.0149,0.0136
41701,DE218,Ebersberg,2020-03-06,10,0.0171,0.0193,0.0136
41702,DE218,Ebersberg,2020-03-07,10,-0.032,0.0159,0.0136
41703,DE218,Ebersberg,2020-03-08,10,0.0554,0.009,0.0136
41704,DE218,Ebersberg,2020-03-09,11,0.0432,0.0062,-0.0246
41705,DE218,Ebersberg,2020-03-10,11,-0.0181,-0.0007,-0.0246
41706,DE218,Ebersberg,2020-03-11,11,-0.024,-0.0106,-0.0246
41707,DE218,Ebersberg,2020-03-12,11,0.0017,-0.0264,-0.0246
41708,DE218,Ebersberg,2020-03-13,11,-0.0309,-0.0391,-0.0246
41709,DE218,Ebersberg,2020-03-14,11,-0.1012,-0.062,-0.0246
41710,DE218,Ebersberg,2020-03-15,11,-0.0555,-0.0899,-0.0246
41711,DE218,Ebersberg,2020-03-16,12,-0.0458,-0.1262,-0.3014
41712,DE218,Ebersberg,2020-03-17,12,-0.178,-0.1571,-0.3014
41713,DE218,Ebersberg,2020-03-18,12,-0.2196,-0.2385,-0.3014
41714,DE218,Ebersberg,2020-03-19,12,-0.2523,-0.3189,-0.3014
41715,DE218,Ebersberg,2020-03-20,12,-0.2473,-0.3704,-0.3014
41716,DE218,Ebersberg,2020-03-21,12,-0.671,-0.4039,-0.3014
41717,DE218,Ebersberg,2020-03-22,12,-0.6183,-0.4352,-0.3014
41718,DE218,Ebersberg,2020-03-23,13,-0.4061,-0.4614,-0.4428
41719,DE218,Ebersberg,2020-03-24,13,-0.4124,-0.4847,-0.4428
41720,DE218,Ebersberg,2020-03-25,13,-0.439,-0.4516,-0.4428
41721,DE218,Ebersberg,2020-03-26,13,-0.436,-0.4505,-0.4428
41722,DE218,Ebersberg,2020-03-27,13,-0.41,-0.4502,-0.4428
41723,DE218,Ebersberg,2020-03-28,13,-0.4398,-0.4451,-0.4428
41724,DE218,Ebersberg,2020-03-29,13,-0.6102,-0.4307,-0.4428
41725,DE218,Ebersberg,2020-03-30,14,-0.4037,-0.4159,-0.3594
41726,DE218,Ebersberg,2020-03-31,14,-0.3769,-0.3979,-0.3594
42513,DE219,Eichstätt,2020-03-01,9,-0.0751,-0.0228,-0.0731
42514,DE219,Eichstätt,2020-03-02,10,0.0436,-0.008,0.023
42515,DE219,Eichstätt,2020-03-03,10,0.0204,0.006,0.023
42516,DE219,Eichstätt,2020-03-04,10,0.0291,0.0092,0.023
42517,DE219,Eichstätt,2020-03-05,10,0.0152,0.0224,0.023
42518,DE219,Eichstätt,2020-03-06,10,0.0293,0.0233,0.023
42519,DE219,Eichstätt,2020-03-07,10,0.0019,0.02,0.023
42520,DE219,Eichstätt,2020-03-08,10,0.0173,0.0183,0.023
42521,DE219,Eichstätt,2020-03-09,11,0.0496,0.0182,0.0075
42522,DE219,Eichstätt,2020-03-10,11,-0.0022,0.0213,0.0075
42523,DE219,Eichstätt,2020-03-11,11,0.0169,0.0134,0.0075
42524,DE219,Eichstätt,2020-03-12,11,0.0145,0.0032,0.0075
42525,DE219,Eichstätt,2020-03-13,11,0.0509,-0.0081,0.0075
42526,DE219,Eichstätt,2020-03-14,11,-0.0533,-0.0294,0.0075
42527,DE219,Eichstätt,2020-03-15,11,-0.0539,-0.0577,0.0075
42528,DE219,Eichstätt,2020-03-16,12,-0.0299,-0.0891,-0.2571
42529,DE219,Eichstätt,2020-03-17,12,-0.1507,-0.1254,-0.2571
42530,DE219,Eichstätt,2020-03-18,12,-0.1813,-0.2044,-0.2571
42531,DE219,Eichstätt,2020-03-19,12,-0.2053,-0.278,-0.2571
42532,DE219,Eichstätt,2020-03-20,12,-0.2037,-0.3257,-0.2571
42533,DE219,Eichstätt,2020-03-21,12,-0.6057,-0.3584,-0.2571
42534,DE219,Eichstätt,2020-03-22,12,-0.5697,-0.3902,-0.2571
42535,DE219,Eichstätt,2020-03-23,13,-0.3635,-0.4197,-0.409
42536,DE219,Eichstätt,2020-03-24,13,-0.3794,-0.4443,-0.409
42537,DE219,Eichstätt,2020-03-25,13,-0.4037,-0.4128,-0.409
42538,DE219,Eichstätt,2020-03-26,13,-0.4125,-0.4172,-0.409
42539,DE219,Eichstätt,2020-03-27,13,-0.3757,-0.4153,-0.409
42540,DE219,Eichstätt,2020-03-28,13,-0.3848,-0.4164,-0.409
42541,DE219,Eichstätt,2020-03-29,13,-0.6007,-0.409,-0.409
42542,DE219,Eichstätt,2020-03-30,14,-0.3503,-0.3974,-0.3639
42543,DE219,Eichstätt,2020-03-31,14,-0.3869,-0.3872,-0.3639
43330,DE21A,Erding,2020-03-01,9,-0.0758,-0.0418,-0.046
43331,DE21A,Erding,2020-03-02,10,-0.0391,-0.0419,-0.0523
43332,DE21A,Erding,2020-03-03,10,-0.0483,-0.0452,-0.0523
43333,DE21A,Erding,2020-03-04,10,-0.0438,-0.0542,-0.0523
43334,DE21A,Erding,2020-03-05,10,-0.0544,-0.0527,-0.0523
43335,DE21A,Erding,2020-03-06,10,-0.0588,-0.0526,-0.0523
43336,DE21A,Erding,2020-03-07,10,-0.0594,-0.0576,-0.0523
43337,DE21A,Erding,2020-03-08,10,-0.0647,-0.0622,-0.0523
43338,DE21A,Erding,2020-03-09,11,-0.0387,-0.0623,-0.0928
43339,DE21A,Erding,2020-03-10,11,-0.0832,-0.0639,-0.0928
43340,DE21A,Erding,2020-03-11,11,-0.0764,-0.0773,-0.0928
43341,DE21A,Erding,2020-03-12,11,-0.0545,-0.0977,-0.0928
43342,DE21A,Erding,2020-03-13,11,-0.0704,-0.1128,-0.0928
43343,DE21A,Erding,2020-03-14,11,-0.1529,-0.1343,-0.0928
43344,DE21A,Erding,2020-03-15,11,-0.2075,-0.1641,-0.0928
43345,DE21A,Erding,2020-03-16,12,-0.1449,-0.2013,-0.3623
43346,DE21A,Erding,2020-03-17,12,-0.2333,-0.2387,-0.3623
43347,DE21A,Erding,2020-03-18,12,-0.2851,-0.3108,-0.3623
43348,DE21A,Erding,2020-03-19,12,-0.3149,-0.3754,-0.3623
43349,DE21A,Erding,2020-03-20,12,-0.3321,-0.4212,-0.3623
43350,DE21A,Erding,2020-03-21,12,-0.6579,-0.4552,-0.3623
43351,DE21A,Erding,2020-03-22,12,-0.6597,-0.4857,-0.3623
43352,DE21A,Erding,2020-03-23,13,-0.4657,-0.5111,-0.5099
43353,DE21A,Erding,2020-03-24,13,-0.4711,-0.5333,-0.5099
43354,DE21A,Erding,2020-03-25,13,-0.4989,-0.514,-0.5099
43355,DE21A,Erding,2020-03-26,13,-0.4925,-0.5158,-0.5099
43356,DE21A,Erding,2020-03-27,13,-0.4875,-0.5179,-0.5099
43357,DE21A,Erding,2020-03-28,13,-0.5227,-0.5173,-0.5099
43358,DE21A,Erding,2020-03-29,13,-0.672,-0.5093,-0.5099
43359,DE21A,Erding,2020-03-30,14,-0.4806,-0.4991,-0.4667
43360,DE21A,Erding,2020-03-31,14,-0.4666,-0.4871,-0.4667
44147,DE21B,Freising,2020-03-01,9,0.0007,-0.0024,-0.0199
44148,DE21B,Freising,2020-03-02,10,0.0111,0.0047,0.002
44149,DE21B,Freising,2020-03-03,10,-0.0188,0.0076,0.002
44150,DE21B,Freising,2020-03-04,10,0.0145,-0.0011,0.002
44151,DE21B,Freising,2020-03-05,10,0.012,0.0026,0.002
44152,DE21B,Freising,2020-03-06,10,0.0016,0.006,0.002
44153,DE21B,Freising,2020-03-07,10,-0.029,0.0041,0.002
44154,DE21B,Freising,2020-03-08,10,0.0265,-0.0028,0.002
44155,DE21B,Freising,2020-03-09,11,0.0349,-0.005,-0.0293
44156,DE21B,Freising,2020-03-10,11,-0.0318,-0.0065,-0.0293
44157,DE21B,Freising,2020-03-11,11,-0.0338,-0.0152,-0.0293
44158,DE21B,Freising,2020-03-12,11,-0.0035,-0.0346,-0.0293
44159,DE21B,Freising,2020-03-13,11,-0.0091,-0.0502,-0.0293
44160,DE21B,Freising,2020-03-14,11,-0.0894,-0.0738,-0.0293
44161,DE21B,Freising,2020-03-15,11,-0.1096,-0.1007,-0.0293
44162,DE21B,Freising,2020-03-16,12,-0.0739,-0.1373,-0.2999
44163,DE21B,Freising,2020-03-17,12,-0.1974,-0.1722,-0.2999
44164,DE21B,Freising,2020-03-18,12,-0.2217,-0.251,-0.2999
44165,DE21B,Freising,2020-03-19,12,-0.2598,-0.322,-0.2999
44166,DE21B,Freising,2020-03-20,12,-0.2535,-0.3715,-0.2999
44167,DE21B,Freising,2020-03-21,12,-0.6408,-0.404,-0.2999
44168,DE21B,Freising,2020-03-22,12,-0.6066,-0.4366,-0.2999
44169,DE21B,Freising,2020-03-23,13,-0.4206,-0.4623,-0.4471
44170,DE21B,Freising,2020-03-24,13,-0.4251,-0.486,-0.4471
44171,DE21B,Freising,2020-03-25,13,-0.4495,-0.4549,-0.4471
44172,DE21B,Freising,2020-03-26,13,-0.4402,-0.4548,-0.4471
44173,DE21B,Freising,2020-03-27,13,-0.4193,-0.4531,-0.4471
44174,DE21B,Freising,2020-03-28,13,-0.423,-0.4507,-0.4471
44175,DE21B,Freising,2020-03-29,13,-0.6058,-0.4407,-0.4471
44176,DE21B,Freising,2020-03-30,14,-0.4087,-0.4304,-0.39
44177,DE21B,Freising,2020-03-31,14,-0.4085,-0.4153,-0.39
44964,DE21C,Fürstenfeldbruck,2020-03-01,9,0.0142,0.0136,-0.0243
44965,DE21C,Fürstenfeldbruck,2020-03-02,10,0.044,0.0291,0.0403
44966,DE21C,Fürstenfeldbruck,2020-03-03,10,0.0358,0.0403,0.0403
44967,DE21C,Fürstenfeldbruck,2020-03-04,10,0.0535,0.0348,0.0403
44968,DE21C,Fürstenfeldbruck,2020-03-05,10,0.0522,0.0403,0.0403
44969,DE21C,Fürstenfeldbruck,2020-03-06,10,0.0388,0.0428,0.0403
44970,DE21C,Fürstenfeldbruck,2020-03-07,10,0.0051,0.0373,0.0403
44971,DE21C,Fürstenfeldbruck,2020-03-08,10,0.0527,0.03,0.0403
44972,DE21C,Fürstenfeldbruck,2020-03-09,11,0.0615,0.0286,0.0082
44973,DE21C,Fürstenfeldbruck,2020-03-10,11,-0.0029,0.0278,0.0082
44974,DE21C,Fürstenfeldbruck,2020-03-11,11,0.0024,0.0197,0.0082
44975,DE21C,Fürstenfeldbruck,2020-03-12,11,0.0423,0.0045,0.0082
44976,DE21C,Fürstenfeldbruck,2020-03-13,11,0.0336,-0.0074,0.0082
44977,DE21C,Fürstenfeldbruck,2020-03-14,11,-0.052,-0.0285,0.0082
44978,DE21C,Fürstenfeldbruck,2020-03-15,11,-0.0537,-0.0554,0.0082
44979,DE21C,Fürstenfeldbruck,2020-03-16,12,-0.0216,-0.0897,-0.2651
44980,DE21C,Fürstenfeldbruck,2020-03-17,12,-0.1502,-0.1233,-0.2651
44981,DE21C,Fürstenfeldbruck,2020-03-18,12,-0.1859,-0.2064,-0.2651
44982,DE21C,Fürstenfeldbruck,2020-03-19,12,-0.1982,-0.2856,-0.2651
44983,DE21C,Fürstenfeldbruck,2020-03-20,12,-0.2012,-0.3356,-0.2651
44984,DE21C,Fürstenfeldbruck,2020-03-21,12,-0.6336,-0.371,-0.2651
44985,DE21C,Fürstenfeldbruck,2020-03-22,12,-0.6087,-0.4035,-0.2651
44986,DE21C,Fürstenfeldbruck,2020-03-23,13,-0.3713,-0.4321,-0.414
44987,DE21C,Fürstenfeldbruck,2020-03-24,13,-0.398,-0.4569,-0.414
44988,DE21C,Fürstenfeldbruck,2020-03-25,13,-0.4137,-0.4219,-0.414
44989,DE21C,Fürstenfeldbruck,2020-03-26,13,-0.3984,-0.4229,-0.414
44990,DE21C,Fürstenfeldbruck,2020-03-27,13,-0.3748,-0.4198,-0.414
44991,DE21C,Fürstenfeldbruck,2020-03-28,13,-0.3884,-0.4135,-0.414
44992,DE21C,Fürstenfeldbruck,2020-03-29,13,-0.6159,-0.4013,-0.414
44993,DE21C,Fürstenfeldbruck,2020-03-30,14,-0.3491,-0.3891,-0.3373
44994,DE21C,Fürstenfeldbruck,2020-03-31,14,-0.3542,-0.3733,-0.3373
45781,DE21D,Garmisch-Partenkirchen,2020-03-01,9,0.0213,0.11,0.1631
45782,DE21D,Garmisch-Partenkirchen,2020-03-02,10,0.1138,0.1065,0.0908
45783,DE21D,Garmisch-Partenkirchen,2020-03-03,10,0.0851,0.0978,0.0908
45784,DE21D,Garmisch-Partenkirchen,2020-03-04,10,0.1238,0.0777,0.0908
45785,DE21D,Garmisch-Partenkirchen,2020-03-05,10,0.1075,0.0936,0.0908
45786,DE21D,Garmisch-Partenkirchen,2020-03-06,10,0.1359,0.0866,0.0908
45787,DE21D,Garmisch-Partenkirchen,2020-03-07,10,-0.0438,0.0734,0.0908
45788,DE21D,Garmisch-Partenkirchen,2020-03-08,10,0.1325,0.0649,0.0908
45789,DE21D,Garmisch-Partenkirchen,2020-03-09,11,0.065,0.0632,0.0059
45790,DE21D,Garmisch-Partenkirchen,2020-03-10,11,-0.0074,0.0447,0.0059
45791,DE21D,Garmisch-Partenkirchen,2020-03-11,11,0.0644,0.0251,0.0059
45792,DE21D,Garmisch-Partenkirchen,2020-03-12,11,0.0955,0.0103,0.0059
45793,DE21D,Garmisch-Partenkirchen,2020-03-13,11,0.0068,-0.0024,0.0059
45794,DE21D,Garmisch-Partenkirchen,2020-03-14,11,-0.181,-0.0278,0.0059
45795,DE21D,Garmisch-Partenkirchen,2020-03-15,11,0.0287,-0.0672,0.0059
45796,DE21D,Garmisch-Partenkirchen,2020-03-16,12,-0.0242,-0.117,-0.356
45797,DE21D,Garmisch-Partenkirchen,2020-03-17,12,-0.1847,-0.165,-0.356
45798,DE21D,Garmisch-Partenkirchen,2020-03-18,12,-0.2114,-0.2415,-0.356
45799,DE21D,Garmisch-Partenkirchen,2020-03-19,12,-0.2531,-0.3498,-0.356
45800,DE21D,Garmisch-Partenkirchen,2020-03-20,12,-0.3297,-0.4083,-0.356
45801,DE21D,Garmisch-Partenkirchen,2020-03-21,12,-0.716,-0.4483,-0.356
45802,DE21D,Garmisch-Partenkirchen,2020-03-22,12,-0.7299,-0.4896,-0.356
45803,DE21D,Garmisch-Partenkirchen,2020-03-23,13,-0.4334,-0.5217,-0.5212
45804,DE21D,Garmisch-Partenkirchen,2020-03-24,13,-0.4648,-0.54,-0.5212
45805,DE21D,Garmisch-Partenkirchen,2020-03-25,13,-0.5004,-0.5192,-0.5212
45806,DE21D,Garmisch-Partenkirchen,2020-03-26,13,-0.4777,-0.5224,-0.5212
45807,DE21D,Garmisch-Partenkirchen,2020-03-27,13,-0.4575,-0.5305,-0.5212
45808,DE21D,Garmisch-Partenkirchen,2020-03-28,13,-0.5709,-0.5245,-0.5212
45809,DE21D,Garmisch-Partenkirchen,2020-03-29,13,-0.7522,-0.5116,-0.5212
45810,DE21D,Garmisch-Partenkirchen,2020-03-30,14,-0.4897,-0.503,-0.4602
45811,DE21D,Garmisch-Partenkirchen,2020-03-31,14,-0.423,-0.4955,-0.4602
46598,DE21E,Landsberg am Lech,2020-03-01,9,-0.0352,-0.0394,-0.1007
46599,DE21E,Landsberg am Lech,2020-03-02,10,0.0256,-0.0144,0.0028
46600,DE21E,Landsberg am Lech,2020-03-03,10,-0.0035,0.001,0.0028
46601,DE21E,Landsberg am Lech,2020-03-04,10,0.029,-0.0067,0.0028
46602,DE21E,Landsberg am Lech,2020-03-05,10,0.0126,0.0034,0.0028
46603,DE21E,Landsberg am Lech,2020-03-06,10,-0.0037,0.0059,0.0028
46604,DE21E,Landsberg am Lech,2020-03-07,10,-0.0715,0.0016,0.0028
46605,DE21E,Landsberg am Lech,2020-03-08,10,0.0353,-0.0036,0.0028
46606,DE21E,Landsberg am Lech,2020-03-09,11,0.0432,-0.0018,-0.0146
46607,DE21E,Landsberg am Lech,2020-03-10,11,-0.0338,0.0002,-0.0146
46608,DE21E,Landsberg am Lech,2020-03-11,11,-0.0075,-0.0041,-0.0146
46609,DE21E,Landsberg am Lech,2020-03-12,11,0.0253,-0.0179,-0.0146
46610,DE21E,Landsberg am Lech,2020-03-13,11,0.0102,-0.0311,-0.0146
46611,DE21E,Landsberg am Lech,2020-03-14,11,-0.1015,-0.0547,-0.0146
46612,DE21E,Landsberg am Lech,2020-03-15,11,-0.0611,-0.0803,-0.0146
46613,DE21E,Landsberg am Lech,2020-03-16,12,-0.0495,-0.117,-0.3014
46614,DE21E,Landsberg am Lech,2020-03-17,12,-0.1986,-0.1536,-0.3014
46615,DE21E,Landsberg am Lech,2020-03-18,12,-0.1867,-0.2353,-0.3014
46616,DE21E,Landsberg am Lech,2020-03-19,12,-0.2318,-0.3221,-0.3014
46617,DE21E,Landsberg am Lech,2020-03-20,12,-0.2461,-0.373,-0.3014
46618,DE21E,Landsberg am Lech,2020-03-21,12,-0.6735,-0.4067,-0.3014
46619,DE21E,Landsberg am Lech,2020-03-22,12,-0.6684,-0.442,-0.3014
46620,DE21E,Landsberg am Lech,2020-03-23,13,-0.4057,-0.4699,-0.4503
46621,DE21E,Landsberg am Lech,2020-03-24,13,-0.4347,-0.4916,-0.4503
46622,DE21E,Landsberg am Lech,2020-03-25,13,-0.434,-0.4585,-0.4503
46623,DE21E,Landsberg am Lech,2020-03-26,13,-0.4267,-0.4609,-0.4503
46624,DE21E,Landsberg am Lech,2020-03-27,13,-0.3981,-0.461,-0.4503
46625,DE21E,Landsberg am Lech,2020-03-28,13,-0.4418,-0.4548,-0.4503
46626,DE21E,Landsberg am Lech,2020-03-29,13,-0.6854,-0.444,-0.4503
46627,DE21E,Landsberg am Lech,2020-03-30,14,-0.4065,-0.4307,-0.3732
46628,DE21E,Landsberg am Lech,2020-03-31,14,-0.3912,-0.4168,-0.3732
47415,DE21F,Miesbach,2020-03-01,9,-0.1134,-0.0397,-0.059
47416,DE21F,Miesbach,2020-03-02,10,0.0144,-0.031,-0.0119
47417,DE21F,Miesbach,2020-03-03,10,-0.0352,-0.022,-0.0119
47418,DE21F,Miesbach,2020-03-04,10,0.0103,-0.0387,-0.0119
47419,DE21F,Miesbach,2020-03-05,10,0.0091,-0.0099,-0.0119
47420,DE21F,Miesbach,2020-03-06,10,0.0056,-0.0128,-0.0119
47421,DE21F,Miesbach,2020-03-07,10,-0.1615,-0.0158,-0.0119
47422,DE21F,Miesbach,2020-03-08,10,0.0882,-0.0208,-0.0119
47423,DE21F,Miesbach,2020-03-09,11,-0.0065,-0.0201,-0.0387
47424,DE21F,Miesbach,2020-03-10,11,-0.0556,-0.0248,-0.0387
47425,DE21F,Miesbach,2020-03-11,11,-0.0246,-0.0287,-0.0387
47426,DE21F,Miesbach,2020-03-12,11,0.0135,-0.0371,-0.0387
47427,DE21F,Miesbach,2020-03-13,11,-0.0269,-0.0487,-0.0387
47428,DE21F,Miesbach,2020-03-14,11,-0.1889,-0.0731,-0.0387
47429,DE21F,Miesbach,2020-03-15,11,0.029,-0.0989,-0.0387
47430,DE21F,Miesbach,2020-03-16,12,-0.0873,-0.1327,-0.3455
47431,DE21F,Miesbach,2020-03-17,12,-0.2266,-0.1656,-0.3455
47432,DE21F,Miesbach,2020-03-18,12,-0.2052,-0.2411,-0.3455
47433,DE21F,Miesbach,2020-03-19,12,-0.223,-0.351,-0.3455
47434,DE21F,Miesbach,2020-03-20,12,-0.2573,-0.3993,-0.3455
47435,DE21F,Miesbach,2020-03-21,12,-0.717,-0.4304,-0.3455
47436,DE21F,Miesbach,2020-03-22,12,-0.7407,-0.4663,-0.3455
47437,DE21F,Miesbach,2020-03-23,13,-0.425,-0.4993,-0.487
47438,DE21F,Miesbach,2020-03-24,13,-0.4446,-0.5228,-0.487
47439,DE21F,Miesbach,2020-03-25,13,-0.4563,-0.4926,-0.487
47440,DE21F,Miesbach,2020-03-26,13,-0.4539,-0.4915,-0.487
47441,DE21F,Miesbach,2020-03-27,13,-0.4218,-0.4951,-0.487
47442,DE21F,Miesbach,2020-03-28,13,-0.5056,-0.4927,-0.487
47443,DE21F,Miesbach,2020-03-29,13,-0.7328,-0.4836,-0.487
47444,DE21F,Miesbach,2020-03-30,14,-0.4506,-0.4734,-0.423
47445,DE21F,Miesbach,2020-03-31,14,-0.4278,-0.4649,-0.423
48232,DE21G,Mühldorf a. Inn,2020-03-01,9,0.0572,0.0361,0.0129
48233,DE21G,Mühldorf a. Inn,2020-03-02,10,0.0619,0.0406,0.038
48234,DE21G,Mühldorf a. Inn,2020-03-03,10,0.0554,0.0463,0.038
48235,DE21G,Mühldorf a. Inn,2020-03-04,10,0.0427,0.0406,0.038
48236,DE21G,Mühldorf a. Inn,2020-03-05,10,0.032,0.0379,0.038
48237,DE21G,Mühldorf a. Inn,2020-03-06,10,0.0193,0.0314,0.038
48238,DE21G,Mühldorf a. Inn,2020-03-07,10,0.0154,0.0234,0.038
48239,DE21G,Mühldorf a. Inn,2020-03-08,10,0.0387,0.0176,0.038
48240,DE21G,Mühldorf a. Inn,2020-03-09,11,0.0165,0.0054,-0.0553
48241,DE21G,Mühldorf a. Inn,2020-03-10,11,-0.0005,-0.0059,-0.0553
48242,DE21G,Mühldorf a. Inn,2020-03-11,11,0.0016,-0.0305,-0.0553
48243,DE21G,Mühldorf a. Inn,2020-03-12,11,-0.0532,-0.063,-0.0553
48244,DE21G,Mühldorf a. Inn,2020-03-13,11,-0.0597,-0.0819,-0.0553
48245,DE21G,Mühldorf a. Inn,2020-03-14,11,-0.1567,-0.1134,-0.0553
48246,DE21G,Mühldorf a. Inn,2020-03-15,11,-0.1892,-0.1492,-0.0553
48247,DE21G,Mühldorf a. Inn,2020-03-16,12,-0.1159,-0.1826,-0.3315
48248,DE21G,Mühldorf a. Inn,2020-03-17,12,-0.2208,-0.2139,-0.3315
48249,DE21G,Mühldorf a. Inn,2020-03-18,12,-0.2492,-0.287,-0.3315
48250,DE21G,Mühldorf a. Inn,2020-03-19,12,-0.287,-0.3513,-0.3315
48251,DE21G,Mühldorf a. Inn,2020-03-20,12,-0.2783,-0.395,-0.3315
48252,DE21G,Mühldorf a. Inn,2020-03-21,12,-0.6688,-0.4278,-0.3315
48253,DE21G,Mühldorf a. Inn,2020-03-22,12,-0.6394,-0.4592,-0.3315
48254,DE21G,Mühldorf a. Inn,2020-03-23,13,-0.4214,-0.484,-0.4804
48255,DE21G,Mühldorf a. Inn,2020-03-24,13,-0.4505,-0.5098,-0.4804
48256,DE21G,Mühldorf a. Inn,2020-03-25,13,-0.4687,-0.4894,-0.4804
48257,DE21G,Mühldorf a. Inn,2020-03-26,13,-0.4611,-0.4882,-0.4804
48258,DE21G,Mühldorf a. Inn,2020-03-27,13,-0.4584,-0.4937,-0.4804
48259,DE21G,Mühldorf a. Inn,2020-03-28,13,-0.5263,-0.4963,-0.4804
48260,DE21G,Mühldorf a. Inn,2020-03-29,13,-0.6312,-0.4919,-0.4804
48261,DE21G,Mühldorf a. Inn,2020-03-30,14,-0.4596,-0.4835,-0.4489
48262,DE21G,Mühldorf a. Inn,2020-03-31,14,-0.4692,-0.4717,-0.4489
49049,DE21H,"München, Landkreis",2020-03-01,9,-0.0015,-0.0104,-0.0418
49050,DE21H,"München, Landkreis",2020-03-02,10,-0.0005,0.0001,0.0105
49051,DE21H,"München, Landkreis",2020-03-03,10,0.0012,0.0081,0.0105
49052,DE21H,"München, Landkreis",2020-03-04,10,0.02,0.0036,0.0105
49053,DE21H,"München, Landkreis",2020-03-05,10,0.0128,0.0129,0.0105
49054,DE21H,"München, Landkreis",2020-03-06,10,0.0093,0.0175,0.0105
49055,DE21H,"München, Landkreis",2020-03-07,10,-0.0157,0.0119,0.0105
49056,DE21H,"München, Landkreis",2020-03-08,10,0.0634,0.0039,0.0105
49057,DE21H,"München, Landkreis",2020-03-09,11,0.0318,0.0002,-0.0244
49058,DE21H,"München, Landkreis",2020-03-10,11,-0.0381,-0.0047,-0.0244
49059,DE21H,"München, Landkreis",2020-03-11,11,-0.0365,-0.0129,-0.0244
49060,DE21H,"München, Landkreis",2020-03-12,11,-0.0127,-0.0263,-0.0244
49061,DE21H,"München, Landkreis",2020-03-13,11,-0.025,-0.0448,-0.0244
49062,DE21H,"München, Landkreis",2020-03-14,11,-0.0734,-0.0738,-0.0244
49063,DE21H,"München, Landkreis",2020-03-15,11,-0.0299,-0.1058,-0.0244
49064,DE21H,"München, Landkreis",2020-03-16,12,-0.0977,-0.1456,-0.3088
49065,DE21H,"München, Landkreis",2020-03-17,12,-0.2412,-0.1811,-0.3088
49066,DE21H,"München, Landkreis",2020-03-18,12,-0.2608,-0.259,-0.3088
49067,DE21H,"München, Landkreis",2020-03-19,12,-0.2912,-0.3356,-0.3088
49068,DE21H,"München, Landkreis",2020-03-20,12,-0.2732,-0.3839,-0.3088
49069,DE21H,"München, Landkreis",2020-03-21,12,-0.6194,-0.4138,-0.3088
49070,DE21H,"München, Landkreis",2020-03-22,12,-0.5659,-0.4431,-0.3088
49071,DE21H,"München, Landkreis",2020-03-23,13,-0.4359,-0.4678,-0.449
49072,DE21H,"München, Landkreis",2020-03-24,13,-0.45,-0.4878,-0.449
49073,DE21H,"München, Landkreis",2020-03-25,13,-0.4659,-0.4524,-0.449
49074,DE21H,"München, Landkreis",2020-03-26,13,-0.4639,-0.4548,-0.449
49075,DE21H,"München, Landkreis",2020-03-27,13,-0.4132,-0.4555,-0.449
49076,DE21H,"München, Landkreis",2020-03-28,13,-0.372,-0.4513,-0.449
49077,DE21H,"München, Landkreis",2020-03-29,13,-0.5828,-0.4408,-0.449
49078,DE21H,"München, Landkreis",2020-03-30,14,-0.441,-0.4279,-0.3773
49079,DE21H,"München, Landkreis",2020-03-31,14,-0.4206,-0.4112,-0.3773
49866,DE21I,Neuburg-Schrobenhausen,2020-03-01,9,0.0733,0.0527,-0.0265
49867,DE21I,Neuburg-Schrobenhausen,2020-03-02,10,0.1014,0.0706,0.0951
49868,DE21I,Neuburg-Schrobenhausen,2020-03-03,10,0.1007,0.0857,0.0951
49869,DE21I,Neuburg-Schrobenhausen,2020-03-04,10,0.0971,0.084,0.0951
49870,DE21I,Neuburg-Schrobenhausen,2020-03-05,10,0.0699,0.0984,0.0951
49871,DE21I,Neuburg-Schrobenhausen,2020-03-06,10,0.086,0.103,0.0951
49872,DE21I,Neuburg-Schrobenhausen,2020-03-07,10,0.0593,0.0987,0.0951
49873,DE21I,Neuburg-Schrobenhausen,2020-03-08,10,0.1742,0.0965,0.0951
49874,DE21I,Neuburg-Schrobenhausen,2020-03-09,11,0.1338,0.1,0.0835
49875,DE21I,Neuburg-Schrobenhausen,2020-03-10,11,0.0706,0.1044,0.0835
49876,DE21I,Neuburg-Schrobenhausen,2020-03-11,11,0.0815,0.0996,0.0835
49877,DE21I,Neuburg-Schrobenhausen,2020-03-12,11,0.0948,0.0801,0.0835
49878,DE21I,Neuburg-Schrobenhausen,2020-03-13,11,0.1165,0.0673,0.0835
49879,DE21I,Neuburg-Schrobenhausen,2020-03-14,11,0.0258,0.048,0.0835
49880,DE21I,Neuburg-Schrobenhausen,2020-03-15,11,0.038,0.0213,0.0835
49881,DE21I,Neuburg-Schrobenhausen,2020-03-16,12,0.0442,-0.0132,-0.1898
49882,DE21I,Neuburg-Schrobenhausen,2020-03-17,12,-0.0651,-0.0474,-0.1898
49883,DE21I,Neuburg-Schrobenhausen,2020-03-18,12,-0.1053,-0.1325,-0.1898
49884,DE21I,Neuburg-Schrobenhausen,2020-03-19,12,-0.1464,-0.2126,-0.1898
49885,DE21I,Neuburg-Schrobenhausen,2020-03-20,12,-0.1234,-0.2614,-0.1898
49886,DE21I,Neuburg-Schrobenhausen,2020-03-21,12,-0.5695,-0.2987,-0.1898
49887,DE21I,Neuburg-Schrobenhausen,2020-03-22,12,-0.5228,-0.332,-0.1898
49888,DE21I,Neuburg-Schrobenhausen,2020-03-23,13,-0.2977,-0.3612,-0.3416
49889,DE21I,Neuburg-Schrobenhausen,2020-03-24,13,-0.3256,-0.3878,-0.3416
49890,DE21I,Neuburg-Schrobenhausen,2020-03-25,13,-0.3386,-0.3514,-0.3416
49891,DE21I,Neuburg-Schrobenhausen,2020-03-26,13,-0.3511,-0.3488,-0.3416
49892,DE21I,Neuburg-Schrobenhausen,2020-03-27,13,-0.3092,-0.3439,-0.3416
49893,DE21I,Neuburg-Schrobenhausen,2020-03-28,13,-0.315,-0.3407,-0.3416
49894,DE21I,Neuburg-Schrobenhausen,2020-03-29,13,-0.5041,-0.3267,-0.3416
49895,DE21I,Neuburg-Schrobenhausen,2020-03-30,14,-0.2638,-0.3101,-0.2567
49896,DE21I,Neuburg-Schrobenhausen,2020-03-31,14,-0.3029,-0.2897,-0.2567
50683,DE21J,Pfaffenhofen a. d. Ilm,2020-03-01,9,-0.0331,-0.0041,-0.0327
50684,DE21J,Pfaffenhofen a. d. Ilm,2020-03-02,10,0.0251,0.0061,0.0181
50685,DE21J,Pfaffenhofen a. d. Ilm,2020-03-03,10,0.0232,0.0124,0.0181
50686,DE21J,Pfaffenhofen a. d. Ilm,2020-03-04,10,0.0174,0.0092,0.0181
50687,DE21J,Pfaffenhofen a. d. Ilm,2020-03-05,10,0.0141,0.0185,0.0181
50688,DE21J,Pfaffenhofen a. d. Ilm,2020-03-06,10,0.016,0.0206,0.0181
50689,DE21J,Pfaffenhofen a. d. Ilm,2020-03-07,10,0.0014,0.0161,0.0181
50690,DE21J,Pfaffenhofen a. d. Ilm,2020-03-08,10,0.0319,0.0128,0.0181
50691,DE21J,Pfaffenhofen a. d. Ilm,2020-03-09,11,0.0403,0.0134,-0.0118
50692,DE21J,Pfaffenhofen a. d. Ilm,2020-03-10,11,-0.0086,0.0138,-0.0118
50693,DE21J,Pfaffenhofen a. d. Ilm,2020-03-11,11,-0.0053,0.0041,-0.0118
50694,DE21J,Pfaffenhofen a. d. Ilm,2020-03-12,11,0.0182,-0.0189,-0.0118
50695,DE21J,Pfaffenhofen a. d. Ilm,2020-03-13,11,0.0184,-0.0301,-0.0118
50696,DE21J,Pfaffenhofen a. d. Ilm,2020-03-14,11,-0.0663,-0.0484,-0.0118
50697,DE21J,Pfaffenhofen a. d. Ilm,2020-03-15,11,-0.1291,-0.0731,-0.0118
50698,DE21J,Pfaffenhofen a. d. Ilm,2020-03-16,12,-0.0381,-0.1047,-0.2536
50699,DE21J,Pfaffenhofen a. d. Ilm,2020-03-17,12,-0.1366,-0.1337,-0.2536
50700,DE21J,Pfaffenhofen a. d. Ilm,2020-03-18,12,-0.1782,-0.2106,-0.2536
50701,DE21J,Pfaffenhofen a. d. Ilm,2020-03-19,12,-0.2033,-0.2787,-0.2536
50702,DE21J,Pfaffenhofen a. d. Ilm,2020-03-20,12,-0.1847,-0.3235,-0.2536
50703,DE21J,Pfaffenhofen a. d. Ilm,2020-03-21,12,-0.6043,-0.3562,-0.2536
50704,DE21J,Pfaffenhofen a. d. Ilm,2020-03-22,12,-0.6058,-0.3855,-0.2536
50705,DE21J,Pfaffenhofen a. d. Ilm,2020-03-23,13,-0.3514,-0.41,-0.3937
50706,DE21J,Pfaffenhofen a. d. Ilm,2020-03-24,13,-0.3656,-0.4342,-0.3937
50707,DE21J,Pfaffenhofen a. d. Ilm,2020-03-25,13,-0.3835,-0.4045,-0.3937
50708,DE21J,Pfaffenhofen a. d. Ilm,2020-03-26,13,-0.3746,-0.404,-0.3937
50709,DE21J,Pfaffenhofen a. d. Ilm,2020-03-27,13,-0.3543,-0.4023,-0.3937
50710,DE21J,Pfaffenhofen a. d. Ilm,2020-03-28,13,-0.3964,-0.4004,-0.3937
50711,DE21J,Pfaffenhofen a. d. Ilm,2020-03-29,13,-0.6025,-0.3929,-0.3937
50712,DE21J,Pfaffenhofen a. d. Ilm,2020-03-30,14,-0.3394,-0.3854,-0.3408
50713,DE21J,Pfaffenhofen a. d. Ilm,2020-03-31,14,-0.3524,-0.3715,-0.3408
51500,DE21K,"Rosenheim, Landkreis",2020-03-01,9,-0.0905,-0.0125,-0.0095
51501,DE21K,"Rosenheim, Landkreis",2020-03-02,10,0.0078,-0.0105,-0.0336
51502,DE21K,"Rosenheim, Landkreis",2020-03-03,10,-0.0232,-0.0183,-0.0336
51503,DE21K,"Rosenheim, Landkreis",2020-03-04,10,-0.0069,-0.0394,-0.0336
51504,DE21K,"Rosenheim, Landkreis",2020-03-05,10,-0.016,-0.0332,-0.0336
51505,DE21K,"Rosenheim, Landkreis",2020-03-06,10,-0.0418,-0.0372,-0.0336
51506,DE21K,"Rosenheim, Landkreis",2020-03-07,10,-0.1054,-0.0412,-0.0336
51507,DE21K,"Rosenheim, Landkreis",2020-03-08,10,-0.0473,-0.047,-0.0336
51508,DE21K,"Rosenheim, Landkreis",2020-03-09,11,-0.0197,-0.0465,-0.0704
51509,DE21K,"Rosenheim, Landkreis",2020-03-10,11,-0.0514,-0.0481,-0.0704
51510,DE21K,"Rosenheim, Landkreis",2020-03-11,11,-0.0476,-0.0575,-0.0704
51511,DE21K,"Rosenheim, Landkreis",2020-03-12,11,-0.0124,-0.0715,-0.0704
51512,DE21K,"Rosenheim, Landkreis",2020-03-13,11,-0.053,-0.0794,-0.0704
51513,DE21K,"Rosenheim, Landkreis",2020-03-14,11,-0.1713,-0.0982,-0.0704
51514,DE21K,"Rosenheim, Landkreis",2020-03-15,11,-0.145,-0.1205,-0.0704
51515,DE21K,"Rosenheim, Landkreis",2020-03-16,12,-0.0752,-0.1515,-0.3193
51516,DE21K,"Rosenheim, Landkreis",2020-03-17,12,-0.1827,-0.182,-0.3193
51517,DE21K,"Rosenheim, Landkreis",2020-03-18,12,-0.2037,-0.2507,-0.3193
51518,DE21K,"Rosenheim, Landkreis",2020-03-19,12,-0.2298,-0.3236,-0.3193
51519,DE21K,"Rosenheim, Landkreis",2020-03-20,12,-0.2663,-0.3671,-0.3193
51520,DE21K,"Rosenheim, Landkreis",2020-03-21,12,-0.6523,-0.3958,-0.3193
51521,DE21K,"Rosenheim, Landkreis",2020-03-22,12,-0.6556,-0.4246,-0.3193
51522,DE21K,"Rosenheim, Landkreis",2020-03-23,13,-0.3791,-0.4499,-0.4421
51523,DE21K,"Rosenheim, Landkreis",2020-03-24,13,-0.384,-0.4704,-0.4421
51524,DE21K,"Rosenheim, Landkreis",2020-03-25,13,-0.4054,-0.4466,-0.4421
51525,DE21K,"Rosenheim, Landkreis",2020-03-26,13,-0.4066,-0.446,-0.4421
51526,DE21K,"Rosenheim, Landkreis",2020-03-27,13,-0.4096,-0.4492,-0.4421
51527,DE21K,"Rosenheim, Landkreis",2020-03-28,13,-0.4859,-0.4475,-0.4421
51528,DE21K,"Rosenheim, Landkreis",2020-03-29,13,-0.6511,-0.4413,-0.4421
51529,DE21K,"Rosenheim, Landkreis",2020-03-30,14,-0.4015,-0.4325,-0.3778
51530,DE21K,"Rosenheim, Landkreis",2020-03-31,14,-0.3721,-0.4194,-0.3778
52317,DE21L,Starnberg,2020-03-01,9,0.0182,0.0425,-0.0329
52318,DE21L,Starnberg,2020-03-02,10,0.1289,0.0639,0.0882
52319,DE21L,Starnberg,2020-03-03,10,0.1082,0.0809,0.0882
52320,DE21L,Starnberg,2020-03-04,10,0.1014,0.0713,0.0882
52321,DE21L,Starnberg,2020-03-05,10,0.0879,0.0872,0.0882
52322,DE21L,Starnberg,2020-03-06,10,0.0867,0.0861,0.0882
52323,DE21L,Starnberg,2020-03-07,10,-0.032,0.0769,0.0882
52324,DE21L,Starnberg,2020-03-08,10,0.1296,0.0742,0.0882
52325,DE21L,Starnberg,2020-03-09,11,0.1209,0.0718,0.0627
52326,DE21L,Starnberg,2020-03-10,11,0.0437,0.0658,0.0627
52327,DE21L,Starnberg,2020-03-11,11,0.0829,0.0633,0.0627
52328,DE21L,Starnberg,2020-03-12,11,0.071,0.0631,0.0627
52329,DE21L,Starnberg,2020-03-13,11,0.0446,0.0507,0.0627
52330,DE21L,Starnberg,2020-03-14,11,-0.0496,0.0258,0.0627
52331,DE21L,Starnberg,2020-03-15,11,0.1283,-0.0039,0.0627
52332,DE21L,Starnberg,2020-03-16,12,0.0341,-0.0368,-0.2272
52333,DE21L,Starnberg,2020-03-17,12,-0.1303,-0.0655,-0.2272
52334,DE21L,Starnberg,2020-03-18,12,-0.1253,-0.1446,-0.2272
52335,DE21L,Starnberg,2020-03-19,12,-0.159,-0.2514,-0.2272
52336,DE21L,Starnberg,2020-03-20,12,-0.1568,-0.3083,-0.2272
52337,DE21L,Starnberg,2020-03-21,12,-0.6032,-0.3425,-0.2272
52338,DE21L,Starnberg,2020-03-22,12,-0.6191,-0.3804,-0.2272
52339,DE21L,Starnberg,2020-03-23,13,-0.3643,-0.4134,-0.3866
52340,DE21L,Starnberg,2020-03-24,13,-0.3695,-0.4382,-0.3866
52341,DE21L,Starnberg,2020-03-25,13,-0.3907,-0.3937,-0.3866
52342,DE21L,Starnberg,2020-03-26,13,-0.39,-0.394,-0.3866
52343,DE21L,Starnberg,2020-03-27,13,-0.3306,-0.3936,-0.3866
52344,DE21L,Starnberg,2020-03-28,13,-0.292,-0.3894,-0.3866
52345,DE21L,Starnberg,2020-03-29,13,-0.621,-0.3785,-0.3866
52346,DE21L,Starnberg,2020-03-30,14,-0.3614,-0.366,-0.3159
52347,DE21L,Starnberg,2020-03-31,14,-0.3403,-0.3548,-0.3159
53134,DE21M,Traunstein,2020-03-01,9,-0.0734,-0.0232,-0.0272
53135,DE21M,Traunstein,2020-03-02,10,-0.0031,-0.0177,-0.0187
53136,DE21M,Traunstein,2020-03-03,10,-0.0407,-0.0143,-0.0187
53137,DE21M,Traunstein,2020-03-04,10,0.0026,-0.0329,-0.0187
53138,DE21M,Traunstein,2020-03-05,10,0.0005,-0.018,-0.0187
53139,DE21M,Traunstein,2020-03-06,10,-0.0169,-0.018,-0.0187
53140,DE21M,Traunstein,2020-03-07,10,-0.0994,-0.018,-0.0187
53141,DE21M,Traunstein,2020-03-08,10,0.0311,-0.0232,-0.0187
53142,DE21M,Traunstein,2020-03-09,11,-0.0032,-0.0213,-0.0487
53143,DE21M,Traunstein,2020-03-10,11,-0.0407,-0.0247,-0.0487
53144,DE21M,Traunstein,2020-03-11,11,-0.0342,-0.0334,-0.0487
53145,DE21M,Traunstein,2020-03-12,11,0.0143,-0.052,-0.0487
53146,DE21M,Traunstein,2020-03-13,11,-0.0409,-0.0638,-0.0487
53147,DE21M,Traunstein,2020-03-14,11,-0.1602,-0.0904,-0.0487
53148,DE21M,Traunstein,2020-03-15,11,-0.0989,-0.1196,-0.0487
53149,DE21M,Traunstein,2020-03-16,12,-0.0863,-0.1619,-0.3506
53150,DE21M,Traunstein,2020-03-17,12,-0.2263,-0.1989,-0.3506
53151,DE21M,Traunstein,2020-03-18,12,-0.239,-0.2787,-0.3506
53152,DE21M,Traunstein,2020-03-19,12,-0.2815,-0.3687,-0.3506
53153,DE21M,Traunstein,2020-03-20,12,-0.3002,-0.4186,-0.3506
53154,DE21M,Traunstein,2020-03-21,12,-0.7188,-0.4519,-0.3506
53155,DE21M,Traunstein,2020-03-22,12,-0.7287,-0.486,-0.3506
53156,DE21M,Traunstein,2020-03-23,13,-0.436,-0.5154,-0.4979
53157,DE21M,Traunstein,2020-03-24,13,-0.4593,-0.5378,-0.4979
53158,DE21M,Traunstein,2020-03-25,13,-0.4772,-0.5109,-0.4979
53159,DE21M,Traunstein,2020-03-26,13,-0.4878,-0.5054,-0.4979
53160,DE21M,Traunstein,2020-03-27,13,-0.4565,-0.5091,-0.4979
53161,DE21M,Traunstein,2020-03-28,13,-0.5309,-0.5058,-0.4979
53162,DE21M,Traunstein,2020-03-29,13,-0.6902,-0.4995,-0.4979
53163,DE21M,Traunstein,2020-03-30,14,-0.4622,-0.49,-0.4602
53164,DE21M,Traunstein,2020-03-31,14,-0.4358,-0.4832,-0.4602
53951,DE21N,Weilheim-Schongau,2020-03-01,9,-0.0366,-0.0052,-0.0468
53952,DE21N,Weilheim-Schongau,2020-03-02,10,0.0295,0.0018,-0.014
53953,DE21N,Weilheim-Schongau,2020-03-03,10,0.0151,0.0029,-0.014
53954,DE21N,Weilheim-Schongau,2020-03-04,10,0.0233,-0.0234,-0.014
53955,DE21N,Weilheim-Schongau,2020-03-05,10,-0.0248,-0.0135,-0.014
53956,DE21N,Weilheim-Schongau,2020-03-06,10,-0.0316,-0.0194,-0.014
53957,DE21N,Weilheim-Schongau,2020-03-07,10,-0.1386,-0.0267,-0.014
53958,DE21N,Weilheim-Schongau,2020-03-08,10,0.0324,-0.0325,-0.014
53959,DE21N,Weilheim-Schongau,2020-03-09,11,-0.0114,-0.0299,-0.0333
53960,DE21N,Weilheim-Schongau,2020-03-10,11,-0.0364,-0.0295,-0.0333
53961,DE21N,Weilheim-Schongau,2020-03-11,11,-0.017,-0.0284,-0.0333
53962,DE21N,Weilheim-Schongau,2020-03-12,11,-0.0066,-0.0336,-0.0333
53963,DE21N,Weilheim-Schongau,2020-03-13,11,-0.0292,-0.0411,-0.0333
53964,DE21N,Weilheim-Schongau,2020-03-14,11,-0.1307,-0.0593,-0.0333
53965,DE21N,Weilheim-Schongau,2020-03-15,11,-0.0038,-0.0811,-0.0333
53966,DE21N,Weilheim-Schongau,2020-03-16,12,-0.0643,-0.1087,-0.2823
53967,DE21N,Weilheim-Schongau,2020-03-17,12,-0.1632,-0.1342,-0.2823
53968,DE21N,Weilheim-Schongau,2020-03-18,12,-0.1696,-0.21,-0.2823
53969,DE21N,Weilheim-Schongau,2020-03-19,12,-0.2,-0.302,-0.2823
53970,DE21N,Weilheim-Schongau,2020-03-20,12,-0.2081,-0.3457,-0.2823
53971,DE21N,Weilheim-Schongau,2020-03-21,12,-0.6608,-0.3782,-0.2823
53972,DE21N,Weilheim-Schongau,2020-03-22,12,-0.6481,-0.4137,-0.2823
53973,DE21N,Weilheim-Schongau,2020-03-23,13,-0.3699,-0.4457,-0.426
53974,DE21N,Weilheim-Schongau,2020-03-24,13,-0.3911,-0.4704,-0.426
53975,DE21N,Weilheim-Schongau,2020-03-25,13,-0.418,-0.4334,-0.426
53976,DE21N,Weilheim-Schongau,2020-03-26,13,-0.4241,-0.4349,-0.426
53977,DE21N,Weilheim-Schongau,2020-03-27,13,-0.3806,-0.4411,-0.426
53978,DE21N,Weilheim-Schongau,2020-03-28,13,-0.4018,-0.4377,-0.426
53979,DE21N,Weilheim-Schongau,2020-03-29,13,-0.659,-0.4296,-0.426
53980,DE21N,Weilheim-Schongau,2020-03-30,14,-0.4133,-0.4105,-0.343
53981,DE21N,Weilheim-Schongau,2020-03-31,14,-0.3673,-0.393,-0.343
54768,DE221,"Landshut, Kreisfreie Stadt",2020-03-01,9,-0.0031,0.0902,0.078
54769,DE221,"Landshut, Kreisfreie Stadt",2020-03-02,10,0.1267,0.0962,0.0811
54770,DE221,"Landshut, Kreisfreie Stadt",2020-03-03,10,0.1117,0.09,0.0811
54771,DE221,"Landshut, Kreisfreie Stadt",2020-03-04,10,0.0843,0.0715,0.0811
54772,DE221,"Landshut, Kreisfreie Stadt",2020-03-05,10,0.0839,0.0791,0.0811
54773,DE221,"Landshut, Kreisfreie Stadt",2020-03-06,10,0.059,0.076,0.0811
54774,DE221,"Landshut, Kreisfreie Stadt",2020-03-07,10,0.0379,0.0688,0.0811
54775,DE221,"Landshut, Kreisfreie Stadt",2020-03-08,10,0.0499,0.0646,0.0811
54776,DE221,"Landshut, Kreisfreie Stadt",2020-03-09,11,0.105,0.0576,0.0005
54777,DE221,"Landshut, Kreisfreie Stadt",2020-03-10,11,0.0614,0.0479,0.0005
54778,DE221,"Landshut, Kreisfreie Stadt",2020-03-11,11,0.055,0.0234,0.0005
54779,DE221,"Landshut, Kreisfreie Stadt",2020-03-12,11,0.0349,-0.0125,0.0005
54780,DE221,"Landshut, Kreisfreie Stadt",2020-03-13,11,-0.0091,-0.0406,0.0005
54781,DE221,"Landshut, Kreisfreie Stadt",2020-03-14,11,-0.1331,-0.0795,0.0005
54782,DE221,"Landshut, Kreisfreie Stadt",2020-03-15,11,-0.2014,-0.1275,0.0005
54783,DE221,"Landshut, Kreisfreie Stadt",2020-03-16,12,-0.0917,-0.175,-0.3356
54784,DE221,"Landshut, Kreisfreie Stadt",2020-03-17,12,-0.211,-0.2189,-0.3356
54785,DE221,"Landshut, Kreisfreie Stadt",2020-03-18,12,-0.2809,-0.2973,-0.3356
54786,DE221,"Landshut, Kreisfreie Stadt",2020-03-19,12,-0.2978,-0.3565,-0.3356
54787,DE221,"Landshut, Kreisfreie Stadt",2020-03-20,12,-0.3165,-0.4052,-0.3356
54788,DE221,"Landshut, Kreisfreie Stadt",2020-03-21,12,-0.6815,-0.4392,-0.3356
54789,DE221,"Landshut, Kreisfreie Stadt",2020-03-22,12,-0.6159,-0.4677,-0.3356
54790,DE221,"Landshut, Kreisfreie Stadt",2020-03-23,13,-0.4327,-0.4941,-0.4966
54791,DE221,"Landshut, Kreisfreie Stadt",2020-03-24,13,-0.4491,-0.5215,-0.4966
54792,DE221,"Landshut, Kreisfreie Stadt",2020-03-25,13,-0.4805,-0.5024,-0.4966
54793,DE221,"Landshut, Kreisfreie Stadt",2020-03-26,13,-0.4827,-0.5043,-0.4966
54794,DE221,"Landshut, Kreisfreie Stadt",2020-03-27,13,-0.5079,-0.5051,-0.4966
54795,DE221,"Landshut, Kreisfreie Stadt",2020-03-28,13,-0.5484,-0.5032,-0.4966
54796,DE221,"Landshut, Kreisfreie Stadt",2020-03-29,13,-0.6291,-0.4978,-0.4966
54797,DE221,"Landshut, Kreisfreie Stadt",2020-03-30,14,-0.4377,-0.4888,-0.4384
54798,DE221,"Landshut, Kreisfreie Stadt",2020-03-31,14,-0.4362,-0.4691,-0.4384
55585,DE222,"Passau, Kreisfreie Stadt",2020-03-01,9,-0.0647,-0.0424,-0.0888
55586,DE222,"Passau, Kreisfreie Stadt",2020-03-02,10,0.0072,-0.0289,-0.0149
55587,DE222,"Passau, Kreisfreie Stadt",2020-03-03,10,0.0095,-0.02,-0.0149
55588,DE222,"Passau, Kreisfreie Stadt",2020-03-04,10,0.0008,-0.0226,-0.0149
55589,DE222,"Passau, Kreisfreie Stadt",2020-03-05,10,0.0155,-0.0145,-0.0149
55590,DE222,"Passau, Kreisfreie Stadt",2020-03-06,10,-0.0388,-0.0121,-0.0149
55591,DE222,"Passau, Kreisfreie Stadt",2020-03-07,10,-0.0878,-0.0092,-0.0149
55592,DE222,"Passau, Kreisfreie Stadt",2020-03-08,10,-0.008,-0.011,-0.0149
55593,DE222,"Passau, Kreisfreie Stadt",2020-03-09,11,0.024,-0.009,-0.0498
55594,DE222,"Passau, Kreisfreie Stadt",2020-03-10,11,0.0299,-0.0137,-0.0498
55595,DE222,"Passau, Kreisfreie Stadt",2020-03-11,11,-0.0118,-0.0352,-0.0498
55596,DE222,"Passau, Kreisfreie Stadt",2020-03-12,11,0.0292,-0.056,-0.0498
55597,DE222,"Passau, Kreisfreie Stadt",2020-03-13,11,-0.0716,-0.0825,-0.0498
55598,DE222,"Passau, Kreisfreie Stadt",2020-03-14,11,-0.2381,-0.1311,-0.0498
55599,DE222,"Passau, Kreisfreie Stadt",2020-03-15,11,-0.1538,-0.1805,-0.0498
55600,DE222,"Passau, Kreisfreie Stadt",2020-03-16,12,-0.1614,-0.2372,-0.4063
55601,DE222,"Passau, Kreisfreie Stadt",2020-03-17,12,-0.31,-0.2852,-0.4063
55602,DE222,"Passau, Kreisfreie Stadt",2020-03-18,12,-0.3579,-0.3514,-0.4063
55603,DE222,"Passau, Kreisfreie Stadt",2020-03-19,12,-0.3677,-0.4191,-0.4063
55604,DE222,"Passau, Kreisfreie Stadt",2020-03-20,12,-0.4076,-0.4636,-0.4063
55605,DE222,"Passau, Kreisfreie Stadt",2020-03-21,12,-0.7012,-0.4873,-0.4063
55606,DE222,"Passau, Kreisfreie Stadt",2020-03-22,12,-0.6277,-0.5067,-0.4063
55607,DE222,"Passau, Kreisfreie Stadt",2020-03-23,13,-0.4733,-0.5269,-0.5232
55608,DE222,"Passau, Kreisfreie Stadt",2020-03-24,13,-0.4758,-0.5461,-0.5232
55609,DE222,"Passau, Kreisfreie Stadt",2020-03-25,13,-0.4937,-0.5313,-0.5232
55610,DE222,"Passau, Kreisfreie Stadt",2020-03-26,13,-0.5092,-0.5274,-0.5232
55611,DE222,"Passau, Kreisfreie Stadt",2020-03-27,13,-0.5421,-0.5268,-0.5232
55612,DE222,"Passau, Kreisfreie Stadt",2020-03-28,13,-0.5975,-0.5298,-0.5232
55613,DE222,"Passau, Kreisfreie Stadt",2020-03-29,13,-0.6002,-0.5349,-0.5232
55614,DE222,"Passau, Kreisfreie Stadt",2020-03-30,14,-0.4692,-0.5389,-0.5453
55615,DE222,"Passau, Kreisfreie Stadt",2020-03-31,14,-0.4967,-0.5368,-0.5453
56402,DE223,"Straubing, Kreisfreie Stadt",2020-03-01,9,-0.0257,0.0048,-0.0498
56403,DE223,"Straubing, Kreisfreie Stadt",2020-03-02,10,0.0446,0.0161,0.0322
56404,DE223,"Straubing, Kreisfreie Stadt",2020-03-03,10,0.0558,0.0227,0.0322
56405,DE223,"Straubing, Kreisfreie Stadt",2020-03-04,10,0.0023,0.0178,0.0322
56406,DE223,"Straubing, Kreisfreie Stadt",2020-03-05,10,0.0292,0.0354,0.0322
56407,DE223,"Straubing, Kreisfreie Stadt",2020-03-06,10,0.0243,0.0402,0.0322
56408,DE223,"Straubing, Kreisfreie Stadt",2020-03-07,10,-0.0056,0.0382,0.0322
56409,DE223,"Straubing, Kreisfreie Stadt",2020-03-08,10,0.0975,0.0411,0.0322
56410,DE223,"Straubing, Kreisfreie Stadt",2020-03-09,11,0.0775,0.0427,0.0019
56411,DE223,"Straubing, Kreisfreie Stadt",2020-03-10,11,0.0422,0.0396,0.0019
56412,DE223,"Straubing, Kreisfreie Stadt",2020-03-11,11,0.0229,0.0251,0.0019
56413,DE223,"Straubing, Kreisfreie Stadt",2020-03-12,11,0.0402,-0.0081,0.0019
56414,DE223,"Straubing, Kreisfreie Stadt",2020-03-13,11,0.0028,-0.0265,0.0019
56415,DE223,"Straubing, Kreisfreie Stadt",2020-03-14,11,-0.1076,-0.0574,0.0019
56416,DE223,"Straubing, Kreisfreie Stadt",2020-03-15,11,-0.1348,-0.0938,0.0019
56417,DE223,"Straubing, Kreisfreie Stadt",2020-03-16,12,-0.0508,-0.1374,-0.3058
56418,DE223,"Straubing, Kreisfreie Stadt",2020-03-17,12,-0.1743,-0.1802,-0.3058
56419,DE223,"Straubing, Kreisfreie Stadt",2020-03-18,12,-0.2317,-0.2614,-0.3058
56420,DE223,"Straubing, Kreisfreie Stadt",2020-03-19,12,-0.2657,-0.3308,-0.3058
56421,DE223,"Straubing, Kreisfreie Stadt",2020-03-20,12,-0.2966,-0.3806,-0.3058
56422,DE223,"Straubing, Kreisfreie Stadt",2020-03-21,12,-0.6762,-0.4134,-0.3058
56423,DE223,"Straubing, Kreisfreie Stadt",2020-03-22,12,-0.6205,-0.4438,-0.3058
56424,DE223,"Straubing, Kreisfreie Stadt",2020-03-23,13,-0.3989,-0.4709,-0.4544
56425,DE223,"Straubing, Kreisfreie Stadt",2020-03-24,13,-0.4038,-0.4931,-0.4544
56426,DE223,"Straubing, Kreisfreie Stadt",2020-03-25,13,-0.4449,-0.4666,-0.4544
56427,DE223,"Straubing, Kreisfreie Stadt",2020-03-26,13,-0.4554,-0.463,-0.4544
56428,DE223,"Straubing, Kreisfreie Stadt",2020-03-27,13,-0.4516,-0.4599,-0.4544
56429,DE223,"Straubing, Kreisfreie Stadt",2020-03-28,13,-0.491,-0.457,-0.4544
56430,DE223,"Straubing, Kreisfreie Stadt",2020-03-29,13,-0.5955,-0.4448,-0.4544
56431,DE223,"Straubing, Kreisfreie Stadt",2020-03-30,14,-0.3768,-0.4317,-0.3826
56432,DE223,"Straubing, Kreisfreie Stadt",2020-03-31,14,-0.384,-0.4111,-0.3826
57219,DE224,Deggendorf,2020-03-01,9,-0.1404,-0.0714,-0.0931
57220,DE224,Deggendorf,2020-03-02,10,-0.0247,-0.07,-0.0509
57221,DE224,Deggendorf,2020-03-03,10,-0.0581,-0.0576,-0.0509
57222,DE224,Deggendorf,2020-03-04,10,-0.0489,-0.0621,-0.0509
57223,DE224,Deggendorf,2020-03-05,10,-0.0505,-0.0524,-0.0509
57224,DE224,Deggendorf,2020-03-06,10,-0.0358,-0.0531,-0.0509
57225,DE224,Deggendorf,2020-03-07,10,-0.0762,-0.0557,-0.0509
57226,DE224,Deggendorf,2020-03-08,10,-0.0723,-0.0618,-0.0509
57227,DE224,Deggendorf,2020-03-09,11,-0.0299,-0.0639,-0.0928
57228,DE224,Deggendorf,2020-03-10,11,-0.0763,-0.068,-0.0928
57229,DE224,Deggendorf,2020-03-11,11,-0.0918,-0.0836,-0.0928
57230,DE224,Deggendorf,2020-03-12,11,-0.0649,-0.0982,-0.0928
57231,DE224,Deggendorf,2020-03-13,11,-0.0645,-0.1135,-0.0928
57232,DE224,Deggendorf,2020-03-14,11,-0.1852,-0.1398,-0.0928
57233,DE224,Deggendorf,2020-03-15,11,-0.175,-0.1636,-0.0928
57234,DE224,Deggendorf,2020-03-16,12,-0.1367,-0.194,-0.3292
57235,DE224,Deggendorf,2020-03-17,12,-0.2607,-0.2225,-0.3292
57236,DE224,Deggendorf,2020-03-18,12,-0.2584,-0.2862,-0.3292
57237,DE224,Deggendorf,2020-03-19,12,-0.2776,-0.3466,-0.3292
57238,DE224,Deggendorf,2020-03-20,12,-0.2638,-0.3827,-0.3292
57239,DE224,Deggendorf,2020-03-21,12,-0.6315,-0.401,-0.3292
57240,DE224,Deggendorf,2020-03-22,12,-0.5975,-0.4235,-0.3292
57241,DE224,Deggendorf,2020-03-23,13,-0.3895,-0.4452,-0.4272
57242,DE224,Deggendorf,2020-03-24,13,-0.3888,-0.4655,-0.4272
57243,DE224,Deggendorf,2020-03-25,13,-0.4156,-0.4399,-0.4272
57244,DE224,Deggendorf,2020-03-26,13,-0.4294,-0.4333,-0.4272
57245,DE224,Deggendorf,2020-03-27,13,-0.4061,-0.4304,-0.4272
57246,DE224,Deggendorf,2020-03-28,13,-0.4526,-0.4309,-0.4272
57247,DE224,Deggendorf,2020-03-29,13,-0.5514,-0.4282,-0.4272
57248,DE224,Deggendorf,2020-03-30,14,-0.3687,-0.4154,-0.3852
57249,DE224,Deggendorf,2020-03-31,14,-0.3924,-0.4022,-0.3852
58036,DE225,Freyung-Grafenau,2020-03-01,9,-0.0088,0.004,-0.0022
58037,DE225,Freyung-Grafenau,2020-03-02,10,0.0609,-0.0017,-0.0044
58038,DE225,Freyung-Grafenau,2020-03-03,10,0.0363,0.0007,-0.0044
58039,DE225,Freyung-Grafenau,2020-03-04,10,0.0028,-0.0074,-0.0044
58040,DE225,Freyung-Grafenau,2020-03-05,10,0.0212,-0.0063,-0.0044
58041,DE225,Freyung-Grafenau,2020-03-06,10,-0.0391,-0.0177,-0.0044
58042,DE225,Freyung-Grafenau,2020-03-07,10,-0.1254,-0.0212,-0.0044
58043,DE225,Freyung-Grafenau,2020-03-08,10,-0.0005,-0.0322,-0.0044
58044,DE225,Freyung-Grafenau,2020-03-09,11,-0.0194,-0.04,-0.0846
58045,DE225,Freyung-Grafenau,2020-03-10,11,0.0122,-0.044,-0.0846
58046,DE225,Freyung-Grafenau,2020-03-11,11,-0.0742,-0.0683,-0.0846
58047,DE225,Freyung-Grafenau,2020-03-12,11,-0.0336,-0.0943,-0.0846
58048,DE225,Freyung-Grafenau,2020-03-13,11,-0.0671,-0.1096,-0.0846
58049,DE225,Freyung-Grafenau,2020-03-14,11,-0.2955,-0.1449,-0.0846
58050,DE225,Freyung-Grafenau,2020-03-15,11,-0.1825,-0.1783,-0.0846
58051,DE225,Freyung-Grafenau,2020-03-16,12,-0.1265,-0.2231,-0.3726
58052,DE225,Freyung-Grafenau,2020-03-17,12,-0.235,-0.2669,-0.3726
58053,DE225,Freyung-Grafenau,2020-03-18,12,-0.3076,-0.3268,-0.3726
58054,DE225,Freyung-Grafenau,2020-03-19,12,-0.3477,-0.3953,-0.3726
58055,DE225,Freyung-Grafenau,2020-03-20,12,-0.3737,-0.4374,-0.3726
58056,DE225,Freyung-Grafenau,2020-03-21,12,-0.7148,-0.4671,-0.3726
58057,DE225,Freyung-Grafenau,2020-03-22,12,-0.6619,-0.4944,-0.3726
58058,DE225,Freyung-Grafenau,2020-03-23,13,-0.4214,-0.5281,-0.5407
58059,DE225,Freyung-Grafenau,2020-03-24,13,-0.4423,-0.5597,-0.5407
58060,DE225,Freyung-Grafenau,2020-03-25,13,-0.4988,-0.5492,-0.5407
58061,DE225,Freyung-Grafenau,2020-03-26,13,-0.5836,-0.5481,-0.5407
58062,DE225,Freyung-Grafenau,2020-03-27,13,-0.595,-0.566,-0.5407
58063,DE225,Freyung-Grafenau,2020-03-28,13,-0.6416,-0.5774,-0.5407
58064,DE225,Freyung-Grafenau,2020-03-29,13,-0.6538,-0.5874,-0.5407
58065,DE225,Freyung-Grafenau,2020-03-30,14,-0.5468,-0.5872,-0.5848
58066,DE225,Freyung-Grafenau,2020-03-31,14,-0.522,-0.5836,-0.5848
58853,DE226,Kelheim,2020-03-01,9,-0.0549,0.0305,-0.0664
58854,DE226,Kelheim,2020-03-02,10,0.1252,0.0547,0.0748
58855,DE226,Kelheim,2020-03-03,10,0.12,0.0674,0.0748
58856,DE226,Kelheim,2020-03-04,10,0.1179,0.0584,0.0748
58857,DE226,Kelheim,2020-03-05,10,0.084,0.0718,0.0748
58858,DE226,Kelheim,2020-03-06,10,0.0492,0.0665,0.0748
58859,DE226,Kelheim,2020-03-07,10,-0.0326,0.0594,0.0748
58860,DE226,Kelheim,2020-03-08,10,0.039,0.0519,0.0748
58861,DE226,Kelheim,2020-03-09,11,0.0878,0.0471,0.0254
58862,DE226,Kelheim,2020-03-10,11,0.0706,0.0458,0.0254
58863,DE226,Kelheim,2020-03-11,11,0.0653,0.0398,0.0254
58864,DE226,Kelheim,2020-03-12,11,0.0505,0.0176,0.0254
58865,DE226,Kelheim,2020-03-13,11,0.0401,0.0032,0.0254
58866,DE226,Kelheim,2020-03-14,11,-0.0747,-0.0234,0.0254
58867,DE226,Kelheim,2020-03-15,11,-0.1163,-0.0538,0.0254
58868,DE226,Kelheim,2020-03-16,12,-0.0128,-0.0868,-0.2394
58869,DE226,Kelheim,2020-03-17,12,-0.116,-0.1176,-0.2394
58870,DE226,Kelheim,2020-03-18,12,-0.1475,-0.19,-0.2394
58871,DE226,Kelheim,2020-03-19,12,-0.1801,-0.2614,-0.2394
58872,DE226,Kelheim,2020-03-20,12,-0.1756,-0.3087,-0.2394
58873,DE226,Kelheim,2020-03-21,12,-0.5814,-0.3444,-0.2394
58874,DE226,Kelheim,2020-03-22,12,-0.6165,-0.3773,-0.2394
58875,DE226,Kelheim,2020-03-23,13,-0.3435,-0.4065,-0.4037
58876,DE226,Kelheim,2020-03-24,13,-0.3664,-0.4363,-0.4037
58877,DE226,Kelheim,2020-03-25,13,-0.3778,-0.413,-0.4037
58878,DE226,Kelheim,2020-03-26,13,-0.3843,-0.4131,-0.4037
58879,DE226,Kelheim,2020-03-27,13,-0.3846,-0.4124,-0.4037
58880,DE226,Kelheim,2020-03-28,13,-0.4182,-0.4104,-0.4037
58881,DE226,Kelheim,2020-03-29,13,-0.617,-0.4093,-0.4037
58882,DE226,Kelheim,2020-03-30,14,-0.3384,-0.4018,-0.3741
58883,DE226,Kelheim,2020-03-31,14,-0.3525,-0.3912,-0.3741
59670,DE227,"Landshut, Landkreis",2020-03-01,9,-0.077,-0.0672,-0.0847
59671,DE227,"Landshut, Landkreis",2020-03-02,10,-0.0372,-0.0613,-0.068
59672,DE227,"Landshut, Landkreis",2020-03-03,10,-0.0588,-0.0604,-0.068
59673,DE227,"Landshut, Landkreis",2020-03-04,10,-0.0514,-0.0676,-0.068
59674,DE227,"Landshut, Landkreis",2020-03-05,10,-0.0701,-0.0695,-0.068
59675,DE227,"Landshut, Landkreis",2020-03-06,10,-0.0813,-0.0733,-0.068
59676,DE227,"Landshut, Landkreis",2020-03-07,10,-0.0975,-0.0758,-0.068
59677,DE227,"Landshut, Landkreis",2020-03-08,10,-0.0905,-0.0777,-0.068
59678,DE227,"Landshut, Landkreis",2020-03-09,11,-0.0634,-0.0748,-0.0898
59679,DE227,"Landshut, Landkreis",2020-03-10,11,-0.0761,-0.0716,-0.0898
59680,DE227,"Landshut, Landkreis",2020-03-11,11,-0.0651,-0.0811,-0.0898
59681,DE227,"Landshut, Landkreis",2020-03-12,11,-0.0498,-0.0974,-0.0898
59682,DE227,"Landshut, Landkreis",2020-03-13,11,-0.0589,-0.1047,-0.0898
59683,DE227,"Landshut, Landkreis",2020-03-14,11,-0.1636,-0.122,-0.0898
59684,DE227,"Landshut, Landkreis",2020-03-15,11,-0.205,-0.1443,-0.0898
59685,DE227,"Landshut, Landkreis",2020-03-16,12,-0.1146,-0.174,-0.3051
59686,DE227,"Landshut, Landkreis",2020-03-17,12,-0.1971,-0.2013,-0.3051
59687,DE227,"Landshut, Landkreis",2020-03-18,12,-0.2213,-0.269,-0.3051
59688,DE227,"Landshut, Landkreis",2020-03-19,12,-0.2573,-0.3276,-0.3051
59689,DE227,"Landshut, Landkreis",2020-03-20,12,-0.2503,-0.3687,-0.3051
59690,DE227,"Landshut, Landkreis",2020-03-21,12,-0.6377,-0.3983,-0.3051
59691,DE227,"Landshut, Landkreis",2020-03-22,12,-0.6149,-0.4279,-0.3051
59692,DE227,"Landshut, Landkreis",2020-03-23,13,-0.402,-0.4533,-0.4402
59693,DE227,"Landshut, Landkreis",2020-03-24,13,-0.4047,-0.4782,-0.4402
59694,DE227,"Landshut, Landkreis",2020-03-25,13,-0.4283,-0.4512,-0.4402
59695,DE227,"Landshut, Landkreis",2020-03-26,13,-0.4351,-0.4481,-0.4402
59696,DE227,"Landshut, Landkreis",2020-03-27,13,-0.425,-0.4479,-0.4402
59697,DE227,"Landshut, Landkreis",2020-03-28,13,-0.4483,-0.4484,-0.4402
59698,DE227,"Landshut, Landkreis",2020-03-29,13,-0.5932,-0.4455,-0.4402
59699,DE227,"Landshut, Landkreis",2020-03-30,14,-0.4011,-0.4346,-0.3937
59700,DE227,"Landshut, Landkreis",2020-03-31,14,-0.408,-0.4199,-0.3937
60487,DE228,"Passau, Landkreis",2020-03-01,9,-0.0737,0.0029,0.015
60488,DE228,"Passau, Landkreis",2020-03-02,10,0.0016,-0.0006,-0.0231
60489,DE228,"Passau, Landkreis",2020-03-03,10,-0.0144,-0.0079,-0.0231
60490,DE228,"Passau, Landkreis",2020-03-04,10,-0.0219,-0.0307,-0.0231
60491,DE228,"Passau, Landkreis",2020-03-05,10,-0.0039,-0.0237,-0.0231
60492,DE228,"Passau, Landkreis",2020-03-06,10,-0.0251,-0.0232,-0.0231
60493,DE228,"Passau, Landkreis",2020-03-07,10,-0.0775,-0.0215,-0.0231
60494,DE228,"Passau, Landkreis",2020-03-08,10,-0.0244,-0.0227,-0.0231
60495,DE228,"Passau, Landkreis",2020-03-09,11,0.0053,-0.0211,-0.0445
60496,DE228,"Passau, Landkreis",2020-03-10,11,-0.0028,-0.0194,-0.0445
60497,DE228,"Passau, Landkreis",2020-03-11,11,-0.0306,-0.0284,-0.0445
60498,DE228,"Passau, Landkreis",2020-03-12,11,0.0074,-0.0502,-0.0445
60499,DE228,"Passau, Landkreis",2020-03-13,11,-0.0132,-0.0659,-0.0445
60500,DE228,"Passau, Landkreis",2020-03-14,11,-0.1403,-0.0955,-0.0445
60501,DE228,"Passau, Landkreis",2020-03-15,11,-0.1775,-0.1315,-0.0445
60502,DE228,"Passau, Landkreis",2020-03-16,12,-0.1043,-0.1754,-0.3382
60503,DE228,"Passau, Landkreis",2020-03-17,12,-0.2101,-0.2158,-0.3382
60504,DE228,"Passau, Landkreis",2020-03-18,12,-0.2825,-0.2837,-0.3382
60505,DE228,"Passau, Landkreis",2020-03-19,12,-0.2999,-0.3517,-0.3382
60506,DE228,"Passau, Landkreis",2020-03-20,12,-0.2959,-0.3923,-0.3382
60507,DE228,"Passau, Landkreis",2020-03-21,12,-0.6158,-0.4164,-0.3382
60508,DE228,"Passau, Landkreis",2020-03-22,12,-0.6535,-0.4317,-0.3382
60509,DE228,"Passau, Landkreis",2020-03-23,13,-0.3885,-0.4516,-0.4446
60510,DE228,"Passau, Landkreis",2020-03-24,13,-0.3789,-0.4725,-0.4446
60511,DE228,"Passau, Landkreis",2020-03-25,13,-0.3892,-0.4568,-0.4446
60512,DE228,"Passau, Landkreis",2020-03-26,13,-0.4396,-0.451,-0.4446
60513,DE228,"Passau, Landkreis",2020-03-27,13,-0.442,-0.4534,-0.4446
60514,DE228,"Passau, Landkreis",2020-03-28,13,-0.5057,-0.4587,-0.4446
60515,DE228,"Passau, Landkreis",2020-03-29,13,-0.6128,-0.4645,-0.4446
60516,DE228,"Passau, Landkreis",2020-03-30,14,-0.4057,-0.4605,-0.4494
60517,DE228,"Passau, Landkreis",2020-03-31,14,-0.4155,-0.4533,-0.4494
61304,DE229,Regen,2020-03-01,9,0.0516,0.1464,0.1919
61305,DE229,Regen,2020-03-02,10,0.1377,0.1402,0.1158
61306,DE229,Regen,2020-03-03,10,0.1184,0.1209,0.1158
61307,DE229,Regen,2020-03-04,10,0.1585,0.1046,0.1158
61308,DE229,Regen,2020-03-05,10,0.1726,0.1158,0.1158
61309,DE229,Regen,2020-03-06,10,0.0848,0.1082,0.1158
61310,DE229,Regen,2020-03-07,10,0.0085,0.1063,0.1158
61311,DE229,Regen,2020-03-08,10,0.1302,0.0874,0.1158
61312,DE229,Regen,2020-03-09,11,0.0845,0.0761,0.0124
61313,DE229,Regen,2020-03-10,11,0.1053,0.0683,0.0124
61314,DE229,Regen,2020-03-11,11,0.0261,0.0431,0.0124
61315,DE229,Regen,2020-03-12,11,0.0934,0.0038,0.0124
61316,DE229,Regen,2020-03-13,11,0.03,-0.0226,0.0124
61317,DE229,Regen,2020-03-14,11,-0.1678,-0.0691,0.0124
61318,DE229,Regen,2020-03-15,11,-0.1445,-0.117,0.0124
61319,DE229,Regen,2020-03-16,12,-0.1008,-0.1767,-0.3934
61320,DE229,Regen,2020-03-17,12,-0.2199,-0.2377,-0.3934
61321,DE229,Regen,2020-03-18,12,-0.3092,-0.3244,-0.3934
61322,DE229,Regen,2020-03-19,12,-0.3246,-0.4125,-0.3934
61323,DE229,Regen,2020-03-20,12,-0.3974,-0.467,-0.3934
61324,DE229,Regen,2020-03-21,12,-0.7741,-0.5066,-0.3934
61325,DE229,Regen,2020-03-22,12,-0.7614,-0.5356,-0.3934
61326,DE229,Regen,2020-03-23,13,-0.4826,-0.5738,-0.5716
61327,DE229,Regen,2020-03-24,13,-0.4969,-0.6007,-0.5716
61328,DE229,Regen,2020-03-25,13,-0.5122,-0.5841,-0.5716
61329,DE229,Regen,2020-03-26,13,-0.5921,-0.5788,-0.5716
61330,DE229,Regen,2020-03-27,13,-0.5857,-0.5842,-0.5716
61331,DE229,Regen,2020-03-28,13,-0.6577,-0.5902,-0.5716
61332,DE229,Regen,2020-03-29,13,-0.7244,-0.6011,-0.5716
61333,DE229,Regen,2020-03-30,14,-0.5207,-0.6019,-0.6027
61334,DE229,Regen,2020-03-31,14,-0.5384,-0.5977,-0.6027
62121,DE22A,Rottal-Inn,2020-03-01,9,-0.1079,-0.0501,-0.0921
62122,DE22A,Rottal-Inn,2020-03-02,10,-0.0115,-0.0444,-0.0529
62123,DE22A,Rottal-Inn,2020-03-03,10,-0.0518,-0.0467,-0.0529
62124,DE22A,Rottal-Inn,2020-03-04,10,-0.0303,-0.0602,-0.0529
62125,DE22A,Rottal-Inn,2020-03-05,10,-0.044,-0.0532,-0.0529
62126,DE22A,Rottal-Inn,2020-03-06,10,-0.077,-0.0541,-0.0529
62127,DE22A,Rottal-Inn,2020-03-07,10,-0.0988,-0.0479,-0.0529
62128,DE22A,Rottal-Inn,2020-03-08,10,-0.0592,-0.0505,-0.0529
62129,DE22A,Rottal-Inn,2020-03-09,11,-0.0179,-0.0513,-0.0903
62130,DE22A,Rottal-Inn,2020-03-10,11,-0.0082,-0.0512,-0.0903
62131,DE22A,Rottal-Inn,2020-03-11,11,-0.0487,-0.0707,-0.0903
62132,DE22A,Rottal-Inn,2020-03-12,11,-0.0493,-0.0999,-0.0903
62133,DE22A,Rottal-Inn,2020-03-13,11,-0.0764,-0.1196,-0.0903
62134,DE22A,Rottal-Inn,2020-03-14,11,-0.2352,-0.1553,-0.0903
62135,DE22A,Rottal-Inn,2020-03-15,11,-0.2634,-0.1945,-0.0903
62136,DE22A,Rottal-Inn,2020-03-16,12,-0.1563,-0.2366,-0.3934
62137,DE22A,Rottal-Inn,2020-03-17,12,-0.258,-0.276,-0.3934
62138,DE22A,Rottal-Inn,2020-03-18,12,-0.3232,-0.3458,-0.3934
62139,DE22A,Rottal-Inn,2020-03-19,12,-0.3435,-0.412,-0.3934
62140,DE22A,Rottal-Inn,2020-03-20,12,-0.3524,-0.4564,-0.3934
62141,DE22A,Rottal-Inn,2020-03-21,12,-0.7237,-0.4897,-0.3934
62142,DE22A,Rottal-Inn,2020-03-22,12,-0.7267,-0.5152,-0.3934
62143,DE22A,Rottal-Inn,2020-03-23,13,-0.4677,-0.5386,-0.5278
62144,DE22A,Rottal-Inn,2020-03-24,13,-0.4908,-0.5617,-0.5278
62145,DE22A,Rottal-Inn,2020-03-25,13,-0.5017,-0.5434,-0.5278
62146,DE22A,Rottal-Inn,2020-03-26,13,-0.507,-0.5351,-0.5278
62147,DE22A,Rottal-Inn,2020-03-27,13,-0.5146,-0.5349,-0.5278
62148,DE22A,Rottal-Inn,2020-03-28,13,-0.5952,-0.5309,-0.5278
62149,DE22A,Rottal-Inn,2020-03-29,13,-0.6687,-0.53,-0.5278
62150,DE22A,Rottal-Inn,2020-03-30,14,-0.4665,-0.5262,-0.5097
62151,DE22A,Rottal-Inn,2020-03-31,14,-0.463,-0.5164,-0.5097
62938,DE22B,Straubing-Bogen,2020-03-01,9,-0.0931,-0.0167,-0.0546
62939,DE22B,Straubing-Bogen,2020-03-02,10,0.0204,-0.0118,-0.0048
62940,DE22B,Straubing-Bogen,2020-03-03,10,0.0257,-0.0089,-0.0048
62941,DE22B,Straubing-Bogen,2020-03-04,10,-0.017,-0.0166,-0.0048
62942,DE22B,Straubing-Bogen,2020-03-05,10,-0.0046,-0.006,-0.0048
62943,DE22B,Straubing-Bogen,2020-03-06,10,0.0047,-0.0058,-0.0048
62944,DE22B,Straubing-Bogen,2020-03-07,10,-0.052,-0.0112,-0.0048
62945,DE22B,Straubing-Bogen,2020-03-08,10,-0.019,-0.0143,-0.0048
62946,DE22B,Straubing-Bogen,2020-03-09,11,0.0217,-0.0109,-0.0235
62947,DE22B,Straubing-Bogen,2020-03-10,11,-0.0123,-0.0094,-0.0235
62948,DE22B,Straubing-Bogen,2020-03-11,11,-0.0389,-0.0148,-0.0235
62949,DE22B,Straubing-Bogen,2020-03-12,11,0.0196,-0.0285,-0.0235
62950,DE22B,Straubing-Bogen,2020-03-13,11,0.015,-0.0354,-0.0235
62951,DE22B,Straubing-Bogen,2020-03-14,11,-0.0897,-0.051,-0.0235
62952,DE22B,Straubing-Bogen,2020-03-15,11,-0.1151,-0.0705,-0.0235
62953,DE22B,Straubing-Bogen,2020-03-16,12,-0.0263,-0.0992,-0.2399
62954,DE22B,Straubing-Bogen,2020-03-17,12,-0.1213,-0.126,-0.2399
62955,DE22B,Straubing-Bogen,2020-03-18,12,-0.1755,-0.1946,-0.2399
62956,DE22B,Straubing-Bogen,2020-03-19,12,-0.1816,-0.2578,-0.2399
62957,DE22B,Straubing-Bogen,2020-03-20,12,-0.1724,-0.2993,-0.2399
62958,DE22B,Straubing-Bogen,2020-03-21,12,-0.5699,-0.3272,-0.2399
62959,DE22B,Straubing-Bogen,2020-03-22,12,-0.558,-0.3512,-0.2399
62960,DE22B,Straubing-Bogen,2020-03-23,13,-0.3161,-0.3759,-0.3643
62961,DE22B,Straubing-Bogen,2020-03-24,13,-0.317,-0.4016,-0.3643
62962,DE22B,Straubing-Bogen,2020-03-25,13,-0.3434,-0.3751,-0.3643
62963,DE22B,Straubing-Bogen,2020-03-26,13,-0.3543,-0.3712,-0.3643
62964,DE22B,Straubing-Bogen,2020-03-27,13,-0.3525,-0.37,-0.3643
62965,DE22B,Straubing-Bogen,2020-03-28,13,-0.384,-0.368,-0.3643
62966,DE22B,Straubing-Bogen,2020-03-29,13,-0.5309,-0.3654,-0.3643
62967,DE22B,Straubing-Bogen,2020-03-30,14,-0.3077,-0.3594,-0.3305
62968,DE22B,Straubing-Bogen,2020-03-31,14,-0.3032,-0.3485,-0.3305
63755,DE22C,Dingolfing-Landau,2020-03-01,9,0.0644,0.1391,0.0438
63756,DE22C,Dingolfing-Landau,2020-03-02,10,0.2014,0.146,0.1455
63757,DE22C,Dingolfing-Landau,2020-03-03,10,0.1658,0.1452,0.1455
63758,DE22C,Dingolfing-Landau,2020-03-04,10,0.1671,0.1354,0.1455
63759,DE22C,Dingolfing-Landau,2020-03-05,10,0.1445,0.1425,0.1455
63760,DE22C,Dingolfing-Landau,2020-03-06,10,0.1038,0.1382,0.1455
63761,DE22C,Dingolfing-Landau,2020-03-07,10,0.1004,0.1302,0.1455
63762,DE22C,Dingolfing-Landau,2020-03-08,10,0.1147,0.1228,0.1455
63763,DE22C,Dingolfing-Landau,2020-03-09,11,0.1711,0.1169,0.0878
63764,DE22C,Dingolfing-Landau,2020-03-10,11,0.1095,0.1143,0.0878
63765,DE22C,Dingolfing-Landau,2020-03-11,11,0.1157,0.1039,0.0878
63766,DE22C,Dingolfing-Landau,2020-03-12,11,0.103,0.0758,0.0878
63767,DE22C,Dingolfing-Landau,2020-03-13,11,0.0859,0.0671,0.0878
63768,DE22C,Dingolfing-Landau,2020-03-14,11,0.0274,0.0456,0.0878
63769,DE22C,Dingolfing-Landau,2020-03-15,11,-0.0822,0.0171,0.0878
63770,DE22C,Dingolfing-Landau,2020-03-16,12,0.1104,-0.0131,-0.1562
63771,DE22C,Dingolfing-Landau,2020-03-17,12,-0.0407,-0.0478,-0.1562
63772,DE22C,Dingolfing-Landau,2020-03-18,12,-0.0841,-0.1249,-0.1562
63773,DE22C,Dingolfing-Landau,2020-03-19,12,-0.1083,-0.1916,-0.1562
63774,DE22C,Dingolfing-Landau,2020-03-20,12,-0.1571,-0.2569,-0.1562
63775,DE22C,Dingolfing-Landau,2020-03-21,12,-0.5124,-0.3026,-0.1562
63776,DE22C,Dingolfing-Landau,2020-03-22,12,-0.5488,-0.3462,-0.1562
63777,DE22C,Dingolfing-Landau,2020-03-23,13,-0.3472,-0.3888,-0.3905
63778,DE22C,Dingolfing-Landau,2020-03-24,13,-0.3604,-0.4233,-0.3905
63779,DE22C,Dingolfing-Landau,2020-03-25,13,-0.3893,-0.401,-0.3905
63780,DE22C,Dingolfing-Landau,2020-03-26,13,-0.4061,-0.3963,-0.3905
63781,DE22C,Dingolfing-Landau,2020-03-27,13,-0.3988,-0.3957,-0.3905
63782,DE22C,Dingolfing-Landau,2020-03-28,13,-0.356,-0.396,-0.3905
63783,DE22C,Dingolfing-Landau,2020-03-29,13,-0.5161,-0.3937,-0.3905
63784,DE22C,Dingolfing-Landau,2020-03-30,14,-0.3431,-0.3794,-0.33
63785,DE22C,Dingolfing-Landau,2020-03-31,14,-0.3621,-0.3572,-0.33
64572,DE231,"Amberg, Kreisfreie Stadt",2020-03-01,9,0.0858,0.011,-0.0696
64573,DE231,"Amberg, Kreisfreie Stadt",2020-03-02,10,0.0497,0.0225,0.0243
64574,DE231,"Amberg, Kreisfreie Stadt",2020-03-03,10,0.0368,0.0305,0.0243
64575,DE231,"Amberg, Kreisfreie Stadt",2020-03-04,10,0.0109,0.0316,0.0243
64576,DE231,"Amberg, Kreisfreie Stadt",2020-03-05,10,0.0224,0.0254,0.0243
64577,DE231,"Amberg, Kreisfreie Stadt",2020-03-06,10,0.0034,0.0228,0.0243
64578,DE231,"Amberg, Kreisfreie Stadt",2020-03-07,10,0.0121,0.0169,0.0243
64579,DE231,"Amberg, Kreisfreie Stadt",2020-03-08,10,0.0426,0.0151,0.0243
64580,DE231,"Amberg, Kreisfreie Stadt",2020-03-09,11,0.0313,0.0135,-0.011
64581,DE231,"Amberg, Kreisfreie Stadt",2020-03-10,11,-0.0043,0.0115,-0.011
64582,DE231,"Amberg, Kreisfreie Stadt",2020-03-11,11,-0.0017,-0.0018,-0.011
64583,DE231,"Amberg, Kreisfreie Stadt",2020-03-12,11,0.011,-0.0155,-0.011
64584,DE231,"Amberg, Kreisfreie Stadt",2020-03-13,11,-0.0103,-0.0304,-0.011
64585,DE231,"Amberg, Kreisfreie Stadt",2020-03-14,11,-0.0815,-0.0585,-0.011
64586,DE231,"Amberg, Kreisfreie Stadt",2020-03-15,11,-0.0528,-0.0926,-0.011
64587,DE231,"Amberg, Kreisfreie Stadt",2020-03-16,12,-0.0734,-0.1353,-0.2949
64588,DE231,"Amberg, Kreisfreie Stadt",2020-03-17,12,-0.2006,-0.1721,-0.2949
64589,DE231,"Amberg, Kreisfreie Stadt",2020-03-18,12,-0.2408,-0.2494,-0.2949
64590,DE231,"Amberg, Kreisfreie Stadt",2020-03-19,12,-0.2874,-0.3175,-0.2949
64591,DE231,"Amberg, Kreisfreie Stadt",2020-03-20,12,-0.268,-0.3641,-0.2949
64592,DE231,"Amberg, Kreisfreie Stadt",2020-03-21,12,-0.623,-0.3931,-0.2949
64593,DE231,"Amberg, Kreisfreie Stadt",2020-03-22,12,-0.5292,-0.4203,-0.2949
64594,DE231,"Amberg, Kreisfreie Stadt",2020-03-23,13,-0.3998,-0.4424,-0.4361
64595,DE231,"Amberg, Kreisfreie Stadt",2020-03-24,13,-0.4033,-0.4637,-0.4361
64596,DE231,"Amberg, Kreisfreie Stadt",2020-03-25,13,-0.4313,-0.4406,-0.4361
64597,DE231,"Amberg, Kreisfreie Stadt",2020-03-26,13,-0.4422,-0.4437,-0.4361
64598,DE231,"Amberg, Kreisfreie Stadt",2020-03-27,13,-0.4174,-0.4402,-0.4361
64599,DE231,"Amberg, Kreisfreie Stadt",2020-03-28,13,-0.4608,-0.4405,-0.4361
64600,DE231,"Amberg, Kreisfreie Stadt",2020-03-29,13,-0.5514,-0.4393,-0.4361
64601,DE231,"Amberg, Kreisfreie Stadt",2020-03-30,14,-0.375,-0.433,-0.412
64602,DE231,"Amberg, Kreisfreie Stadt",2020-03-31,14,-0.4054,-0.4266,-0.412
65389,DE232,"Regensburg, Kreisfreie Stadt",2020-03-01,9,-0.0026,-0.0375,-0.0887
65390,DE232,"Regensburg, Kreisfreie Stadt",2020-03-02,10,-0.0175,-0.0282,-0.021
65391,DE232,"Regensburg, Kreisfreie Stadt",2020-03-03,10,-0.0161,-0.0206,-0.021
65392,DE232,"Regensburg, Kreisfreie Stadt",2020-03-04,10,-0.0173,-0.0238,-0.021
65393,DE232,"Regensburg, Kreisfreie Stadt",2020-03-05,10,-0.0272,-0.0182,-0.021
65394,DE232,"Regensburg, Kreisfreie Stadt",2020-03-06,10,-0.0299,-0.0184,-0.021
65395,DE232,"Regensburg, Kreisfreie Stadt",2020-03-07,10,-0.0559,-0.0243,-0.021
65396,DE232,"Regensburg, Kreisfreie Stadt",2020-03-08,10,0.0367,-0.0291,-0.021
65397,DE232,"Regensburg, Kreisfreie Stadt",2020-03-09,11,-0.0192,-0.0323,-0.0715
65398,DE232,"Regensburg, Kreisfreie Stadt",2020-03-10,11,-0.057,-0.0391,-0.0715
65399,DE232,"Regensburg, Kreisfreie Stadt",2020-03-11,11,-0.0511,-0.0559,-0.0715
65400,DE232,"Regensburg, Kreisfreie Stadt",2020-03-12,11,-0.0496,-0.0766,-0.0715
65401,DE232,"Regensburg, Kreisfreie Stadt",2020-03-13,11,-0.0774,-0.0969,-0.0715
65402,DE232,"Regensburg, Kreisfreie Stadt",2020-03-14,11,-0.1738,-0.1297,-0.0715
65403,DE232,"Regensburg, Kreisfreie Stadt",2020-03-15,11,-0.1081,-0.1705,-0.0715
65404,DE232,"Regensburg, Kreisfreie Stadt",2020-03-16,12,-0.1611,-0.2157,-0.3724
65405,DE232,"Regensburg, Kreisfreie Stadt",2020-03-17,12,-0.287,-0.2571,-0.3724
65406,DE232,"Regensburg, Kreisfreie Stadt",2020-03-18,12,-0.3362,-0.327,-0.3724
65407,DE232,"Regensburg, Kreisfreie Stadt",2020-03-19,12,-0.3665,-0.3923,-0.3724
65408,DE232,"Regensburg, Kreisfreie Stadt",2020-03-20,12,-0.3668,-0.4383,-0.3724
65409,DE232,"Regensburg, Kreisfreie Stadt",2020-03-21,12,-0.6636,-0.4689,-0.3724
65410,DE232,"Regensburg, Kreisfreie Stadt",2020-03-22,12,-0.5646,-0.4935,-0.3724
65411,DE232,"Regensburg, Kreisfreie Stadt",2020-03-23,13,-0.4835,-0.5151,-0.5122
65412,DE232,"Regensburg, Kreisfreie Stadt",2020-03-24,13,-0.501,-0.5352,-0.5122
65413,DE232,"Regensburg, Kreisfreie Stadt",2020-03-25,13,-0.5088,-0.516,-0.5122
65414,DE232,"Regensburg, Kreisfreie Stadt",2020-03-26,13,-0.5174,-0.516,-0.5122
65415,DE232,"Regensburg, Kreisfreie Stadt",2020-03-27,13,-0.5077,-0.5138,-0.5122
65416,DE232,"Regensburg, Kreisfreie Stadt",2020-03-28,13,-0.5288,-0.5121,-0.5122
65417,DE232,"Regensburg, Kreisfreie Stadt",2020-03-29,13,-0.5645,-0.5094,-0.5122
65418,DE232,"Regensburg, Kreisfreie Stadt",2020-03-30,14,-0.4686,-0.5028,-0.4817
65419,DE232,"Regensburg, Kreisfreie Stadt",2020-03-31,14,-0.4888,-0.4933,-0.4817
66206,DE233,"Weiden i. d. Opf, Kreisfreie Stadt",2020-03-01,9,0.072,0.047,-0.018
66207,DE233,"Weiden i. d. Opf, Kreisfreie Stadt",2020-03-02,10,0.1865,0.0492,0.0145
66208,DE233,"Weiden i. d. Opf, Kreisfreie Stadt",2020-03-03,10,0.0487,0.0464,0.0145
66209,DE233,"Weiden i. d. Opf, Kreisfreie Stadt",2020-03-04,10,-0.0398,0.0273,0.0145
66210,DE233,"Weiden i. d. Opf, Kreisfreie Stadt",2020-03-05,10,-0.0249,0.0118,0.0145
66211,DE233,"Weiden i. d. Opf, Kreisfreie Stadt",2020-03-06,10,-0.0339,-0.0159,0.0145
66212,DE233,"Weiden i. d. Opf, Kreisfreie Stadt",2020-03-07,10,-0.0171,-0.033,0.0145
66213,DE233,"Weiden i. d. Opf, Kreisfreie Stadt",2020-03-08,10,-0.037,-0.0377,0.0145
66214,DE233,"Weiden i. d. Opf, Kreisfreie Stadt",2020-03-09,11,-0.0069,-0.0433,-0.0793
66215,DE233,"Weiden i. d. Opf, Kreisfreie Stadt",2020-03-10,11,-0.0714,-0.0479,-0.0793
66216,DE233,"Weiden i. d. Opf, Kreisfreie Stadt",2020-03-11,11,-0.0728,-0.0703,-0.0793
66217,DE233,"Weiden i. d. Opf, Kreisfreie Stadt",2020-03-12,11,-0.064,-0.086,-0.0793
66218,DE233,"Weiden i. d. Opf, Kreisfreie Stadt",2020-03-13,11,-0.066,-0.1078,-0.0793
66219,DE233,"Weiden i. d. Opf, Kreisfreie Stadt",2020-03-14,11,-0.1739,-0.136,-0.0793
66220,DE233,"Weiden i. d. Opf, Kreisfreie Stadt",2020-03-15,11,-0.1473,-0.1721,-0.0793
66221,DE233,"Weiden i. d. Opf, Kreisfreie Stadt",2020-03-16,12,-0.1592,-0.2157,-0.365
66222,DE233,"Weiden i. d. Opf, Kreisfreie Stadt",2020-03-17,12,-0.2687,-0.2569,-0.365
66223,DE233,"Weiden i. d. Opf, Kreisfreie Stadt",2020-03-18,12,-0.3254,-0.324,-0.365
66224,DE233,"Weiden i. d. Opf, Kreisfreie Stadt",2020-03-19,12,-0.3693,-0.3849,-0.365
66225,DE233,"Weiden i. d. Opf, Kreisfreie Stadt",2020-03-20,12,-0.3544,-0.4285,-0.365
66226,DE233,"Weiden i. d. Opf, Kreisfreie Stadt",2020-03-21,12,-0.6434,-0.4589,-0.365
66227,DE233,"Weiden i. d. Opf, Kreisfreie Stadt",2020-03-22,12,-0.5738,-0.4838,-0.365
66228,DE233,"Weiden i. d. Opf, Kreisfreie Stadt",2020-03-23,13,-0.4643,-0.5032,-0.499
66229,DE233,"Weiden i. d. Opf, Kreisfreie Stadt",2020-03-24,13,-0.4817,-0.5228,-0.499
66230,DE233,"Weiden i. d. Opf, Kreisfreie Stadt",2020-03-25,13,-0.4999,-0.5039,-0.499
66231,DE233,"Weiden i. d. Opf, Kreisfreie Stadt",2020-03-26,13,-0.5048,-0.5041,-0.499
66232,DE233,"Weiden i. d. Opf, Kreisfreie Stadt",2020-03-27,13,-0.4916,-0.5023,-0.499
66233,DE233,"Weiden i. d. Opf, Kreisfreie Stadt",2020-03-28,13,-0.5108,-0.5022,-0.499
66234,DE233,"Weiden i. d. Opf, Kreisfreie Stadt",2020-03-29,13,-0.5754,-0.5022,-0.499
66235,DE233,"Weiden i. d. Opf, Kreisfreie Stadt",2020-03-30,14,-0.4521,-0.4911,-0.4444
66236,DE233,"Weiden i. d. Opf, Kreisfreie Stadt",2020-03-31,14,-0.4811,-0.4715,-0.4444
67023,DE234,Amberg-Sulzbach,2020-03-01,9,-0.1057,-0.0585,-0.1168
67024,DE234,Amberg-Sulzbach,2020-03-02,10,0.0126,-0.0461,-0.0317
67025,DE234,Amberg-Sulzbach,2020-03-03,10,-0.0132,-0.0376,-0.0317
67026,DE234,Amberg-Sulzbach,2020-03-04,10,-0.0319,-0.0415,-0.0317
67027,DE234,Amberg-Sulzbach,2020-03-05,10,-0.0397,-0.0333,-0.0317
67028,DE234,Amberg-Sulzbach,2020-03-06,10,-0.0328,-0.0342,-0.0317
67029,DE234,Amberg-Sulzbach,2020-03-07,10,-0.08,-0.0375,-0.0317
67030,DE234,Amberg-Sulzbach,2020-03-08,10,-0.0483,-0.04,-0.0317
67031,DE234,Amberg-Sulzbach,2020-03-09,11,0.0061,-0.0424,-0.0607
67032,DE234,Amberg-Sulzbach,2020-03-10,11,-0.0361,-0.0455,-0.0607
67033,DE234,Amberg-Sulzbach,2020-03-11,11,-0.0494,-0.0547,-0.0607
67034,DE234,Amberg-Sulzbach,2020-03-12,11,-0.0563,-0.0653,-0.0607
67035,DE234,Amberg-Sulzbach,2020-03-13,11,-0.0547,-0.0795,-0.0607
67036,DE234,Amberg-Sulzbach,2020-03-14,11,-0.144,-0.1031,-0.0607
67037,DE234,Amberg-Sulzbach,2020-03-15,11,-0.1224,-0.1308,-0.0607
67038,DE234,Amberg-Sulzbach,2020-03-16,12,-0.0935,-0.1606,-0.2983
67039,DE234,Amberg-Sulzbach,2020-03-17,12,-0.2014,-0.1885,-0.2983
67040,DE234,Amberg-Sulzbach,2020-03-18,12,-0.2435,-0.2529,-0.2983
67041,DE234,Amberg-Sulzbach,2020-03-19,12,-0.2646,-0.3176,-0.2983
67042,DE234,Amberg-Sulzbach,2020-03-20,12,-0.2505,-0.3565,-0.2983
67043,DE234,Amberg-Sulzbach,2020-03-21,12,-0.5943,-0.3827,-0.2983
67044,DE234,Amberg-Sulzbach,2020-03-22,12,-0.5751,-0.4067,-0.2983
67045,DE234,Amberg-Sulzbach,2020-03-23,13,-0.3664,-0.429,-0.4167
67046,DE234,Amberg-Sulzbach,2020-03-24,13,-0.3841,-0.4491,-0.4167
67047,DE234,Amberg-Sulzbach,2020-03-25,13,-0.4117,-0.4232,-0.4167
67048,DE234,Amberg-Sulzbach,2020-03-26,13,-0.421,-0.424,-0.4167
67049,DE234,Amberg-Sulzbach,2020-03-27,13,-0.3911,-0.4195,-0.4167
67050,DE234,Amberg-Sulzbach,2020-03-28,13,-0.4128,-0.4201,-0.4167
67051,DE234,Amberg-Sulzbach,2020-03-29,13,-0.5811,-0.418,-0.4167
67052,DE234,Amberg-Sulzbach,2020-03-30,14,-0.3347,-0.4111,-0.3942
67053,DE234,Amberg-Sulzbach,2020-03-31,14,-0.3883,-0.4072,-0.3942
67840,DE235,Cham,2020-03-01,9,0.016,0.0201,0.0015
67841,DE235,Cham,2020-03-02,10,0.0433,0.0251,0.0248
67842,DE235,Cham,2020-03-03,10,0.0378,0.0294,0.0248
67843,DE235,Cham,2020-03-04,10,0.0189,0.0228,0.0248
67844,DE235,Cham,2020-03-05,10,0.0395,0.0232,0.0248
67845,DE235,Cham,2020-03-06,10,0.0267,0.0184,0.0248
67846,DE235,Cham,2020-03-07,10,-0.0225,0.0096,0.0248
67847,DE235,Cham,2020-03-08,10,0.0184,0.0009,0.0248
67848,DE235,Cham,2020-03-09,11,0.0097,-0.0027,-0.045
67849,DE235,Cham,2020-03-10,11,-0.0239,-0.0101,-0.045
67850,DE235,Cham,2020-03-11,11,-0.0419,-0.0311,-0.045
67851,DE235,Cham,2020-03-12,11,0.0144,-0.0537,-0.045
67852,DE235,Cham,2020-03-13,11,-0.0251,-0.0662,-0.045
67853,DE235,Cham,2020-03-14,11,-0.1695,-0.0873,-0.045
67854,DE235,Cham,2020-03-15,11,-0.1395,-0.1116,-0.045
67855,DE235,Cham,2020-03-16,12,-0.078,-0.1492,-0.2984
67856,DE235,Cham,2020-03-17,12,-0.1714,-0.1852,-0.2984
67857,DE235,Cham,2020-03-18,12,-0.2123,-0.2547,-0.2984
67858,DE235,Cham,2020-03-19,12,-0.2488,-0.3263,-0.2984
67859,DE235,Cham,2020-03-20,12,-0.2766,-0.3699,-0.2984
67860,DE235,Cham,2020-03-21,12,-0.656,-0.4004,-0.2984
67861,DE235,Cham,2020-03-22,12,-0.6408,-0.4272,-0.2984
67862,DE235,Cham,2020-03-23,13,-0.3836,-0.4584,-0.4505
67863,DE235,Cham,2020-03-24,13,-0.3849,-0.4873,-0.4505
67864,DE235,Cham,2020-03-25,13,-0.3994,-0.4654,-0.4505
67865,DE235,Cham,2020-03-26,13,-0.4678,-0.4592,-0.4505
67866,DE235,Cham,2020-03-27,13,-0.479,-0.4665,-0.4505
67867,DE235,Cham,2020-03-28,13,-0.5024,-0.4748,-0.4505
67868,DE235,Cham,2020-03-29,13,-0.5975,-0.4826,-0.4505
67869,DE235,Cham,2020-03-30,14,-0.4342,-0.4813,-0.4677
67870,DE235,Cham,2020-03-31,14,-0.4433,-0.4736,-0.4677
68657,DE236,Neumarkt i. d. OPf.,2020-03-01,9,0.0455,0.0999,0.0408
68658,DE236,Neumarkt i. d. OPf.,2020-03-02,10,0.1761,0.1138,0.1268
68659,DE236,Neumarkt i. d. OPf.,2020-03-03,10,0.1467,0.1235,0.1268
68660,DE236,Neumarkt i. d. OPf.,2020-03-04,10,0.1398,0.117,0.1268
68661,DE236,Neumarkt i. d. OPf.,2020-03-05,10,0.1305,0.125,0.1268
68662,DE236,Neumarkt i. d. OPf.,2020-03-06,10,0.1101,0.1209,0.1268
68663,DE236,Neumarkt i. d. OPf.,2020-03-07,10,0.0708,0.1155,0.1268
68664,DE236,Neumarkt i. d. OPf.,2020-03-08,10,0.1012,0.1116,0.1268
68665,DE236,Neumarkt i. d. OPf.,2020-03-09,11,0.1475,0.1096,0.0819
68666,DE236,Neumarkt i. d. OPf.,2020-03-10,11,0.1087,0.1051,0.0819
68667,DE236,Neumarkt i. d. OPf.,2020-03-11,11,0.1121,0.0913,0.0819
68668,DE236,Neumarkt i. d. OPf.,2020-03-12,11,0.1166,0.0758,0.0819
68669,DE236,Neumarkt i. d. OPf.,2020-03-13,11,0.0791,0.0587,0.0819
68670,DE236,Neumarkt i. d. OPf.,2020-03-14,11,-0.0259,0.0309,0.0819
68671,DE236,Neumarkt i. d. OPf.,2020-03-15,11,-0.0073,-0.0033,0.0819
68672,DE236,Neumarkt i. d. OPf.,2020-03-16,12,0.0274,-0.0425,-0.2047
68673,DE236,Neumarkt i. d. OPf.,2020-03-17,12,-0.0857,-0.0769,-0.2047
68674,DE236,Neumarkt i. d. OPf.,2020-03-18,12,-0.1272,-0.1503,-0.2047
68675,DE236,Neumarkt i. d. OPf.,2020-03-19,12,-0.1582,-0.2266,-0.2047
68676,DE236,Neumarkt i. d. OPf.,2020-03-20,12,-0.1611,-0.2725,-0.2047
68677,DE236,Neumarkt i. d. OPf.,2020-03-21,12,-0.5399,-0.3051,-0.2047
68678,DE236,Neumarkt i. d. OPf.,2020-03-22,12,-0.5416,-0.333,-0.2047
68679,DE236,Neumarkt i. d. OPf.,2020-03-23,13,-0.2938,-0.3569,-0.341
68680,DE236,Neumarkt i. d. OPf.,2020-03-24,13,-0.3138,-0.3779,-0.341
68681,DE236,Neumarkt i. d. OPf.,2020-03-25,13,-0.3223,-0.3541,-0.341
68682,DE236,Neumarkt i. d. OPf.,2020-03-26,13,-0.3261,-0.3503,-0.341
68683,DE236,Neumarkt i. d. OPf.,2020-03-27,13,-0.3075,-0.3481,-0.341
68684,DE236,Neumarkt i. d. OPf.,2020-03-28,13,-0.3733,-0.3463,-0.341
68685,DE236,Neumarkt i. d. OPf.,2020-03-29,13,-0.5156,-0.3412,-0.341
68686,DE236,Neumarkt i. d. OPf.,2020-03-30,14,-0.2784,-0.328,-0.2963
68687,DE236,Neumarkt i. d. OPf.,2020-03-31,14,-0.3006,-0.3191,-0.2963
69474,DE237,Neustadt a. d. Waldnaab,2020-03-01,9,-0.0343,0.0345,-0.0045
69475,DE237,Neustadt a. d. Waldnaab,2020-03-02,10,0.1038,0.0368,0.0276
69476,DE237,Neustadt a. d. Waldnaab,2020-03-03,10,0.0904,0.0394,0.0276
69477,DE237,Neustadt a. d. Waldnaab,2020-03-04,10,0.0591,0.0259,0.0276
69478,DE237,Neustadt a. d. Waldnaab,2020-03-05,10,0.0214,0.0207,0.0276
69479,DE237,Neustadt a. d. Waldnaab,2020-03-06,10,0.016,0.0184,0.0276
69480,DE237,Neustadt a. d. Waldnaab,2020-03-07,10,-0.0749,0.0125,0.0276
69481,DE237,Neustadt a. d. Waldnaab,2020-03-08,10,-0.0707,0.0045,0.0276
69482,DE237,Neustadt a. d. Waldnaab,2020-03-09,11,0.0876,-0.0036,-0.0541
69483,DE237,Neustadt a. d. Waldnaab,2020-03-10,11,0.0493,-0.0138,-0.0541
69484,DE237,Neustadt a. d. Waldnaab,2020-03-11,11,0.0025,-0.0382,-0.0541
69485,DE237,Neustadt a. d. Waldnaab,2020-03-12,11,-0.0352,-0.0689,-0.0541
69486,DE237,Neustadt a. d. Waldnaab,2020-03-13,11,-0.0552,-0.0945,-0.0541
69487,DE237,Neustadt a. d. Waldnaab,2020-03-14,11,-0.246,-0.1221,-0.0541
69488,DE237,Neustadt a. d. Waldnaab,2020-03-15,11,-0.2856,-0.1482,-0.0541
69489,DE237,Neustadt a. d. Waldnaab,2020-03-16,12,-0.0915,-0.1763,-0.2909
69490,DE237,Neustadt a. d. Waldnaab,2020-03-17,12,-0.144,-0.2079,-0.2909
69491,DE237,Neustadt a. d. Waldnaab,2020-03-18,12,-0.1802,-0.2631,-0.2909
69492,DE237,Neustadt a. d. Waldnaab,2020-03-19,12,-0.2319,-0.3149,-0.2909
69493,DE237,Neustadt a. d. Waldnaab,2020-03-20,12,-0.2762,-0.3488,-0.2909
69494,DE237,Neustadt a. d. Waldnaab,2020-03-21,12,-0.6328,-0.3765,-0.2909
69495,DE237,Neustadt a. d. Waldnaab,2020-03-22,12,-0.6478,-0.402,-0.2909
69496,DE237,Neustadt a. d. Waldnaab,2020-03-23,13,-0.3288,-0.431,-0.4293
69497,DE237,Neustadt a. d. Waldnaab,2020-03-24,13,-0.3377,-0.4568,-0.4293
69498,DE237,Neustadt a. d. Waldnaab,2020-03-25,13,-0.3588,-0.4416,-0.4293
69499,DE237,Neustadt a. d. Waldnaab,2020-03-26,13,-0.4346,-0.4407,-0.4293
69500,DE237,Neustadt a. d. Waldnaab,2020-03-27,13,-0.4574,-0.4499,-0.4293
69501,DE237,Neustadt a. d. Waldnaab,2020-03-28,13,-0.5264,-0.4592,-0.4293
69502,DE237,Neustadt a. d. Waldnaab,2020-03-29,13,-0.6416,-0.4698,-0.4293
69503,DE237,Neustadt a. d. Waldnaab,2020-03-30,14,-0.3927,-0.4735,-0.4626
69504,DE237,Neustadt a. d. Waldnaab,2020-03-31,14,-0.4033,-0.4735,-0.4626
70291,DE238,"Regensburg, Landkreis",2020-03-01,9,-0.0626,-0.0193,-0.0467
70292,DE238,"Regensburg, Landkreis",2020-03-02,10,0.0235,-0.012,0.0012
70293,DE238,"Regensburg, Landkreis",2020-03-03,10,0.0043,-0.0057,0.0012
70294,DE238,"Regensburg, Landkreis",2020-03-04,10,0.0026,-0.0083,0.0012
70295,DE238,"Regensburg, Landkreis",2020-03-05,10,0.0076,0.0007,0.0012
70296,DE238,"Regensburg, Landkreis",2020-03-06,10,-0.0038,0.0009,0.0012
70297,DE238,"Regensburg, Landkreis",2020-03-07,10,-0.0295,-0.0031,0.0012
70298,DE238,"Regensburg, Landkreis",2020-03-08,10,0.0002,-0.008,0.0012
70299,DE238,"Regensburg, Landkreis",2020-03-09,11,0.0248,-0.011,-0.0353
70300,DE238,"Regensburg, Landkreis",2020-03-10,11,-0.0238,-0.0139,-0.0353
70301,DE238,"Regensburg, Landkreis",2020-03-11,11,-0.0318,-0.0225,-0.0353
70302,DE238,"Regensburg, Landkreis",2020-03-12,11,-0.013,-0.04,-0.0353
70303,DE238,"Regensburg, Landkreis",2020-03-13,11,-0.0242,-0.0522,-0.0353
70304,DE238,"Regensburg, Landkreis",2020-03-14,11,-0.0901,-0.0747,-0.0353
70305,DE238,"Regensburg, Landkreis",2020-03-15,11,-0.1219,-0.0983,-0.0353
70306,DE238,"Regensburg, Landkreis",2020-03-16,12,-0.0607,-0.1273,-0.273
70307,DE238,"Regensburg, Landkreis",2020-03-17,12,-0.1816,-0.1507,-0.273
70308,DE238,"Regensburg, Landkreis",2020-03-18,12,-0.1967,-0.2258,-0.273
70309,DE238,"Regensburg, Landkreis",2020-03-19,12,-0.2158,-0.2932,-0.273
70310,DE238,"Regensburg, Landkreis",2020-03-20,12,-0.188,-0.338,-0.273
70311,DE238,"Regensburg, Landkreis",2020-03-21,12,-0.6162,-0.366,-0.273
70312,DE238,"Regensburg, Landkreis",2020-03-22,12,-0.5937,-0.3927,-0.273
70313,DE238,"Regensburg, Landkreis",2020-03-23,13,-0.3743,-0.4171,-0.3993
70314,DE238,"Regensburg, Landkreis",2020-03-24,13,-0.377,-0.4435,-0.3993
70315,DE238,"Regensburg, Landkreis",2020-03-25,13,-0.384,-0.4112,-0.3993
70316,DE238,"Regensburg, Landkreis",2020-03-26,13,-0.3863,-0.4065,-0.3993
70317,DE238,"Regensburg, Landkreis",2020-03-27,13,-0.3728,-0.4012,-0.3993
70318,DE238,"Regensburg, Landkreis",2020-03-28,13,-0.3904,-0.3993,-0.3993
70319,DE238,"Regensburg, Landkreis",2020-03-29,13,-0.561,-0.3943,-0.3993
70320,DE238,"Regensburg, Landkreis",2020-03-30,14,-0.3367,-0.3849,-0.3429
70321,DE238,"Regensburg, Landkreis",2020-03-31,14,-0.3641,-0.3716,-0.3429
71108,DE239,Schwandorf,2020-03-01,9,-0.0731,-0.009,-0.0426
71109,DE239,Schwandorf,2020-03-02,10,0.0454,-0.0039,0.0089
71110,DE239,Schwandorf,2020-03-03,10,0.02,0.0025,0.0089
71111,DE239,Schwandorf,2020-03-04,10,0.0158,0.0011,0.0089
71112,DE239,Schwandorf,2020-03-05,10,0.0159,0.0059,0.0089
71113,DE239,Schwandorf,2020-03-06,10,0.0052,0.006,0.0089
71114,DE239,Schwandorf,2020-03-07,10,-0.0217,0.0027,0.0089
71115,DE239,Schwandorf,2020-03-08,10,-0.0392,0.0022,0.0089
71116,DE239,Schwandorf,2020-03-09,11,0.0459,0.0028,-0.0022
71117,DE239,Schwandorf,2020-03-10,11,-0.0031,0.0038,-0.0022
71118,DE239,Schwandorf,2020-03-11,11,0.0128,-0.0027,-0.0022
71119,DE239,Schwandorf,2020-03-12,11,0.0195,-0.0073,-0.0022
71120,DE239,Schwandorf,2020-03-13,11,0.0122,-0.0183,-0.0022
71121,DE239,Schwandorf,2020-03-14,11,-0.0672,-0.037,-0.0022
71122,DE239,Schwandorf,2020-03-15,11,-0.0714,-0.0626,-0.0022
71123,DE239,Schwandorf,2020-03-16,12,-0.0307,-0.0925,-0.2342
71124,DE239,Schwandorf,2020-03-17,12,-0.1339,-0.121,-0.2342
71125,DE239,Schwandorf,2020-03-18,12,-0.1668,-0.1891,-0.2342
71126,DE239,Schwandorf,2020-03-19,12,-0.1895,-0.2575,-0.2342
71127,DE239,Schwandorf,2020-03-20,12,-0.1875,-0.2995,-0.2342
71128,DE239,Schwandorf,2020-03-21,12,-0.5443,-0.3276,-0.2342
71129,DE239,Schwandorf,2020-03-22,12,-0.5499,-0.3531,-0.2342
71130,DE239,Schwandorf,2020-03-23,13,-0.325,-0.3782,-0.3651
71131,DE239,Schwandorf,2020-03-24,13,-0.3304,-0.4017,-0.3651
71132,DE239,Schwandorf,2020-03-25,13,-0.3449,-0.3772,-0.3651
71133,DE239,Schwandorf,2020-03-26,13,-0.3652,-0.3727,-0.3651
71134,DE239,Schwandorf,2020-03-27,13,-0.3526,-0.37,-0.3651
71135,DE239,Schwandorf,2020-03-28,13,-0.3725,-0.3713,-0.3651
71136,DE239,Schwandorf,2020-03-29,13,-0.5181,-0.3705,-0.3651
71137,DE239,Schwandorf,2020-03-30,14,-0.306,-0.3645,-0.3455
71138,DE239,Schwandorf,2020-03-31,14,-0.3398,-0.3579,-0.3455
71925,DE23A,Tirschenreuth,2020-03-01,9,0.0022,0.0743,0.0449
71926,DE23A,Tirschenreuth,2020-03-02,10,0.1198,0.0826,0.0793
71927,DE23A,Tirschenreuth,2020-03-03,10,0.0663,0.0802,0.0793
71928,DE23A,Tirschenreuth,2020-03-04,10,0.0884,0.069,0.0793
71929,DE23A,Tirschenreuth,2020-03-05,10,0.1118,0.0768,0.0793
71930,DE23A,Tirschenreuth,2020-03-06,10,0.0634,0.0726,0.0793
71931,DE23A,Tirschenreuth,2020-03-07,10,0.0309,0.068,0.0793
71932,DE23A,Tirschenreuth,2020-03-08,10,0.0572,0.0616,0.0793
71933,DE23A,Tirschenreuth,2020-03-09,11,0.0904,0.0572,0.0024
71934,DE23A,Tirschenreuth,2020-03-10,11,0.034,0.0516,0.0024
71935,DE23A,Tirschenreuth,2020-03-11,11,0.0433,0.0163,0.0024
71936,DE23A,Tirschenreuth,2020-03-12,11,0.0808,-0.012,0.0024
71937,DE23A,Tirschenreuth,2020-03-13,11,0.0241,-0.0475,0.0024
71938,DE23A,Tirschenreuth,2020-03-14,11,-0.2159,-0.0855,0.0024
71939,DE23A,Tirschenreuth,2020-03-15,11,-0.1407,-0.1326,0.0024
71940,DE23A,Tirschenreuth,2020-03-16,12,-0.158,-0.1925,-0.3565
71941,DE23A,Tirschenreuth,2020-03-17,12,-0.2323,-0.2492,-0.3565
71942,DE23A,Tirschenreuth,2020-03-18,12,-0.2866,-0.3108,-0.3565
71943,DE23A,Tirschenreuth,2020-03-19,12,-0.3381,-0.3791,-0.3565
71944,DE23A,Tirschenreuth,2020-03-20,12,-0.3728,-0.4213,-0.3565
71945,DE23A,Tirschenreuth,2020-03-21,12,-0.6474,-0.4527,-0.3565
71946,DE23A,Tirschenreuth,2020-03-22,12,-0.6183,-0.4783,-0.3565
71947,DE23A,Tirschenreuth,2020-03-23,13,-0.4535,-0.5001,-0.4859
71948,DE23A,Tirschenreuth,2020-03-24,13,-0.4526,-0.5146,-0.4859
71949,DE23A,Tirschenreuth,2020-03-25,13,-0.4653,-0.4945,-0.4859
71950,DE23A,Tirschenreuth,2020-03-26,13,-0.4911,-0.4937,-0.4859
71951,DE23A,Tirschenreuth,2020-03-27,13,-0.474,-0.4932,-0.4859
71952,DE23A,Tirschenreuth,2020-03-28,13,-0.5068,-0.4983,-0.4859
71953,DE23A,Tirschenreuth,2020-03-29,13,-0.6122,-0.503,-0.4859
71954,DE23A,Tirschenreuth,2020-03-30,14,-0.4502,-0.4856,-0.4219
71955,DE23A,Tirschenreuth,2020-03-31,14,-0.4882,-0.4676,-0.4219
72742,DE241,"Bamberg, Kreisfreie Stadt",2020-03-01,9,0.0474,0.0246,-0.0542
72743,DE241,"Bamberg, Kreisfreie Stadt",2020-03-02,10,0.0847,0.0398,0.0576
72744,DE241,"Bamberg, Kreisfreie Stadt",2020-03-03,10,0.0693,0.0554,0.0576
72745,DE241,"Bamberg, Kreisfreie Stadt",2020-03-04,10,0.0515,0.0544,0.0576
72746,DE241,"Bamberg, Kreisfreie Stadt",2020-03-05,10,0.0541,0.0581,0.0576
72747,DE241,"Bamberg, Kreisfreie Stadt",2020-03-06,10,0.0488,0.0624,0.0576
72748,DE241,"Bamberg, Kreisfreie Stadt",2020-03-07,10,0.0248,0.0583,0.0576
72749,DE241,"Bamberg, Kreisfreie Stadt",2020-03-08,10,0.0738,0.0547,0.0576
72750,DE241,"Bamberg, Kreisfreie Stadt",2020-03-09,11,0.1142,0.0521,0.0159
72751,DE241,"Bamberg, Kreisfreie Stadt",2020-03-10,11,0.0406,0.048,0.0159
72752,DE241,"Bamberg, Kreisfreie Stadt",2020-03-11,11,0.0268,0.028,0.0159
72753,DE241,"Bamberg, Kreisfreie Stadt",2020-03-12,11,0.0356,0.0082,0.0159
72754,DE241,"Bamberg, Kreisfreie Stadt",2020-03-13,11,0.0199,-0.0181,0.0159
72755,DE241,"Bamberg, Kreisfreie Stadt",2020-03-14,11,-0.1152,-0.0509,0.0159
72756,DE241,"Bamberg, Kreisfreie Stadt",2020-03-15,11,-0.0645,-0.0947,0.0159
72757,DE241,"Bamberg, Kreisfreie Stadt",2020-03-16,12,-0.0697,-0.1454,-0.3238
72758,DE241,"Bamberg, Kreisfreie Stadt",2020-03-17,12,-0.1889,-0.1995,-0.3238
72759,DE241,"Bamberg, Kreisfreie Stadt",2020-03-18,12,-0.2802,-0.2748,-0.3238
72760,DE241,"Bamberg, Kreisfreie Stadt",2020-03-19,12,-0.3194,-0.3432,-0.3238
72761,DE241,"Bamberg, Kreisfreie Stadt",2020-03-20,12,-0.3583,-0.3941,-0.3238
72762,DE241,"Bamberg, Kreisfreie Stadt",2020-03-21,12,-0.6423,-0.4305,-0.3238
72763,DE241,"Bamberg, Kreisfreie Stadt",2020-03-22,12,-0.5439,-0.4572,-0.3238
72764,DE241,"Bamberg, Kreisfreie Stadt",2020-03-23,13,-0.4257,-0.481,-0.4785
72765,DE241,"Bamberg, Kreisfreie Stadt",2020-03-24,13,-0.4434,-0.4965,-0.4785
72766,DE241,"Bamberg, Kreisfreie Stadt",2020-03-25,13,-0.4675,-0.4776,-0.4785
72767,DE241,"Bamberg, Kreisfreie Stadt",2020-03-26,13,-0.4855,-0.4873,-0.4785
72768,DE241,"Bamberg, Kreisfreie Stadt",2020-03-27,13,-0.4671,-0.4858,-0.4785
72769,DE241,"Bamberg, Kreisfreie Stadt",2020-03-28,13,-0.5103,-0.4862,-0.4785
72770,DE241,"Bamberg, Kreisfreie Stadt",2020-03-29,13,-0.6115,-0.484,-0.4785
72771,DE241,"Bamberg, Kreisfreie Stadt",2020-03-30,14,-0.4152,-0.4788,-0.4564
72772,DE241,"Bamberg, Kreisfreie Stadt",2020-03-31,14,-0.4463,-0.4738,-0.4564
73559,DE242,"Bayreuth, Kreisfreie Stadt",2020-03-01,9,0.1986,0.1145,0.0662
73560,DE242,"Bayreuth, Kreisfreie Stadt",2020-03-02,10,0.1312,0.1264,0.1171
73561,DE242,"Bayreuth, Kreisfreie Stadt",2020-03-03,10,0.119,0.1318,0.1171
73562,DE242,"Bayreuth, Kreisfreie Stadt",2020-03-04,10,0.121,0.124,0.1171
73563,DE242,"Bayreuth, Kreisfreie Stadt",2020-03-05,10,0.1239,0.1208,0.1171
73564,DE242,"Bayreuth, Kreisfreie Stadt",2020-03-06,10,0.0754,0.1216,0.1171
73565,DE242,"Bayreuth, Kreisfreie Stadt",2020-03-07,10,0.0987,0.116,0.1171
73566,DE242,"Bayreuth, Kreisfreie Stadt",2020-03-08,10,0.1763,0.111,0.1171
73567,DE242,"Bayreuth, Kreisfreie Stadt",2020-03-09,11,0.1368,0.1081,0.0852
73568,DE242,"Bayreuth, Kreisfreie Stadt",2020-03-10,11,0.0802,0.1071,0.0852
73569,DE242,"Bayreuth, Kreisfreie Stadt",2020-03-11,11,0.0859,0.0959,0.0852
73570,DE242,"Bayreuth, Kreisfreie Stadt",2020-03-12,11,0.1032,0.0839,0.0852
73571,DE242,"Bayreuth, Kreisfreie Stadt",2020-03-13,11,0.0689,0.0635,0.0852
73572,DE242,"Bayreuth, Kreisfreie Stadt",2020-03-14,11,0.0199,0.0343,0.0852
73573,DE242,"Bayreuth, Kreisfreie Stadt",2020-03-15,11,0.0924,-0.0066,0.0852
73574,DE242,"Bayreuth, Kreisfreie Stadt",2020-03-16,12,-0.0059,-0.0554,-0.2323
73575,DE242,"Bayreuth, Kreisfreie Stadt",2020-03-17,12,-0.124,-0.1039,-0.2323
73576,DE242,"Bayreuth, Kreisfreie Stadt",2020-03-18,12,-0.2004,-0.1816,-0.2323
73577,DE242,"Bayreuth, Kreisfreie Stadt",2020-03-19,12,-0.2388,-0.2507,-0.2323
73578,DE242,"Bayreuth, Kreisfreie Stadt",2020-03-20,12,-0.2704,-0.3006,-0.2323
73579,DE242,"Bayreuth, Kreisfreie Stadt",2020-03-21,12,-0.5239,-0.3355,-0.2323
73580,DE242,"Bayreuth, Kreisfreie Stadt",2020-03-22,12,-0.3916,-0.3618,-0.2323
73581,DE242,"Bayreuth, Kreisfreie Stadt",2020-03-23,13,-0.3548,-0.3836,-0.3815
73582,DE242,"Bayreuth, Kreisfreie Stadt",2020-03-24,13,-0.3686,-0.3989,-0.3815
73583,DE242,"Bayreuth, Kreisfreie Stadt",2020-03-25,13,-0.3846,-0.3769,-0.3815
73584,DE242,"Bayreuth, Kreisfreie Stadt",2020-03-26,13,-0.3917,-0.3858,-0.3815
73585,DE242,"Bayreuth, Kreisfreie Stadt",2020-03-27,13,-0.3769,-0.3831,-0.3815
73586,DE242,"Bayreuth, Kreisfreie Stadt",2020-03-28,13,-0.3703,-0.3822,-0.3815
73587,DE242,"Bayreuth, Kreisfreie Stadt",2020-03-29,13,-0.4538,-0.3839,-0.3815
73588,DE242,"Bayreuth, Kreisfreie Stadt",2020-03-30,14,-0.3357,-0.3822,-0.3731
73589,DE242,"Bayreuth, Kreisfreie Stadt",2020-03-31,14,-0.3623,-0.3779,-0.3731
74376,DE243,"Coburg, Kreisfreie Stadt",2020-03-01,9,0.1918,0.1342,0.0415
74377,DE243,"Coburg, Kreisfreie Stadt",2020-03-02,10,0.184,0.1584,0.183
74378,DE243,"Coburg, Kreisfreie Stadt",2020-03-03,10,0.1784,0.1762,0.183
74379,DE243,"Coburg, Kreisfreie Stadt",2020-03-04,10,0.192,0.1795,0.183
74380,DE243,"Coburg, Kreisfreie Stadt",2020-03-05,10,0.1844,0.1872,0.183
74381,DE243,"Coburg, Kreisfreie Stadt",2020-03-06,10,0.1602,0.1951,0.183
74382,DE243,"Coburg, Kreisfreie Stadt",2020-03-07,10,0.1654,0.1907,0.183
74383,DE243,"Coburg, Kreisfreie Stadt",2020-03-08,10,0.246,0.1876,0.183
74384,DE243,"Coburg, Kreisfreie Stadt",2020-03-09,11,0.2389,0.1854,0.1624
74385,DE243,"Coburg, Kreisfreie Stadt",2020-03-10,11,0.1478,0.1838,0.1624
74386,DE243,"Coburg, Kreisfreie Stadt",2020-03-11,11,0.1702,0.1704,0.1624
74387,DE243,"Coburg, Kreisfreie Stadt",2020-03-12,11,0.1691,0.1595,0.1624
74388,DE243,"Coburg, Kreisfreie Stadt",2020-03-13,11,0.1488,0.1326,0.1624
74389,DE243,"Coburg, Kreisfreie Stadt",2020-03-14,11,0.0718,0.1015,0.1624
74390,DE243,"Coburg, Kreisfreie Stadt",2020-03-15,11,0.1697,0.0554,0.1624
74391,DE243,"Coburg, Kreisfreie Stadt",2020-03-16,12,0.0511,0.003,-0.1976
74392,DE243,"Coburg, Kreisfreie Stadt",2020-03-17,12,-0.0703,-0.0523,-0.1976
74393,DE243,"Coburg, Kreisfreie Stadt",2020-03-18,12,-0.1527,-0.1429,-0.1976
74394,DE243,"Coburg, Kreisfreie Stadt",2020-03-19,12,-0.1974,-0.232,-0.1976
74395,DE243,"Coburg, Kreisfreie Stadt",2020-03-20,12,-0.2381,-0.2846,-0.1976
74396,DE243,"Coburg, Kreisfreie Stadt",2020-03-21,12,-0.5626,-0.3225,-0.1976
74397,DE243,"Coburg, Kreisfreie Stadt",2020-03-22,12,-0.4538,-0.3532,-0.1976
74398,DE243,"Coburg, Kreisfreie Stadt",2020-03-23,13,-0.3174,-0.3801,-0.3718
74399,DE243,"Coburg, Kreisfreie Stadt",2020-03-24,13,-0.3353,-0.4001,-0.3718
74400,DE243,"Coburg, Kreisfreie Stadt",2020-03-25,13,-0.368,-0.3772,-0.3718
74401,DE243,"Coburg, Kreisfreie Stadt",2020-03-26,13,-0.3857,-0.3814,-0.3718
74402,DE243,"Coburg, Kreisfreie Stadt",2020-03-27,13,-0.3776,-0.3823,-0.3718
74403,DE243,"Coburg, Kreisfreie Stadt",2020-03-28,13,-0.4024,-0.3865,-0.3718
74404,DE243,"Coburg, Kreisfreie Stadt",2020-03-29,13,-0.4837,-0.3843,-0.3718
74405,DE243,"Coburg, Kreisfreie Stadt",2020-03-30,14,-0.3237,-0.3793,-0.3563
74406,DE243,"Coburg, Kreisfreie Stadt",2020-03-31,14,-0.3647,-0.3703,-0.3563
75193,DE244,"Hof, Kreisfreie Stadt",2020-03-01,9,0.1294,0.0755,0.0191
75194,DE244,"Hof, Kreisfreie Stadt",2020-03-02,10,0.0974,0.092,0.0811
75195,DE244,"Hof, Kreisfreie Stadt",2020-03-03,10,0.0669,0.1038,0.0811
75196,DE244,"Hof, Kreisfreie Stadt",2020-03-04,10,0.0981,0.0871,0.0811
75197,DE244,"Hof, Kreisfreie Stadt",2020-03-05,10,0.1305,0.076,0.0811
75198,DE244,"Hof, Kreisfreie Stadt",2020-03-06,10,0.0983,0.0659,0.0811
75199,DE244,"Hof, Kreisfreie Stadt",2020-03-07,10,-0.0107,0.0503,0.0811
75200,DE244,"Hof, Kreisfreie Stadt",2020-03-08,10,0.0512,0.0291,0.0811
75201,DE244,"Hof, Kreisfreie Stadt",2020-03-09,11,0.0271,0.0138,-0.0142
75202,DE244,"Hof, Kreisfreie Stadt",2020-03-10,11,-0.0424,0.0021,-0.0142
75203,DE244,"Hof, Kreisfreie Stadt",2020-03-11,11,-0.0506,-0.0093,-0.0142
75204,DE244,"Hof, Kreisfreie Stadt",2020-03-12,11,0.0233,-0.0145,-0.0142
75205,DE244,"Hof, Kreisfreie Stadt",2020-03-13,11,0.0166,-0.0272,-0.0142
75206,DE244,"Hof, Kreisfreie Stadt",2020-03-14,11,-0.0902,-0.0447,-0.0142
75207,DE244,"Hof, Kreisfreie Stadt",2020-03-15,11,0.0148,-0.0727,-0.0142
75208,DE244,"Hof, Kreisfreie Stadt",2020-03-16,12,-0.0621,-0.1195,-0.2985
75209,DE244,"Hof, Kreisfreie Stadt",2020-03-17,12,-0.1648,-0.1726,-0.2985
75210,DE244,"Hof, Kreisfreie Stadt",2020-03-18,12,-0.2465,-0.2462,-0.2985
75211,DE244,"Hof, Kreisfreie Stadt",2020-03-19,12,-0.3044,-0.3223,-0.2985
75212,DE244,"Hof, Kreisfreie Stadt",2020-03-20,12,-0.3547,-0.3733,-0.2985
75213,DE244,"Hof, Kreisfreie Stadt",2020-03-21,12,-0.606,-0.4153,-0.2985
75214,DE244,"Hof, Kreisfreie Stadt",2020-03-22,12,-0.5174,-0.4475,-0.2985
75215,DE244,"Hof, Kreisfreie Stadt",2020-03-23,13,-0.4192,-0.4722,-0.4685
75216,DE244,"Hof, Kreisfreie Stadt",2020-03-24,13,-0.4591,-0.485,-0.4685
75217,DE244,"Hof, Kreisfreie Stadt",2020-03-25,13,-0.4715,-0.4667,-0.4685
75218,DE244,"Hof, Kreisfreie Stadt",2020-03-26,13,-0.4773,-0.4772,-0.4685
75219,DE244,"Hof, Kreisfreie Stadt",2020-03-27,13,-0.4445,-0.479,-0.4685
75220,DE244,"Hof, Kreisfreie Stadt",2020-03-28,13,-0.4779,-0.4753,-0.4685
75221,DE244,"Hof, Kreisfreie Stadt",2020-03-29,13,-0.5911,-0.4699,-0.4685
75222,DE244,"Hof, Kreisfreie Stadt",2020-03-30,14,-0.4312,-0.4559,-0.4098
75223,DE244,"Hof, Kreisfreie Stadt",2020-03-31,14,-0.4332,-0.4418,-0.4098
76010,DE245,"Bamberg, Landkreis",2020-03-01,9,-0.0594,-0.0138,-0.0444
76011,DE245,"Bamberg, Landkreis",2020-03-02,10,0.0311,-0.0104,-0.0004
76012,DE245,"Bamberg, Landkreis",2020-03-03,10,0.0069,-0.0024,-0.0004
76013,DE245,"Bamberg, Landkreis",2020-03-04,10,0.015,-0.006,-0.0004
76014,DE245,"Bamberg, Landkreis",2020-03-05,10,0.0075,-0.0016,-0.0004
76015,DE245,"Bamberg, Landkreis",2020-03-06,10,0.0013,-0.0003,-0.0004
76016,DE245,"Bamberg, Landkreis",2020-03-07,10,-0.0446,-0.0026,-0.0004
76017,DE245,"Bamberg, Landkreis",2020-03-08,10,-0.0283,-0.0065,-0.0004
76018,DE245,"Bamberg, Landkreis",2020-03-09,11,0.0401,-0.0054,-0.0166
76019,DE245,"Bamberg, Landkreis",2020-03-10,11,-0.009,-0.0072,-0.0166
76020,DE245,"Bamberg, Landkreis",2020-03-11,11,-0.0126,-0.0141,-0.0166
76021,DE245,"Bamberg, Landkreis",2020-03-12,11,0.0152,-0.0186,-0.0166
76022,DE245,"Bamberg, Landkreis",2020-03-13,11,-0.0109,-0.026,-0.0166
76023,DE245,"Bamberg, Landkreis",2020-03-14,11,-0.0928,-0.0409,-0.0166
76024,DE245,"Bamberg, Landkreis",2020-03-15,11,-0.0598,-0.0634,-0.0166
76025,DE245,"Bamberg, Landkreis",2020-03-16,12,-0.0121,-0.0924,-0.2509
76026,DE245,"Bamberg, Landkreis",2020-03-17,12,-0.113,-0.1232,-0.2509
76027,DE245,"Bamberg, Landkreis",2020-03-18,12,-0.1706,-0.1939,-0.2509
76028,DE245,"Bamberg, Landkreis",2020-03-19,12,-0.1873,-0.2629,-0.2509
76029,DE245,"Bamberg, Landkreis",2020-03-20,12,-0.2268,-0.3077,-0.2509
76030,DE245,"Bamberg, Landkreis",2020-03-21,12,-0.5875,-0.3401,-0.2509
76031,DE245,"Bamberg, Landkreis",2020-03-22,12,-0.543,-0.3658,-0.2509
76032,DE245,"Bamberg, Landkreis",2020-03-23,13,-0.3261,-0.3904,-0.376
76033,DE245,"Bamberg, Landkreis",2020-03-24,13,-0.3394,-0.4068,-0.376
76034,DE245,"Bamberg, Landkreis",2020-03-25,13,-0.3508,-0.3779,-0.376
76035,DE245,"Bamberg, Landkreis",2020-03-26,13,-0.3589,-0.3838,-0.376
76036,DE245,"Bamberg, Landkreis",2020-03-27,13,-0.3419,-0.3811,-0.376
76037,DE245,"Bamberg, Landkreis",2020-03-28,13,-0.3851,-0.3796,-0.376
76038,DE245,"Bamberg, Landkreis",2020-03-29,13,-0.5844,-0.3765,-0.376
76039,DE245,"Bamberg, Landkreis",2020-03-30,14,-0.3074,-0.3697,-0.3484
76040,DE245,"Bamberg, Landkreis",2020-03-31,14,-0.3286,-0.3668,-0.3484
76827,DE246,"Bayreuth, Landkreis",2020-03-01,9,-0.0524,-0.0222,-0.0393
76828,DE246,"Bayreuth, Landkreis",2020-03-02,10,0.0246,-0.0234,-0.0321
76829,DE246,"Bayreuth, Landkreis",2020-03-03,10,-0.028,-0.0322,-0.0321
76830,DE246,"Bayreuth, Landkreis",2020-03-04,10,-0.042,-0.0374,-0.0321
76831,DE246,"Bayreuth, Landkreis",2020-03-05,10,-0.0362,-0.032,-0.0321
76832,DE246,"Bayreuth, Landkreis",2020-03-06,10,-0.0379,-0.04,-0.0321
76833,DE246,"Bayreuth, Landkreis",2020-03-07,10,-0.0899,-0.0458,-0.0321
76834,DE246,"Bayreuth, Landkreis",2020-03-08,10,-0.0146,-0.0501,-0.0321
76835,DE246,"Bayreuth, Landkreis",2020-03-09,11,-0.0318,-0.052,-0.058
76836,DE246,"Bayreuth, Landkreis",2020-03-10,11,-0.0684,-0.0533,-0.058
76837,DE246,"Bayreuth, Landkreis",2020-03-11,11,-0.072,-0.0551,-0.058
76838,DE246,"Bayreuth, Landkreis",2020-03-12,11,-0.0497,-0.0576,-0.058
76839,DE246,"Bayreuth, Landkreis",2020-03-13,11,-0.0465,-0.0628,-0.058
76840,DE246,"Bayreuth, Landkreis",2020-03-14,11,-0.1029,-0.0745,-0.058
76841,DE246,"Bayreuth, Landkreis",2020-03-15,11,-0.032,-0.0915,-0.058
76842,DE246,"Bayreuth, Landkreis",2020-03-16,12,-0.0677,-0.1146,-0.2678
76843,DE246,"Bayreuth, Landkreis",2020-03-17,12,-0.1506,-0.1411,-0.2678
76844,DE246,"Bayreuth, Landkreis",2020-03-18,12,-0.1909,-0.211,-0.2678
76845,DE246,"Bayreuth, Landkreis",2020-03-19,12,-0.2113,-0.2836,-0.2678
76846,DE246,"Bayreuth, Landkreis",2020-03-20,12,-0.2324,-0.3228,-0.2678
76847,DE246,"Bayreuth, Landkreis",2020-03-21,12,-0.5919,-0.3522,-0.2678
76848,DE246,"Bayreuth, Landkreis",2020-03-22,12,-0.5405,-0.3786,-0.2678
76849,DE246,"Bayreuth, Landkreis",2020-03-23,13,-0.342,-0.4008,-0.3864
76850,DE246,"Bayreuth, Landkreis",2020-03-24,13,-0.3566,-0.4176,-0.3864
76851,DE246,"Bayreuth, Landkreis",2020-03-25,13,-0.3752,-0.3885,-0.3864
76852,DE246,"Bayreuth, Landkreis",2020-03-26,13,-0.3673,-0.3946,-0.3864
76853,DE246,"Bayreuth, Landkreis",2020-03-27,13,-0.3501,-0.3899,-0.3864
76854,DE246,"Bayreuth, Landkreis",2020-03-28,13,-0.3882,-0.3877,-0.3864
76855,DE246,"Bayreuth, Landkreis",2020-03-29,13,-0.5827,-0.3826,-0.3864
76856,DE246,"Bayreuth, Landkreis",2020-03-30,14,-0.3091,-0.3754,-0.3583
76857,DE246,"Bayreuth, Landkreis",2020-03-31,14,-0.3414,-0.3714,-0.3583
77644,DE247,"Coburg, Landkreis",2020-03-01,9,0.0071,0.019,0.0049
77645,DE247,"Coburg, Landkreis",2020-03-02,10,0.0485,0.0248,0.0347
77646,DE247,"Coburg, Landkreis",2020-03-03,10,0.0238,0.0294,0.0347
77647,DE247,"Coburg, Landkreis",2020-03-04,10,0.0277,0.03,0.0347
77648,DE247,"Coburg, Landkreis",2020-03-05,10,0.0445,0.0351,0.0347
77649,DE247,"Coburg, Landkreis",2020-03-06,10,0.029,0.0385,0.0347
77650,DE247,"Coburg, Landkreis",2020-03-07,10,0.0291,0.0363,0.0347
77651,DE247,"Coburg, Landkreis",2020-03-08,10,0.0432,0.0379,0.0347
77652,DE247,"Coburg, Landkreis",2020-03-09,11,0.0723,0.0375,0.0278
77653,DE247,"Coburg, Landkreis",2020-03-10,11,0.0082,0.0358,0.0278
77654,DE247,"Coburg, Landkreis",2020-03-11,11,0.0389,0.0286,0.0278
77655,DE247,"Coburg, Landkreis",2020-03-12,11,0.0416,0.0274,0.0278
77656,DE247,"Coburg, Landkreis",2020-03-13,11,0.0171,0.0203,0.0278
77657,DE247,"Coburg, Landkreis",2020-03-14,11,-0.0211,0.0072,0.0278
77658,DE247,"Coburg, Landkreis",2020-03-15,11,0.0348,-0.0158,0.0278
77659,DE247,"Coburg, Landkreis",2020-03-16,12,0.0225,-0.0448,-0.2094
77660,DE247,"Coburg, Landkreis",2020-03-17,12,-0.0835,-0.0761,-0.2094
77661,DE247,"Coburg, Landkreis",2020-03-18,12,-0.1221,-0.1543,-0.2094
77662,DE247,"Coburg, Landkreis",2020-03-19,12,-0.161,-0.234,-0.2094
77663,DE247,"Coburg, Landkreis",2020-03-20,12,-0.2023,-0.2807,-0.2094
77664,DE247,"Coburg, Landkreis",2020-03-21,12,-0.5685,-0.314,-0.2094
77665,DE247,"Coburg, Landkreis",2020-03-22,12,-0.5229,-0.3418,-0.2094
77666,DE247,"Coburg, Landkreis",2020-03-23,13,-0.3045,-0.3654,-0.3537
77667,DE247,"Coburg, Landkreis",2020-03-24,13,-0.3164,-0.3857,-0.3537
77668,DE247,"Coburg, Landkreis",2020-03-25,13,-0.3168,-0.3613,-0.3537
77669,DE247,"Coburg, Landkreis",2020-03-26,13,-0.3262,-0.3659,-0.3537
77670,DE247,"Coburg, Landkreis",2020-03-27,13,-0.3448,-0.3621,-0.3537
77671,DE247,"Coburg, Landkreis",2020-03-28,13,-0.3975,-0.3609,-0.3537
77672,DE247,"Coburg, Landkreis",2020-03-29,13,-0.5549,-0.3578,-0.3537
77673,DE247,"Coburg, Landkreis",2020-03-30,14,-0.2782,-0.3514,-0.3153
77674,DE247,"Coburg, Landkreis",2020-03-31,14,-0.3081,-0.3409,-0.3153
78461,DE248,Forchheim,2020-03-01,9,0.0103,0.039,-0.0
78462,DE248,Forchheim,2020-03-02,10,0.093,0.0471,0.0495
78463,DE248,Forchheim,2020-03-03,10,0.0686,0.0524,0.0495
78464,DE248,Forchheim,2020-03-04,10,0.0593,0.0503,0.0495
78465,DE248,Forchheim,2020-03-05,10,0.0623,0.047,0.0495
78466,DE248,Forchheim,2020-03-06,10,0.0377,0.0455,0.0495
78467,DE248,Forchheim,2020-03-07,10,0.0206,0.0381,0.0495
78468,DE248,Forchheim,2020-03-08,10,-0.0127,0.0329,0.0495
78469,DE248,Forchheim,2020-03-09,11,0.0824,0.0304,0.0303
78470,DE248,Forchheim,2020-03-10,11,0.0168,0.0313,0.0303
78471,DE248,Forchheim,2020-03-11,11,0.0232,0.0235,0.0303
78472,DE248,Forchheim,2020-03-12,11,0.0446,0.0294,0.0303
78473,DE248,Forchheim,2020-03-13,11,0.0444,0.022,0.0303
78474,DE248,Forchheim,2020-03-14,11,-0.0344,0.0046,0.0303
78475,DE248,Forchheim,2020-03-15,11,0.0292,-0.0224,0.0303
78476,DE248,Forchheim,2020-03-16,12,0.0305,-0.0586,-0.2439
78477,DE248,Forchheim,2020-03-17,12,-0.1055,-0.0967,-0.2439
78478,DE248,Forchheim,2020-03-18,12,-0.1658,-0.1764,-0.2439
78479,DE248,Forchheim,2020-03-19,12,-0.2089,-0.2597,-0.2439
78480,DE248,Forchheim,2020-03-20,12,-0.2221,-0.3143,-0.2439
78481,DE248,Forchheim,2020-03-21,12,-0.5923,-0.351,-0.2439
78482,DE248,Forchheim,2020-03-22,12,-0.5536,-0.3807,-0.2439
78483,DE248,Forchheim,2020-03-23,13,-0.3518,-0.405,-0.3971
78484,DE248,Forchheim,2020-03-24,13,-0.3627,-0.4263,-0.3971
78485,DE248,Forchheim,2020-03-25,13,-0.3738,-0.3975,-0.3971
78486,DE248,Forchheim,2020-03-26,13,-0.3787,-0.4055,-0.3971
78487,DE248,Forchheim,2020-03-27,13,-0.3709,-0.4011,-0.3971
78488,DE248,Forchheim,2020-03-28,13,-0.3909,-0.4011,-0.3971
78489,DE248,Forchheim,2020-03-29,13,-0.61,-0.3994,-0.3971
78490,DE248,Forchheim,2020-03-30,14,-0.3212,-0.3891,-0.3592
78491,DE248,Forchheim,2020-03-31,14,-0.3625,-0.381,-0.3592
79278,DE249,"Hof, Landkreis",2020-03-01,9,-0.0576,-0.0344,-0.0721
79279,DE249,"Hof, Landkreis",2020-03-02,10,0.0176,-0.0249,-0.0092
79280,DE249,"Hof, Landkreis",2020-03-03,10,-0.0243,-0.0143,-0.0092
79281,DE249,"Hof, Landkreis",2020-03-04,10,-0.0139,-0.0161,-0.0092
79282,DE249,"Hof, Landkreis",2020-03-05,10,-0.0016,-0.0099,-0.0092
79283,DE249,"Hof, Landkreis",2020-03-06,10,-0.0058,-0.0099,-0.0092
79284,DE249,"Hof, Landkreis",2020-03-07,10,-0.0273,-0.0097,-0.0092
79285,DE249,"Hof, Landkreis",2020-03-08,10,-0.0137,-0.0104,-0.0092
79286,DE249,"Hof, Landkreis",2020-03-09,11,0.0171,-0.0125,-0.0268
79287,DE249,"Hof, Landkreis",2020-03-10,11,-0.0227,-0.0143,-0.0268
79288,DE249,"Hof, Landkreis",2020-03-11,11,-0.0187,-0.0264,-0.0268
79289,DE249,"Hof, Landkreis",2020-03-12,11,-0.0164,-0.0291,-0.0268
79290,DE249,"Hof, Landkreis",2020-03-13,11,-0.0184,-0.0442,-0.0268
79291,DE249,"Hof, Landkreis",2020-03-14,11,-0.1121,-0.065,-0.0268
79292,DE249,"Hof, Landkreis",2020-03-15,11,-0.0324,-0.089,-0.0268
79293,DE249,"Hof, Landkreis",2020-03-16,12,-0.0884,-0.1201,-0.2792
79294,DE249,"Hof, Landkreis",2020-03-17,12,-0.1686,-0.1602,-0.2792
79295,DE249,"Hof, Landkreis",2020-03-18,12,-0.1865,-0.2284,-0.2792
79296,DE249,"Hof, Landkreis",2020-03-19,12,-0.2345,-0.2996,-0.2792
79297,DE249,"Hof, Landkreis",2020-03-20,12,-0.2991,-0.3381,-0.2792
79298,DE249,"Hof, Landkreis",2020-03-21,12,-0.589,-0.365,-0.2792
79299,DE249,"Hof, Landkreis",2020-03-22,12,-0.531,-0.3917,-0.2792
79300,DE249,"Hof, Landkreis",2020-03-23,13,-0.3576,-0.4146,-0.4001
79301,DE249,"Hof, Landkreis",2020-03-24,13,-0.3574,-0.4259,-0.4001
79302,DE249,"Hof, Landkreis",2020-03-25,13,-0.3729,-0.4017,-0.4001
79303,DE249,"Hof, Landkreis",2020-03-26,13,-0.3955,-0.4118,-0.4001
79304,DE249,"Hof, Landkreis",2020-03-27,13,-0.3778,-0.4125,-0.4001
79305,DE249,"Hof, Landkreis",2020-03-28,13,-0.4199,-0.4153,-0.4001
79306,DE249,"Hof, Landkreis",2020-03-29,13,-0.6016,-0.4154,-0.4001
79307,DE249,"Hof, Landkreis",2020-03-30,14,-0.3621,-0.4094,-0.385
79308,DE249,"Hof, Landkreis",2020-03-31,14,-0.3774,-0.405,-0.385
80095,DE24A,Kronach,2020-03-01,9,-0.0456,0.0558,0.0085
80096,DE24A,Kronach,2020-03-02,10,0.0948,0.0664,0.0692
80097,DE24A,Kronach,2020-03-03,10,0.096,0.0675,0.0692
80098,DE24A,Kronach,2020-03-04,10,0.0589,0.0546,0.0692
80099,DE24A,Kronach,2020-03-05,10,0.0996,0.0665,0.0692
80100,DE24A,Kronach,2020-03-06,10,0.049,0.0717,0.0692
80101,DE24A,Kronach,2020-03-07,10,0.0298,0.0698,0.0692
80102,DE24A,Kronach,2020-03-08,10,0.0373,0.0709,0.0692
80103,DE24A,Kronach,2020-03-09,11,0.1312,0.0697,0.0649
80104,DE24A,Kronach,2020-03-10,11,0.0825,0.071,0.0649
80105,DE24A,Kronach,2020-03-11,11,0.0671,0.0645,0.0649
80106,DE24A,Kronach,2020-03-12,11,0.0907,0.0591,0.0649
80107,DE24A,Kronach,2020-03-13,11,0.0583,0.0408,0.0649
80108,DE24A,Kronach,2020-03-14,11,-0.0157,0.0156,0.0649
80109,DE24A,Kronach,2020-03-15,11,-0.0002,-0.0179,0.0649
80110,DE24A,Kronach,2020-03-16,12,0.003,-0.0614,-0.2436
80111,DE24A,Kronach,2020-03-17,12,-0.0941,-0.1075,-0.2436
80112,DE24A,Kronach,2020-03-18,12,-0.1675,-0.1889,-0.2436
80113,DE24A,Kronach,2020-03-19,12,-0.2136,-0.2706,-0.2436
80114,DE24A,Kronach,2020-03-20,12,-0.2644,-0.3206,-0.2436
80115,DE24A,Kronach,2020-03-21,12,-0.5853,-0.3563,-0.2436
80116,DE24A,Kronach,2020-03-22,12,-0.5725,-0.387,-0.2436
80117,DE24A,Kronach,2020-03-23,13,-0.3471,-0.4112,-0.3922
80118,DE24A,Kronach,2020-03-24,13,-0.344,-0.4274,-0.3922
80119,DE24A,Kronach,2020-03-25,13,-0.3821,-0.4005,-0.3922
80120,DE24A,Kronach,2020-03-26,13,-0.3829,-0.4037,-0.3922
80121,DE24A,Kronach,2020-03-27,13,-0.3779,-0.4039,-0.3922
80122,DE24A,Kronach,2020-03-28,13,-0.3971,-0.4061,-0.3922
80123,DE24A,Kronach,2020-03-29,13,-0.5946,-0.4041,-0.3922
80124,DE24A,Kronach,2020-03-30,14,-0.3486,-0.3981,-0.3725
80125,DE24A,Kronach,2020-03-31,14,-0.3593,-0.3907,-0.3725
80912,DE24B,Kulmbach,2020-03-01,9,0.2011,0.1866,0.1422
80913,DE24B,Kulmbach,2020-03-02,10,0.2357,0.192,0.1792
80914,DE24B,Kulmbach,2020-03-03,10,0.185,0.1928,0.1792
80915,DE24B,Kulmbach,2020-03-04,10,0.186,0.1907,0.1792
80916,DE24B,Kulmbach,2020-03-05,10,0.1833,0.1751,0.1792
80917,DE24B,Kulmbach,2020-03-06,10,0.1721,0.1707,0.1792
80918,DE24B,Kulmbach,2020-03-07,10,0.1715,0.1656,0.1792
80919,DE24B,Kulmbach,2020-03-08,10,0.092,0.1604,0.1792
80920,DE24B,Kulmbach,2020-03-09,11,0.2046,0.1557,0.1329
80921,DE24B,Kulmbach,2020-03-10,11,0.1495,0.1505,0.1329
80922,DE24B,Kulmbach,2020-03-11,11,0.1494,0.1335,0.1329
80923,DE24B,Kulmbach,2020-03-12,11,0.1508,0.1276,0.1329
80924,DE24B,Kulmbach,2020-03-13,11,0.1354,0.1139,0.1329
80925,DE24B,Kulmbach,2020-03-14,11,0.0528,0.0919,0.1329
80926,DE24B,Kulmbach,2020-03-15,11,0.0508,0.0611,0.1329
80927,DE24B,Kulmbach,2020-03-16,12,0.1085,0.026,-0.1598
80928,DE24B,Kulmbach,2020-03-17,12,-0.0042,-0.0154,-0.1598
80929,DE24B,Kulmbach,2020-03-18,12,-0.0665,-0.1012,-0.1598
80930,DE24B,Kulmbach,2020-03-19,12,-0.095,-0.1842,-0.1598
80931,DE24B,Kulmbach,2020-03-20,12,-0.1539,-0.2355,-0.1598
80932,DE24B,Kulmbach,2020-03-21,12,-0.5481,-0.2728,-0.1598
80933,DE24B,Kulmbach,2020-03-22,12,-0.5301,-0.303,-0.1598
80934,DE24B,Kulmbach,2020-03-23,13,-0.2507,-0.3294,-0.3093
80935,DE24B,Kulmbach,2020-03-24,13,-0.265,-0.3476,-0.3093
80936,DE24B,Kulmbach,2020-03-25,13,-0.2783,-0.3176,-0.3093
80937,DE24B,Kulmbach,2020-03-26,13,-0.2799,-0.3224,-0.3093
80938,DE24B,Kulmbach,2020-03-27,13,-0.2809,-0.3182,-0.3093
80939,DE24B,Kulmbach,2020-03-28,13,-0.338,-0.316,-0.3093
80940,DE24B,Kulmbach,2020-03-29,13,-0.564,-0.3206,-0.3093
80941,DE24B,Kulmbach,2020-03-30,14,-0.2211,-0.3196,-0.3013
80942,DE24B,Kulmbach,2020-03-31,14,-0.2498,-0.3156,-0.3013
81729,DE24C,Lichtenfels,2020-03-01,9,0.0157,0.0753,0.0345
81730,DE24C,Lichtenfels,2020-03-02,10,0.1275,0.0843,0.0881
81731,DE24C,Lichtenfels,2020-03-03,10,0.0931,0.0865,0.0881
81732,DE24C,Lichtenfels,2020-03-04,10,0.093,0.0794,0.0881
81733,DE24C,Lichtenfels,2020-03-05,10,0.1023,0.0872,0.0881
81734,DE24C,Lichtenfels,2020-03-06,10,0.0653,0.0888,0.0881
81735,DE24C,Lichtenfels,2020-03-07,10,0.0587,0.0881,0.0881
81736,DE24C,Lichtenfels,2020-03-08,10,0.0703,0.0873,0.0881
81737,DE24C,Lichtenfels,2020-03-09,11,0.1391,0.0872,0.0824
81738,DE24C,Lichtenfels,2020-03-10,11,0.0876,0.0903,0.0824
81739,DE24C,Lichtenfels,2020-03-11,11,0.0879,0.0854,0.0824
81740,DE24C,Lichtenfels,2020-03-12,11,0.1016,0.0788,0.0824
81741,DE24C,Lichtenfels,2020-03-13,11,0.0866,0.0635,0.0824
81742,DE24C,Lichtenfels,2020-03-14,11,0.025,0.0436,0.0824
81743,DE24C,Lichtenfels,2020-03-15,11,0.024,0.0144,0.0824
81744,DE24C,Lichtenfels,2020-03-16,12,0.0318,-0.021,-0.2099
81745,DE24C,Lichtenfels,2020-03-17,12,-0.052,-0.0637,-0.2099
81746,DE24C,Lichtenfels,2020-03-18,12,-0.1163,-0.1479,-0.2099
81747,DE24C,Lichtenfels,2020-03-19,12,-0.1461,-0.2316,-0.2099
81748,DE24C,Lichtenfels,2020-03-20,12,-0.2123,-0.2792,-0.2099
81749,DE24C,Lichtenfels,2020-03-21,12,-0.5642,-0.3153,-0.2099
81750,DE24C,Lichtenfels,2020-03-22,12,-0.5621,-0.3454,-0.2099
81751,DE24C,Lichtenfels,2020-03-23,13,-0.3013,-0.3713,-0.36
81752,DE24C,Lichtenfels,2020-03-24,13,-0.3051,-0.3892,-0.36
81753,DE24C,Lichtenfels,2020-03-25,13,-0.3266,-0.3654,-0.36
81754,DE24C,Lichtenfels,2020-03-26,13,-0.3273,-0.372,-0.36
81755,DE24C,Lichtenfels,2020-03-27,13,-0.3379,-0.3686,-0.36
81756,DE24C,Lichtenfels,2020-03-28,13,-0.3975,-0.3687,-0.36
81757,DE24C,Lichtenfels,2020-03-29,13,-0.6079,-0.3664,-0.36
81758,DE24C,Lichtenfels,2020-03-30,14,-0.2775,-0.3606,-0.3254
81759,DE24C,Lichtenfels,2020-03-31,14,-0.306,-0.3538,-0.3254
82546,DE24D,Wunsiedel i. Fichtelgebirge,2020-03-01,9,0.1434,0.0547,0.0104
82547,DE24D,Wunsiedel i. Fichtelgebirge,2020-03-02,10,0.0911,0.0649,0.0522
82548,DE24D,Wunsiedel i. Fichtelgebirge,2020-03-03,10,0.0532,0.0702,0.0522
82549,DE24D,Wunsiedel i. Fichtelgebirge,2020-03-04,10,0.0568,0.0652,0.0522
82550,DE24D,Wunsiedel i. Fichtelgebirge,2020-03-05,10,0.0598,0.0519,0.0522
82551,DE24D,Wunsiedel i. Fichtelgebirge,2020-03-06,10,0.0204,0.0499,0.0522
82552,DE24D,Wunsiedel i. Fichtelgebirge,2020-03-07,10,0.0317,0.0457,0.0522
82553,DE24D,Wunsiedel i. Fichtelgebirge,2020-03-08,10,0.0505,0.0403,0.0522
82554,DE24D,Wunsiedel i. Fichtelgebirge,2020-03-09,11,0.077,0.0403,0.0065
82555,DE24D,Wunsiedel i. Fichtelgebirge,2020-03-10,11,0.0238,0.0387,0.0065
82556,DE24D,Wunsiedel i. Fichtelgebirge,2020-03-11,11,0.0188,0.0173,0.0065
82557,DE24D,Wunsiedel i. Fichtelgebirge,2020-03-12,11,0.0599,-0.0022,0.0065
82558,DE24D,Wunsiedel i. Fichtelgebirge,2020-03-13,11,0.0095,-0.0172,0.0065
82559,DE24D,Wunsiedel i. Fichtelgebirge,2020-03-14,11,-0.1182,-0.0398,0.0065
82560,DE24D,Wunsiedel i. Fichtelgebirge,2020-03-15,11,-0.0863,-0.0743,0.0065
82561,DE24D,Wunsiedel i. Fichtelgebirge,2020-03-16,12,-0.0275,-0.12,-0.3025
82562,DE24D,Wunsiedel i. Fichtelgebirge,2020-03-17,12,-0.1349,-0.1713,-0.3025
82563,DE24D,Wunsiedel i. Fichtelgebirge,2020-03-18,12,-0.2227,-0.2532,-0.3025
82564,DE24D,Wunsiedel i. Fichtelgebirge,2020-03-19,12,-0.2601,-0.331,-0.3025
82565,DE24D,Wunsiedel i. Fichtelgebirge,2020-03-20,12,-0.3492,-0.3785,-0.3025
82566,DE24D,Wunsiedel i. Fichtelgebirge,2020-03-21,12,-0.6915,-0.4148,-0.3025
82567,DE24D,Wunsiedel i. Fichtelgebirge,2020-03-22,12,-0.6306,-0.4397,-0.3025
82568,DE24D,Wunsiedel i. Fichtelgebirge,2020-03-23,13,-0.36,-0.4701,-0.4558
82569,DE24D,Wunsiedel i. Fichtelgebirge,2020-03-24,13,-0.389,-0.4863,-0.4558
82570,DE24D,Wunsiedel i. Fichtelgebirge,2020-03-25,13,-0.3972,-0.4651,-0.4558
82571,DE24D,Wunsiedel i. Fichtelgebirge,2020-03-26,13,-0.4728,-0.4704,-0.4558
82572,DE24D,Wunsiedel i. Fichtelgebirge,2020-03-27,13,-0.4627,-0.4769,-0.4558
82573,DE24D,Wunsiedel i. Fichtelgebirge,2020-03-28,13,-0.5433,-0.4839,-0.4558
82574,DE24D,Wunsiedel i. Fichtelgebirge,2020-03-29,13,-0.6679,-0.488,-0.4558
82575,DE24D,Wunsiedel i. Fichtelgebirge,2020-03-30,14,-0.4056,-0.4813,-0.4526
82576,DE24D,Wunsiedel i. Fichtelgebirge,2020-03-31,14,-0.4378,-0.4763,-0.4526
83363,DE251,"Ansbach, Kreisfreie Stadt",2020-03-01,9,-0.0319,-0.0615,-0.1355
83364,DE251,"Ansbach, Kreisfreie Stadt",2020-03-02,10,-0.0131,-0.0415,-0.0095
83365,DE251,"Ansbach, Kreisfreie Stadt",2020-03-03,10,-0.0252,-0.0222,-0.0095
83366,DE251,"Ansbach, Kreisfreie Stadt",2020-03-04,10,-0.0422,-0.0165,-0.0095
83367,DE251,"Ansbach, Kreisfreie Stadt",2020-03-05,10,-0.023,-0.0032,-0.0095
83368,DE251,"Ansbach, Kreisfreie Stadt",2020-03-06,10,0.0022,0.0036,-0.0095
83369,DE251,"Ansbach, Kreisfreie Stadt",2020-03-07,10,0.0176,0.0043,-0.0095
83370,DE251,"Ansbach, Kreisfreie Stadt",2020-03-08,10,0.0611,0.0087,-0.0095
83371,DE251,"Ansbach, Kreisfreie Stadt",2020-03-09,11,0.0345,0.0101,-0.018
83372,DE251,"Ansbach, Kreisfreie Stadt",2020-03-10,11,-0.0201,0.008,-0.018
83373,DE251,"Ansbach, Kreisfreie Stadt",2020-03-11,11,-0.0116,-0.0083,-0.018
83374,DE251,"Ansbach, Kreisfreie Stadt",2020-03-12,11,-0.0127,-0.0214,-0.018
83375,DE251,"Ansbach, Kreisfreie Stadt",2020-03-13,11,-0.0127,-0.0477,-0.018
83376,DE251,"Ansbach, Kreisfreie Stadt",2020-03-14,11,-0.0967,-0.0803,-0.018
83377,DE251,"Ansbach, Kreisfreie Stadt",2020-03-15,11,-0.0303,-0.1271,-0.018
83378,DE251,"Ansbach, Kreisfreie Stadt",2020-03-16,12,-0.1499,-0.1757,-0.3583
83379,DE251,"Ansbach, Kreisfreie Stadt",2020-03-17,12,-0.2482,-0.225,-0.3583
83380,DE251,"Ansbach, Kreisfreie Stadt",2020-03-18,12,-0.3395,-0.3059,-0.3583
83381,DE251,"Ansbach, Kreisfreie Stadt",2020-03-19,12,-0.3528,-0.3841,-0.3583
83382,DE251,"Ansbach, Kreisfreie Stadt",2020-03-20,12,-0.3576,-0.43,-0.3583
83383,DE251,"Ansbach, Kreisfreie Stadt",2020-03-21,12,-0.6628,-0.4641,-0.3583
83384,DE251,"Ansbach, Kreisfreie Stadt",2020-03-22,12,-0.5781,-0.4875,-0.3583
83385,DE251,"Ansbach, Kreisfreie Stadt",2020-03-23,13,-0.4707,-0.5095,-0.5025
83386,DE251,"Ansbach, Kreisfreie Stadt",2020-03-24,13,-0.487,-0.5263,-0.5025
83387,DE251,"Ansbach, Kreisfreie Stadt",2020-03-25,13,-0.5035,-0.5067,-0.5025
83388,DE251,"Ansbach, Kreisfreie Stadt",2020-03-26,13,-0.5068,-0.5113,-0.5025
83389,DE251,"Ansbach, Kreisfreie Stadt",2020-03-27,13,-0.4749,-0.5083,-0.5025
83390,DE251,"Ansbach, Kreisfreie Stadt",2020-03-28,13,-0.5255,-0.5069,-0.5025
83391,DE251,"Ansbach, Kreisfreie Stadt",2020-03-29,13,-0.611,-0.5007,-0.5025
83392,DE251,"Ansbach, Kreisfreie Stadt",2020-03-30,14,-0.449,-0.494,-0.466
83393,DE251,"Ansbach, Kreisfreie Stadt",2020-03-31,14,-0.4771,-0.4861,-0.466
84180,DE252,"Erlangen, Kreisfreie Stadt",2020-03-01,9,-0.0957,-0.0842,-0.1099
84181,DE252,"Erlangen, Kreisfreie Stadt",2020-03-02,10,-0.0752,-0.0775,-0.0646
84182,DE252,"Erlangen, Kreisfreie Stadt",2020-03-03,10,-0.063,-0.0717,-0.0646
84183,DE252,"Erlangen, Kreisfreie Stadt",2020-03-04,10,-0.0522,-0.0705,-0.0646
84184,DE252,"Erlangen, Kreisfreie Stadt",2020-03-05,10,-0.0546,-0.0646,-0.0646
84185,DE252,"Erlangen, Kreisfreie Stadt",2020-03-06,10,-0.0718,-0.0589,-0.0646
84186,DE252,"Erlangen, Kreisfreie Stadt",2020-03-07,10,-0.0812,-0.0665,-0.0646
84187,DE252,"Erlangen, Kreisfreie Stadt",2020-03-08,10,-0.0542,-0.0735,-0.0646
84188,DE252,"Erlangen, Kreisfreie Stadt",2020-03-09,11,-0.035,-0.0772,-0.1013
84189,DE252,"Erlangen, Kreisfreie Stadt",2020-03-10,11,-0.1161,-0.0811,-0.1013
84190,DE252,"Erlangen, Kreisfreie Stadt",2020-03-11,11,-0.1017,-0.0939,-0.1013
84191,DE252,"Erlangen, Kreisfreie Stadt",2020-03-12,11,-0.0803,-0.1066,-0.1013
84192,DE252,"Erlangen, Kreisfreie Stadt",2020-03-13,11,-0.099,-0.1294,-0.1013
84193,DE252,"Erlangen, Kreisfreie Stadt",2020-03-14,11,-0.1713,-0.1569,-0.1013
84194,DE252,"Erlangen, Kreisfreie Stadt",2020-03-15,11,-0.1427,-0.1952,-0.1013
84195,DE252,"Erlangen, Kreisfreie Stadt",2020-03-16,12,-0.1949,-0.2422,-0.3952
84196,DE252,"Erlangen, Kreisfreie Stadt",2020-03-17,12,-0.3082,-0.2855,-0.3952
84197,DE252,"Erlangen, Kreisfreie Stadt",2020-03-18,12,-0.3698,-0.3553,-0.3952
84198,DE252,"Erlangen, Kreisfreie Stadt",2020-03-19,12,-0.4097,-0.4163,-0.3952
84199,DE252,"Erlangen, Kreisfreie Stadt",2020-03-20,12,-0.4022,-0.4613,-0.3952
84200,DE252,"Erlangen, Kreisfreie Stadt",2020-03-21,12,-0.6594,-0.4926,-0.3952
84201,DE252,"Erlangen, Kreisfreie Stadt",2020-03-22,12,-0.5698,-0.5161,-0.3952
84202,DE252,"Erlangen, Kreisfreie Stadt",2020-03-23,13,-0.5101,-0.534,-0.529
84203,DE252,"Erlangen, Kreisfreie Stadt",2020-03-24,13,-0.5271,-0.5496,-0.529
84204,DE252,"Erlangen, Kreisfreie Stadt",2020-03-25,13,-0.5347,-0.528,-0.529
84205,DE252,"Erlangen, Kreisfreie Stadt",2020-03-26,13,-0.5345,-0.5337,-0.529
84206,DE252,"Erlangen, Kreisfreie Stadt",2020-03-27,13,-0.512,-0.5305,-0.529
84207,DE252,"Erlangen, Kreisfreie Stadt",2020-03-28,13,-0.508,-0.5289,-0.529
84208,DE252,"Erlangen, Kreisfreie Stadt",2020-03-29,13,-0.6093,-0.5252,-0.529
84209,DE252,"Erlangen, Kreisfreie Stadt",2020-03-30,14,-0.4878,-0.5158,-0.4845
84210,DE252,"Erlangen, Kreisfreie Stadt",2020-03-31,14,-0.5162,-0.5051,-0.4845
84997,DE253,"Fürth, Kreisfreie Stadt",2020-03-01,9,-0.0558,-0.0225,-0.0533
84998,DE253,"Fürth, Kreisfreie Stadt",2020-03-02,10,-0.0148,-0.0165,-0.0164
84999,DE253,"Fürth, Kreisfreie Stadt",2020-03-03,10,-0.0296,-0.0125,-0.0164
85000,DE253,"Fürth, Kreisfreie Stadt",2020-03-04,10,0.0025,-0.0202,-0.0164
85001,DE253,"Fürth, Kreisfreie Stadt",2020-03-05,10,-0.0089,-0.0174,-0.0164
85002,DE253,"Fürth, Kreisfreie Stadt",2020-03-06,10,-0.0163,-0.0114,-0.0164
85003,DE253,"Fürth, Kreisfreie Stadt",2020-03-07,10,-0.0186,-0.0156,-0.0164
85004,DE253,"Fürth, Kreisfreie Stadt",2020-03-08,10,-0.0363,-0.0235,-0.0164
85005,DE253,"Fürth, Kreisfreie Stadt",2020-03-09,11,0.0271,-0.0249,-0.0476
85006,DE253,"Fürth, Kreisfreie Stadt",2020-03-10,11,-0.0589,-0.0289,-0.0476
85007,DE253,"Fürth, Kreisfreie Stadt",2020-03-11,11,-0.0529,-0.0407,-0.0476
85008,DE253,"Fürth, Kreisfreie Stadt",2020-03-12,11,-0.0185,-0.0513,-0.0476
85009,DE253,"Fürth, Kreisfreie Stadt",2020-03-13,11,-0.0446,-0.0663,-0.0476
85010,DE253,"Fürth, Kreisfreie Stadt",2020-03-14,11,-0.1007,-0.0856,-0.0476
85011,DE253,"Fürth, Kreisfreie Stadt",2020-03-15,11,-0.1106,-0.1142,-0.0476
85012,DE253,"Fürth, Kreisfreie Stadt",2020-03-16,12,-0.0776,-0.1519,-0.3061
85013,DE253,"Fürth, Kreisfreie Stadt",2020-03-17,12,-0.1943,-0.1869,-0.3061
85014,DE253,"Fürth, Kreisfreie Stadt",2020-03-18,12,-0.2532,-0.2593,-0.3061
85015,DE253,"Fürth, Kreisfreie Stadt",2020-03-19,12,-0.2824,-0.322,-0.3061
85016,DE253,"Fürth, Kreisfreie Stadt",2020-03-20,12,-0.2893,-0.3661,-0.3061
85017,DE253,"Fürth, Kreisfreie Stadt",2020-03-21,12,-0.6078,-0.3955,-0.3061
85018,DE253,"Fürth, Kreisfreie Stadt",2020-03-22,12,-0.5491,-0.4181,-0.3061
85019,DE253,"Fürth, Kreisfreie Stadt",2020-03-23,13,-0.3866,-0.4374,-0.4227
85020,DE253,"Fürth, Kreisfreie Stadt",2020-03-24,13,-0.4001,-0.4537,-0.4227
85021,DE253,"Fürth, Kreisfreie Stadt",2020-03-25,13,-0.411,-0.4276,-0.4227
85022,DE253,"Fürth, Kreisfreie Stadt",2020-03-26,13,-0.418,-0.4294,-0.4227
85023,DE253,"Fürth, Kreisfreie Stadt",2020-03-27,13,-0.4033,-0.4252,-0.4227
85024,DE253,"Fürth, Kreisfreie Stadt",2020-03-28,13,-0.4251,-0.4239,-0.4227
85025,DE253,"Fürth, Kreisfreie Stadt",2020-03-29,13,-0.5617,-0.4135,-0.4227
85026,DE253,"Fürth, Kreisfreie Stadt",2020-03-30,14,-0.3569,-0.4046,-0.3664
85027,DE253,"Fürth, Kreisfreie Stadt",2020-03-31,14,-0.3909,-0.393,-0.3664
85814,DE254,"Nürnberg, Kreisfreie Stadt",2020-03-01,9,-0.0205,-0.0244,-0.046
85815,DE254,"Nürnberg, Kreisfreie Stadt",2020-03-02,10,-0.0114,-0.019,-0.0244
85816,DE254,"Nürnberg, Kreisfreie Stadt",2020-03-03,10,-0.0306,-0.0157,-0.0244
85817,DE254,"Nürnberg, Kreisfreie Stadt",2020-03-04,10,-0.0122,-0.0251,-0.0244
85818,DE254,"Nürnberg, Kreisfreie Stadt",2020-03-05,10,-0.0115,-0.0253,-0.0244
85819,DE254,"Nürnberg, Kreisfreie Stadt",2020-03-06,10,-0.0173,-0.0205,-0.0244
85820,DE254,"Nürnberg, Kreisfreie Stadt",2020-03-07,10,-0.0719,-0.025,-0.0244
85821,DE254,"Nürnberg, Kreisfreie Stadt",2020-03-08,10,-0.0221,-0.0298,-0.0244
85822,DE254,"Nürnberg, Kreisfreie Stadt",2020-03-09,11,0.0224,-0.0281,-0.0519
85823,DE254,"Nürnberg, Kreisfreie Stadt",2020-03-10,11,-0.0623,-0.0312,-0.0519
85824,DE254,"Nürnberg, Kreisfreie Stadt",2020-03-11,11,-0.0458,-0.0433,-0.0519
85825,DE254,"Nürnberg, Kreisfreie Stadt",2020-03-12,11,0.0004,-0.058,-0.0519
85826,DE254,"Nürnberg, Kreisfreie Stadt",2020-03-13,11,-0.0391,-0.0754,-0.0519
85827,DE254,"Nürnberg, Kreisfreie Stadt",2020-03-14,11,-0.1565,-0.0995,-0.0519
85828,DE254,"Nürnberg, Kreisfreie Stadt",2020-03-15,11,-0.1251,-0.1354,-0.0519
85829,DE254,"Nürnberg, Kreisfreie Stadt",2020-03-16,12,-0.0995,-0.1837,-0.347
85830,DE254,"Nürnberg, Kreisfreie Stadt",2020-03-17,12,-0.2311,-0.227,-0.347
85831,DE254,"Nürnberg, Kreisfreie Stadt",2020-03-18,12,-0.2971,-0.3,-0.347
85832,DE254,"Nürnberg, Kreisfreie Stadt",2020-03-19,12,-0.3377,-0.3657,-0.347
85833,DE254,"Nürnberg, Kreisfreie Stadt",2020-03-20,12,-0.342,-0.4147,-0.347
85834,DE254,"Nürnberg, Kreisfreie Stadt",2020-03-21,12,-0.6674,-0.4485,-0.347
85835,DE254,"Nürnberg, Kreisfreie Stadt",2020-03-22,12,-0.5851,-0.4746,-0.347
85836,DE254,"Nürnberg, Kreisfreie Stadt",2020-03-23,13,-0.4429,-0.494,-0.4828
85837,DE254,"Nürnberg, Kreisfreie Stadt",2020-03-24,13,-0.4674,-0.5114,-0.4828
85838,DE254,"Nürnberg, Kreisfreie Stadt",2020-03-25,13,-0.48,-0.4874,-0.4828
85839,DE254,"Nürnberg, Kreisfreie Stadt",2020-03-26,13,-0.4736,-0.4899,-0.4828
85840,DE254,"Nürnberg, Kreisfreie Stadt",2020-03-27,13,-0.4634,-0.4878,-0.4828
85841,DE254,"Nürnberg, Kreisfreie Stadt",2020-03-28,13,-0.4991,-0.4865,-0.4828
85842,DE254,"Nürnberg, Kreisfreie Stadt",2020-03-29,13,-0.6032,-0.4813,-0.4828
85843,DE254,"Nürnberg, Kreisfreie Stadt",2020-03-30,14,-0.4279,-0.474,-0.4409
85844,DE254,"Nürnberg, Kreisfreie Stadt",2020-03-31,14,-0.4583,-0.4645,-0.4409
86631,DE255,"Schwabach, Kreisfreie Stadt",2020-03-01,9,-0.0844,-0.0755,-0.0967
86632,DE255,"Schwabach, Kreisfreie Stadt",2020-03-02,10,-0.0413,-0.0747,-0.0633
86633,DE255,"Schwabach, Kreisfreie Stadt",2020-03-03,10,-0.0697,-0.0677,-0.0633
86634,DE255,"Schwabach, Kreisfreie Stadt",2020-03-04,10,-0.0726,-0.0674,-0.0633
86635,DE255,"Schwabach, Kreisfreie Stadt",2020-03-05,10,-0.0673,-0.0621,-0.0633
86636,DE255,"Schwabach, Kreisfreie Stadt",2020-03-06,10,-0.0763,-0.0622,-0.0633
86637,DE255,"Schwabach, Kreisfreie Stadt",2020-03-07,10,-0.0604,-0.0675,-0.0633
86638,DE255,"Schwabach, Kreisfreie Stadt",2020-03-08,10,-0.0469,-0.0665,-0.0633
86639,DE255,"Schwabach, Kreisfreie Stadt",2020-03-09,11,-0.0426,-0.0611,-0.077
86640,DE255,"Schwabach, Kreisfreie Stadt",2020-03-10,11,-0.1063,-0.0589,-0.077
86641,DE255,"Schwabach, Kreisfreie Stadt",2020-03-11,11,-0.0658,-0.0711,-0.077
86642,DE255,"Schwabach, Kreisfreie Stadt",2020-03-12,11,-0.0292,-0.0801,-0.077
86643,DE255,"Schwabach, Kreisfreie Stadt",2020-03-13,11,-0.061,-0.0891,-0.077
86644,DE255,"Schwabach, Kreisfreie Stadt",2020-03-14,11,-0.1458,-0.106,-0.077
86645,DE255,"Schwabach, Kreisfreie Stadt",2020-03-15,11,-0.1103,-0.136,-0.077
86646,DE255,"Schwabach, Kreisfreie Stadt",2020-03-16,12,-0.1052,-0.174,-0.3309
86647,DE255,"Schwabach, Kreisfreie Stadt",2020-03-17,12,-0.2247,-0.2083,-0.3309
86648,DE255,"Schwabach, Kreisfreie Stadt",2020-03-18,12,-0.2756,-0.2821,-0.3309
86649,DE255,"Schwabach, Kreisfreie Stadt",2020-03-19,12,-0.2954,-0.351,-0.3309
86650,DE255,"Schwabach, Kreisfreie Stadt",2020-03-20,12,-0.3013,-0.3961,-0.3309
86651,DE255,"Schwabach, Kreisfreie Stadt",2020-03-21,12,-0.6623,-0.4277,-0.3309
86652,DE255,"Schwabach, Kreisfreie Stadt",2020-03-22,12,-0.5926,-0.4514,-0.3309
86653,DE255,"Schwabach, Kreisfreie Stadt",2020-03-23,13,-0.421,-0.4726,-0.4576
86654,DE255,"Schwabach, Kreisfreie Stadt",2020-03-24,13,-0.4459,-0.4919,-0.4576
86655,DE255,"Schwabach, Kreisfreie Stadt",2020-03-25,13,-0.4415,-0.4663,-0.4576
86656,DE255,"Schwabach, Kreisfreie Stadt",2020-03-26,13,-0.4434,-0.4655,-0.4576
86657,DE255,"Schwabach, Kreisfreie Stadt",2020-03-27,13,-0.4363,-0.461,-0.4576
86658,DE255,"Schwabach, Kreisfreie Stadt",2020-03-28,13,-0.4836,-0.4584,-0.4576
86659,DE255,"Schwabach, Kreisfreie Stadt",2020-03-29,13,-0.5868,-0.4525,-0.4576
86660,DE255,"Schwabach, Kreisfreie Stadt",2020-03-30,14,-0.3893,-0.4481,-0.426
86661,DE255,"Schwabach, Kreisfreie Stadt",2020-03-31,14,-0.4275,-0.4413,-0.426
87448,DE256,"Ansbach, Landkreis",2020-03-01,9,-0.0175,0.0434,0.0029
87449,DE256,"Ansbach, Landkreis",2020-03-02,10,0.101,0.0484,0.0535
87450,DE256,"Ansbach, Landkreis",2020-03-03,10,0.0781,0.0526,0.0535
87451,DE256,"Ansbach, Landkreis",2020-03-04,10,0.0405,0.045,0.0535
87452,DE256,"Ansbach, Landkreis",2020-03-05,10,0.0302,0.0528,0.0535
87453,DE256,"Ansbach, Landkreis",2020-03-06,10,0.0454,0.0511,0.0535
87454,DE256,"Ansbach, Landkreis",2020-03-07,10,0.0372,0.0444,0.0535
87455,DE256,"Ansbach, Landkreis",2020-03-08,10,0.0376,0.0436,0.0535
87456,DE256,"Ansbach, Landkreis",2020-03-09,11,0.0891,0.0448,0.0137
87457,DE256,"Ansbach, Landkreis",2020-03-10,11,0.0306,0.0408,0.0137
87458,DE256,"Ansbach, Landkreis",2020-03-11,11,0.0351,0.0272,0.0137
87459,DE256,"Ansbach, Landkreis",2020-03-12,11,0.0389,0.0071,0.0137
87460,DE256,"Ansbach, Landkreis",2020-03-13,11,0.0174,-0.0105,0.0137
87461,DE256,"Ansbach, Landkreis",2020-03-14,11,-0.0585,-0.0336,0.0137
87462,DE256,"Ansbach, Landkreis",2020-03-15,11,-0.1026,-0.066,0.0137
87463,DE256,"Ansbach, Landkreis",2020-03-16,12,-0.0345,-0.1011,-0.2574
87464,DE256,"Ansbach, Landkreis",2020-03-17,12,-0.1311,-0.1324,-0.2574
87465,DE256,"Ansbach, Landkreis",2020-03-18,12,-0.1914,-0.2082,-0.2574
87466,DE256,"Ansbach, Landkreis",2020-03-19,12,-0.2066,-0.2797,-0.2574
87467,DE256,"Ansbach, Landkreis",2020-03-20,12,-0.2022,-0.3224,-0.2574
87468,DE256,"Ansbach, Landkreis",2020-03-21,12,-0.5889,-0.3529,-0.2574
87469,DE256,"Ansbach, Landkreis",2020-03-22,12,-0.6033,-0.3774,-0.2574
87470,DE256,"Ansbach, Landkreis",2020-03-23,13,-0.3332,-0.4006,-0.3878
87471,DE256,"Ansbach, Landkreis",2020-03-24,13,-0.3449,-0.4219,-0.3878
87472,DE256,"Ansbach, Landkreis",2020-03-25,13,-0.3627,-0.3948,-0.3878
87473,DE256,"Ansbach, Landkreis",2020-03-26,13,-0.3687,-0.3989,-0.3878
87474,DE256,"Ansbach, Landkreis",2020-03-27,13,-0.3513,-0.396,-0.3878
87475,DE256,"Ansbach, Landkreis",2020-03-28,13,-0.3997,-0.3961,-0.3878
87476,DE256,"Ansbach, Landkreis",2020-03-29,13,-0.6317,-0.3917,-0.3878
87477,DE256,"Ansbach, Landkreis",2020-03-30,14,-0.3133,-0.3797,-0.347
87478,DE256,"Ansbach, Landkreis",2020-03-31,14,-0.3456,-0.3696,-0.347
88265,DE257,Erlangen-Höchstadt,2020-03-01,9,-0.0449,-0.0361,-0.0826
88266,DE257,Erlangen-Höchstadt,2020-03-02,10,0.0011,-0.0321,-0.0171
88267,DE257,Erlangen-Höchstadt,2020-03-03,10,-0.0123,-0.0224,-0.0171
88268,DE257,Erlangen-Höchstadt,2020-03-04,10,-0.0152,-0.0212,-0.0171
88269,DE257,Erlangen-Höchstadt,2020-03-05,10,-0.0205,-0.017,-0.0171
88270,DE257,Erlangen-Höchstadt,2020-03-06,10,-0.0297,-0.0158,-0.0171
88271,DE257,Erlangen-Höchstadt,2020-03-07,10,-0.027,-0.0204,-0.0171
88272,DE257,Erlangen-Höchstadt,2020-03-08,10,-0.0155,-0.0245,-0.0171
88273,DE257,Erlangen-Höchstadt,2020-03-09,11,0.0098,-0.0232,-0.0334
88274,DE257,Erlangen-Höchstadt,2020-03-10,11,-0.0448,-0.0221,-0.0334
88275,DE257,Erlangen-Höchstadt,2020-03-11,11,-0.0439,-0.031,-0.0334
88276,DE257,Erlangen-Höchstadt,2020-03-12,11,-0.0109,-0.0354,-0.0334
88277,DE257,Erlangen-Höchstadt,2020-03-13,11,-0.0224,-0.0491,-0.0334
88278,DE257,Erlangen-Höchstadt,2020-03-14,11,-0.089,-0.0709,-0.0334
88279,DE257,Erlangen-Höchstadt,2020-03-15,11,-0.0463,-0.1019,-0.0334
88280,DE257,Erlangen-Höchstadt,2020-03-16,12,-0.0864,-0.1444,-0.3182
88281,DE257,Erlangen-Höchstadt,2020-03-17,12,-0.1977,-0.1848,-0.3182
88282,DE257,Erlangen-Höchstadt,2020-03-18,12,-0.2605,-0.2636,-0.3182
88283,DE257,Erlangen-Höchstadt,2020-03-19,12,-0.3083,-0.3385,-0.3182
88284,DE257,Erlangen-Höchstadt,2020-03-20,12,-0.3056,-0.3888,-0.3182
88285,DE257,Erlangen-Höchstadt,2020-03-21,12,-0.6406,-0.4247,-0.3182
88286,DE257,Erlangen-Höchstadt,2020-03-22,12,-0.5702,-0.4537,-0.3182
88287,DE257,Erlangen-Höchstadt,2020-03-23,13,-0.439,-0.4748,-0.4649
88288,DE257,Erlangen-Höchstadt,2020-03-24,13,-0.4486,-0.4938,-0.4649
88289,DE257,Erlangen-Höchstadt,2020-03-25,13,-0.4636,-0.4676,-0.4649
88290,DE257,Erlangen-Höchstadt,2020-03-26,13,-0.4563,-0.4727,-0.4649
88291,DE257,Erlangen-Höchstadt,2020-03-27,13,-0.4383,-0.4691,-0.4649
88292,DE257,Erlangen-Höchstadt,2020-03-28,13,-0.4575,-0.4685,-0.4649
88293,DE257,Erlangen-Höchstadt,2020-03-29,13,-0.6057,-0.4613,-0.4649
88294,DE257,Erlangen-Höchstadt,2020-03-30,14,-0.4136,-0.4485,-0.4069
88295,DE257,Erlangen-Höchstadt,2020-03-31,14,-0.4448,-0.437,-0.4069
89082,DE258,"Fürth, Landkreis",2020-03-01,9,-0.0689,-0.0508,-0.0828
89083,DE258,"Fürth, Landkreis",2020-03-02,10,-0.0187,-0.0398,-0.0188
89084,DE258,"Fürth, Landkreis",2020-03-03,10,-0.0405,-0.03,-0.0188
89085,DE258,"Fürth, Landkreis",2020-03-04,10,-0.0084,-0.0263,-0.0188
89086,DE258,"Fürth, Landkreis",2020-03-05,10,-0.0066,-0.0188,-0.0188
89087,DE258,"Fürth, Landkreis",2020-03-06,10,-0.0207,-0.0139,-0.0188
89088,DE258,"Fürth, Landkreis",2020-03-07,10,-0.02,-0.0157,-0.0188
89089,DE258,"Fürth, Landkreis",2020-03-08,10,-0.0168,-0.0226,-0.0188
89090,DE258,"Fürth, Landkreis",2020-03-09,11,0.0159,-0.0212,-0.0294
89091,DE258,"Fürth, Landkreis",2020-03-10,11,-0.0534,-0.0211,-0.0294
89092,DE258,"Fürth, Landkreis",2020-03-11,11,-0.0566,-0.026,-0.0294
89093,DE258,"Fürth, Landkreis",2020-03-12,11,0.0035,-0.0306,-0.0294
89094,DE258,"Fürth, Landkreis",2020-03-13,11,-0.0205,-0.0373,-0.0294
89095,DE258,"Fürth, Landkreis",2020-03-14,11,-0.0542,-0.0516,-0.0294
89096,DE258,"Fürth, Landkreis",2020-03-15,11,-0.0491,-0.0706,-0.0294
89097,DE258,"Fürth, Landkreis",2020-03-16,12,-0.031,-0.1022,-0.2589
89098,DE258,"Fürth, Landkreis",2020-03-17,12,-0.1532,-0.1281,-0.2589
89099,DE258,"Fürth, Landkreis",2020-03-18,12,-0.1897,-0.2067,-0.2589
89100,DE258,"Fürth, Landkreis",2020-03-19,12,-0.218,-0.2756,-0.2589
89101,DE258,"Fürth, Landkreis",2020-03-20,12,-0.2019,-0.3225,-0.2589
89102,DE258,"Fürth, Landkreis",2020-03-21,12,-0.6045,-0.3527,-0.2589
89103,DE258,"Fürth, Landkreis",2020-03-22,12,-0.5311,-0.3782,-0.2589
89104,DE258,"Fürth, Landkreis",2020-03-23,13,-0.359,-0.4058,-0.3926
89105,DE258,"Fürth, Landkreis",2020-03-24,13,-0.3651,-0.4288,-0.3926
89106,DE258,"Fürth, Landkreis",2020-03-25,13,-0.368,-0.3967,-0.3926
89107,DE258,"Fürth, Landkreis",2020-03-26,13,-0.4111,-0.3995,-0.3926
89108,DE258,"Fürth, Landkreis",2020-03-27,13,-0.3627,-0.3943,-0.3926
89109,DE258,"Fürth, Landkreis",2020-03-28,13,-0.3803,-0.3939,-0.3926
89110,DE258,"Fürth, Landkreis",2020-03-29,13,-0.55,-0.3887,-0.3926
89111,DE258,"Fürth, Landkreis",2020-03-30,14,-0.3231,-0.3723,-0.3304
89112,DE258,"Fürth, Landkreis",2020-03-31,14,-0.3619,-0.3583,-0.3304
89899,DE259,Nürnberger Land,2020-03-01,9,-0.0549,-0.0314,-0.0813
89900,DE259,Nürnberger Land,2020-03-02,10,0.012,-0.018,-0.0021
89901,DE259,Nürnberger Land,2020-03-03,10,-0.005,-0.0084,-0.0021
89902,DE259,Nürnberger Land,2020-03-04,10,0.0125,-0.009,-0.0021
89903,DE259,Nürnberger Land,2020-03-05,10,0.005,-0.0033,-0.0021
89904,DE259,Nürnberger Land,2020-03-06,10,-0.005,-0.0003,-0.0021
89905,DE259,Nürnberger Land,2020-03-07,10,-0.0274,-0.0052,-0.0021
89906,DE259,Nürnberger Land,2020-03-08,10,-0.015,-0.0114,-0.0021
89907,DE259,Nürnberger Land,2020-03-09,11,0.0329,-0.0142,-0.0313
89908,DE259,Nürnberger Land,2020-03-10,11,-0.0392,-0.0186,-0.0313
89909,DE259,Nürnberger Land,2020-03-11,11,-0.0311,-0.029,-0.0313
89910,DE259,Nürnberger Land,2020-03-12,11,-0.0148,-0.0331,-0.0313
89911,DE259,Nürnberger Land,2020-03-13,11,-0.036,-0.0484,-0.0313
89912,DE259,Nürnberger Land,2020-03-14,11,-0.0998,-0.0692,-0.0313
89913,DE259,Nürnberger Land,2020-03-15,11,-0.0439,-0.0951,-0.0313
89914,DE259,Nürnberger Land,2020-03-16,12,-0.0744,-0.129,-0.2874
89915,DE259,Nürnberger Land,2020-03-17,12,-0.1846,-0.1595,-0.2874
89916,DE259,Nürnberger Land,2020-03-18,12,-0.2124,-0.2325,-0.2874
89917,DE259,Nürnberger Land,2020-03-19,12,-0.2518,-0.3083,-0.2874
89918,DE259,Nürnberger Land,2020-03-20,12,-0.2494,-0.3525,-0.2874
89919,DE259,Nürnberger Land,2020-03-21,12,-0.6108,-0.3829,-0.2874
89920,DE259,Nürnberger Land,2020-03-22,12,-0.5747,-0.4101,-0.2874
89921,DE259,Nürnberger Land,2020-03-23,13,-0.384,-0.4328,-0.4157
89922,DE259,Nürnberger Land,2020-03-24,13,-0.3975,-0.4526,-0.4157
89923,DE259,Nürnberger Land,2020-03-25,13,-0.4028,-0.4222,-0.4157
89924,DE259,Nürnberger Land,2020-03-26,13,-0.4106,-0.4239,-0.4157
89925,DE259,Nürnberger Land,2020-03-27,13,-0.3878,-0.4204,-0.4157
89926,DE259,Nürnberger Land,2020-03-28,13,-0.3982,-0.4194,-0.4157
89927,DE259,Nürnberger Land,2020-03-29,13,-0.5867,-0.414,-0.4157
89928,DE259,Nürnberger Land,2020-03-30,14,-0.3592,-0.403,-0.3693
89929,DE259,Nürnberger Land,2020-03-31,14,-0.3904,-0.394,-0.3693
90716,DE25A,Neustadt a. d. Aisch-Bad Windsheim,2020-03-01,9,-0.0846,-0.0047,-0.0736
90717,DE25A,Neustadt a. d. Aisch-Bad Windsheim,2020-03-02,10,0.0885,0.0058,0.0093
90718,DE25A,Neustadt a. d. Aisch-Bad Windsheim,2020-03-03,10,0.0571,0.0106,0.0093
90719,DE25A,Neustadt a. d. Aisch-Bad Windsheim,2020-03-04,10,0.053,0.0058,0.0093
90720,DE25A,Neustadt a. d. Aisch-Bad Windsheim,2020-03-05,10,0.0075,0.0045,0.0093
90721,DE25A,Neustadt a. d. Aisch-Bad Windsheim,2020-03-06,10,-0.0305,-0.0046,0.0093
90722,DE25A,Neustadt a. d. Aisch-Bad Windsheim,2020-03-07,10,-0.0503,-0.0163,0.0093
90723,DE25A,Neustadt a. d. Aisch-Bad Windsheim,2020-03-08,10,-0.0937,-0.03,0.0093
90724,DE25A,Neustadt a. d. Aisch-Bad Windsheim,2020-03-09,11,0.0248,-0.0337,-0.0444
90725,DE25A,Neustadt a. d. Aisch-Bad Windsheim,2020-03-10,11,-0.0249,-0.0339,-0.0444
90726,DE25A,Neustadt a. d. Aisch-Bad Windsheim,2020-03-11,11,-0.0427,-0.0438,-0.0444
90727,DE25A,Neustadt a. d. Aisch-Bad Windsheim,2020-03-12,11,-0.0189,-0.0497,-0.0444
90728,DE25A,Neustadt a. d. Aisch-Bad Windsheim,2020-03-13,11,-0.0317,-0.0622,-0.0444
90729,DE25A,Neustadt a. d. Aisch-Bad Windsheim,2020-03-14,11,-0.1197,-0.0815,-0.0444
90730,DE25A,Neustadt a. d. Aisch-Bad Windsheim,2020-03-15,11,-0.1348,-0.1047,-0.0444
90731,DE25A,Neustadt a. d. Aisch-Bad Windsheim,2020-03-16,12,-0.0629,-0.1357,-0.2887
90732,DE25A,Neustadt a. d. Aisch-Bad Windsheim,2020-03-17,12,-0.1599,-0.1657,-0.2887
90733,DE25A,Neustadt a. d. Aisch-Bad Windsheim,2020-03-18,12,-0.2048,-0.2383,-0.2887
90734,DE25A,Neustadt a. d. Aisch-Bad Windsheim,2020-03-19,12,-0.2363,-0.3105,-0.2887
90735,DE25A,Neustadt a. d. Aisch-Bad Windsheim,2020-03-20,12,-0.2417,-0.3543,-0.2887
90736,DE25A,Neustadt a. d. Aisch-Bad Windsheim,2020-03-21,12,-0.6277,-0.386,-0.2887
90737,DE25A,Neustadt a. d. Aisch-Bad Windsheim,2020-03-22,12,-0.6401,-0.4146,-0.2887
90738,DE25A,Neustadt a. d. Aisch-Bad Windsheim,2020-03-23,13,-0.3698,-0.4394,-0.4257
90739,DE25A,Neustadt a. d. Aisch-Bad Windsheim,2020-03-24,13,-0.3815,-0.4608,-0.4257
90740,DE25A,Neustadt a. d. Aisch-Bad Windsheim,2020-03-25,13,-0.4048,-0.4349,-0.4257
90741,DE25A,Neustadt a. d. Aisch-Bad Windsheim,2020-03-26,13,-0.4102,-0.4357,-0.4257
90742,DE25A,Neustadt a. d. Aisch-Bad Windsheim,2020-03-27,13,-0.3912,-0.433,-0.4257
90743,DE25A,Neustadt a. d. Aisch-Bad Windsheim,2020-03-28,13,-0.4468,-0.4335,-0.4257
90744,DE25A,Neustadt a. d. Aisch-Bad Windsheim,2020-03-29,13,-0.6456,-0.4302,-0.4257
90745,DE25A,Neustadt a. d. Aisch-Bad Windsheim,2020-03-30,14,-0.3512,-0.4162,-0.3717
90746,DE25A,Neustadt a. d. Aisch-Bad Windsheim,2020-03-31,14,-0.3851,-0.4047,-0.3717
91533,DE25B,Roth,2020-03-01,9,-0.0357,0.0213,-0.0285
91534,DE25B,Roth,2020-03-02,10,0.0674,0.0317,0.0435
91535,DE25B,Roth,2020-03-03,10,0.0867,0.0378,0.0435
91536,DE25B,Roth,2020-03-04,10,0.0835,0.0348,0.0435
91537,DE25B,Roth,2020-03-05,10,0.0303,0.0417,0.0435
91538,DE25B,Roth,2020-03-06,10,0.0187,0.0421,0.0435
91539,DE25B,Roth,2020-03-07,10,-0.0072,0.033,0.0435
91540,DE25B,Roth,2020-03-08,10,0.0127,0.026,0.0435
91541,DE25B,Roth,2020-03-09,11,0.0699,0.0289,0.0245
91542,DE25B,Roth,2020-03-10,11,0.0232,0.0296,0.0245
91543,DE25B,Roth,2020-03-11,11,0.0343,0.0243,0.0245
91544,DE25B,Roth,2020-03-12,11,0.0511,0.0222,0.0245
91545,DE25B,Roth,2020-03-13,11,0.0233,0.013,0.0245
91546,DE25B,Roth,2020-03-14,11,-0.044,-0.0069,0.0245
91547,DE25B,Roth,2020-03-15,11,-0.0024,-0.0337,0.0245
91548,DE25B,Roth,2020-03-16,12,0.0053,-0.0664,-0.2388
91549,DE25B,Roth,2020-03-17,12,-0.116,-0.0964,-0.2388
91550,DE25B,Roth,2020-03-18,12,-0.1535,-0.1777,-0.2388
91551,DE25B,Roth,2020-03-19,12,-0.1775,-0.2608,-0.2388
91552,DE25B,Roth,2020-03-20,12,-0.1864,-0.3085,-0.2388
91553,DE25B,Roth,2020-03-21,12,-0.6135,-0.3401,-0.2388
91554,DE25B,Roth,2020-03-22,12,-0.584,-0.3684,-0.2388
91555,DE25B,Roth,2020-03-23,13,-0.3286,-0.3942,-0.3726
91556,DE25B,Roth,2020-03-24,13,-0.3374,-0.4162,-0.3726
91557,DE25B,Roth,2020-03-25,13,-0.3515,-0.3824,-0.3726
91558,DE25B,Roth,2020-03-26,13,-0.3581,-0.3824,-0.3726
91559,DE25B,Roth,2020-03-27,13,-0.3406,-0.3766,-0.3726
91560,DE25B,Roth,2020-03-28,13,-0.3767,-0.3755,-0.3726
91561,DE25B,Roth,2020-03-29,13,-0.5836,-0.3679,-0.3726
91562,DE25B,Roth,2020-03-30,14,-0.2885,-0.3589,-0.3331
91563,DE25B,Roth,2020-03-31,14,-0.3292,-0.35,-0.3331
92350,DE25C,Weißenburg-Gunzenhausen,2020-03-01,9,0.0003,0.1171,0.0734
92351,DE25C,Weißenburg-Gunzenhausen,2020-03-02,10,0.1876,0.1254,0.1366
92352,DE25C,Weißenburg-Gunzenhausen,2020-03-03,10,0.1697,0.1287,0.1366
92353,DE25C,Weißenburg-Gunzenhausen,2020-03-04,10,0.147,0.1221,0.1366
92354,DE25C,Weißenburg-Gunzenhausen,2020-03-05,10,0.1345,0.1339,0.1366
92355,DE25C,Weißenburg-Gunzenhausen,2020-03-06,10,0.1224,0.1317,0.1366
92356,DE25C,Weißenburg-Gunzenhausen,2020-03-07,10,0.0931,0.1259,0.1366
92357,DE25C,Weißenburg-Gunzenhausen,2020-03-08,10,0.0829,0.1248,0.1366
92358,DE25C,Weißenburg-Gunzenhausen,2020-03-09,11,0.1724,0.1274,0.1223
92359,DE25C,Weißenburg-Gunzenhausen,2020-03-10,11,0.1292,0.1287,0.1223
92360,DE25C,Weißenburg-Gunzenhausen,2020-03-11,11,0.1394,0.1212,0.1223
92361,DE25C,Weißenburg-Gunzenhausen,2020-03-12,11,0.1525,0.1182,0.1223
92362,DE25C,Weißenburg-Gunzenhausen,2020-03-13,11,0.1318,0.1048,0.1223
92363,DE25C,Weißenburg-Gunzenhausen,2020-03-14,11,0.0405,0.0807,0.1223
92364,DE25C,Weißenburg-Gunzenhausen,2020-03-15,11,0.0617,0.0504,0.1223
92365,DE25C,Weißenburg-Gunzenhausen,2020-03-16,12,0.0785,0.0121,-0.1777
92366,DE25C,Weißenburg-Gunzenhausen,2020-03-17,12,-0.0398,-0.0276,-0.1777
92367,DE25C,Weißenburg-Gunzenhausen,2020-03-18,12,-0.0727,-0.114,-0.1777
92368,DE25C,Weißenburg-Gunzenhausen,2020-03-19,12,-0.1153,-0.1994,-0.1777
92369,DE25C,Weißenburg-Gunzenhausen,2020-03-20,12,-0.1459,-0.2523,-0.1777
92370,DE25C,Weißenburg-Gunzenhausen,2020-03-21,12,-0.5645,-0.2948,-0.1777
92371,DE25C,Weißenburg-Gunzenhausen,2020-03-22,12,-0.5361,-0.3325,-0.1777
92372,DE25C,Weißenburg-Gunzenhausen,2020-03-23,13,-0.2919,-0.3649,-0.3588
92373,DE25C,Weißenburg-Gunzenhausen,2020-03-24,13,-0.3373,-0.3908,-0.3588
92374,DE25C,Weißenburg-Gunzenhausen,2020-03-25,13,-0.3368,-0.3605,-0.3588
92375,DE25C,Weißenburg-Gunzenhausen,2020-03-26,13,-0.3421,-0.3683,-0.3588
92376,DE25C,Weißenburg-Gunzenhausen,2020-03-27,13,-0.3272,-0.3687,-0.3588
92377,DE25C,Weißenburg-Gunzenhausen,2020-03-28,13,-0.352,-0.3658,-0.3588
92378,DE25C,Weißenburg-Gunzenhausen,2020-03-29,13,-0.5908,-0.3662,-0.3588
92379,DE25C,Weißenburg-Gunzenhausen,2020-03-30,14,-0.2946,-0.355,-0.3246
92380,DE25C,Weißenburg-Gunzenhausen,2020-03-31,14,-0.3169,-0.3451,-0.3246
93167,DE261,"Aschaffenburg, Kreisfreie Stadt",2020-03-01,9,-0.1197,-0.0895,-0.15
93168,DE261,"Aschaffenburg, Kreisfreie Stadt",2020-03-02,10,-0.0985,-0.0732,-0.0522
93169,DE261,"Aschaffenburg, Kreisfreie Stadt",2020-03-03,10,-0.0421,-0.0637,-0.0522
93170,DE261,"Aschaffenburg, Kreisfreie Stadt",2020-03-04,10,-0.0374,-0.06,-0.0522
93171,DE261,"Aschaffenburg, Kreisfreie Stadt",2020-03-05,10,-0.0501,-0.0537,-0.0522
93172,DE261,"Aschaffenburg, Kreisfreie Stadt",2020-03-06,10,-0.0357,-0.0375,-0.0522
93173,DE261,"Aschaffenburg, Kreisfreie Stadt",2020-03-07,10,-0.0366,-0.0461,-0.0522
93174,DE261,"Aschaffenburg, Kreisfreie Stadt",2020-03-08,10,-0.0758,-0.0546,-0.0522
93175,DE261,"Aschaffenburg, Kreisfreie Stadt",2020-03-09,11,0.0151,-0.0563,-0.1155
93176,DE261,"Aschaffenburg, Kreisfreie Stadt",2020-03-10,11,-0.1023,-0.0676,-0.1155
93177,DE261,"Aschaffenburg, Kreisfreie Stadt",2020-03-11,11,-0.0965,-0.1019,-0.1155
93178,DE261,"Aschaffenburg, Kreisfreie Stadt",2020-03-12,11,-0.062,-0.1238,-0.1155
93179,DE261,"Aschaffenburg, Kreisfreie Stadt",2020-03-13,11,-0.1153,-0.1557,-0.1155
93180,DE261,"Aschaffenburg, Kreisfreie Stadt",2020-03-14,11,-0.2763,-0.1881,-0.1155
93181,DE261,"Aschaffenburg, Kreisfreie Stadt",2020-03-15,11,-0.2295,-0.2342,-0.1155
93182,DE261,"Aschaffenburg, Kreisfreie Stadt",2020-03-16,12,-0.2081,-0.2892,-0.4549
93183,DE261,"Aschaffenburg, Kreisfreie Stadt",2020-03-17,12,-0.3291,-0.3392,-0.4549
93184,DE261,"Aschaffenburg, Kreisfreie Stadt",2020-03-18,12,-0.4191,-0.4048,-0.4549
93185,DE261,"Aschaffenburg, Kreisfreie Stadt",2020-03-19,12,-0.4469,-0.4706,-0.4549
93186,DE261,"Aschaffenburg, Kreisfreie Stadt",2020-03-20,12,-0.4653,-0.5164,-0.4549
93187,DE261,"Aschaffenburg, Kreisfreie Stadt",2020-03-21,12,-0.7357,-0.547,-0.4549
93188,DE261,"Aschaffenburg, Kreisfreie Stadt",2020-03-22,12,-0.69,-0.5626,-0.4549
93189,DE261,"Aschaffenburg, Kreisfreie Stadt",2020-03-23,13,-0.5291,-0.5783,-0.5665
93190,DE261,"Aschaffenburg, Kreisfreie Stadt",2020-03-24,13,-0.5432,-0.5907,-0.5665
93191,DE261,"Aschaffenburg, Kreisfreie Stadt",2020-03-25,13,-0.5283,-0.5719,-0.5665
93192,DE261,"Aschaffenburg, Kreisfreie Stadt",2020-03-26,13,-0.5563,-0.5753,-0.5665
93193,DE261,"Aschaffenburg, Kreisfreie Stadt",2020-03-27,13,-0.5522,-0.5725,-0.5665
93194,DE261,"Aschaffenburg, Kreisfreie Stadt",2020-03-28,13,-0.604,-0.5689,-0.5665
93195,DE261,"Aschaffenburg, Kreisfreie Stadt",2020-03-29,13,-0.7143,-0.564,-0.5665
93196,DE261,"Aschaffenburg, Kreisfreie Stadt",2020-03-30,14,-0.5095,-0.547,-0.4833
93197,DE261,"Aschaffenburg, Kreisfreie Stadt",2020-03-31,14,-0.5181,-0.5263,-0.4833
93984,DE262,"Schweinfurt, Kreisfreie Stadt",2020-03-01,9,0.0832,0.0013,-0.1063
93985,DE262,"Schweinfurt, Kreisfreie Stadt",2020-03-02,10,0.0501,0.0204,0.0475
93986,DE262,"Schweinfurt, Kreisfreie Stadt",2020-03-03,10,0.0705,0.042,0.0475
93987,DE262,"Schweinfurt, Kreisfreie Stadt",2020-03-04,10,0.0288,0.0487,0.0475
93988,DE262,"Schweinfurt, Kreisfreie Stadt",2020-03-05,10,0.0403,0.0504,0.0475
93989,DE262,"Schweinfurt, Kreisfreie Stadt",2020-03-06,10,0.0447,0.0517,0.0475
93990,DE262,"Schweinfurt, Kreisfreie Stadt",2020-03-07,10,0.0233,0.0409,0.0475
93991,DE262,"Schweinfurt, Kreisfreie Stadt",2020-03-08,10,0.0953,0.0352,0.0475
93992,DE262,"Schweinfurt, Kreisfreie Stadt",2020-03-09,11,0.0589,0.0279,-0.0188
93993,DE262,"Schweinfurt, Kreisfreie Stadt",2020-03-10,11,-0.0049,0.0177,-0.0188
93994,DE262,"Schweinfurt, Kreisfreie Stadt",2020-03-11,11,-0.0116,-0.0059,-0.0188
93995,DE262,"Schweinfurt, Kreisfreie Stadt",2020-03-12,11,-0.0103,-0.0231,-0.0188
93996,DE262,"Schweinfurt, Kreisfreie Stadt",2020-03-13,11,-0.0271,-0.0495,-0.0188
93997,DE262,"Schweinfurt, Kreisfreie Stadt",2020-03-14,11,-0.1413,-0.0802,-0.0188
93998,DE262,"Schweinfurt, Kreisfreie Stadt",2020-03-15,11,-0.0252,-0.122,-0.0188
93999,DE262,"Schweinfurt, Kreisfreie Stadt",2020-03-16,12,-0.1262,-0.1671,-0.3304
94000,DE262,"Schweinfurt, Kreisfreie Stadt",2020-03-17,12,-0.22,-0.2125,-0.3304
94001,DE262,"Schweinfurt, Kreisfreie Stadt",2020-03-18,12,-0.3038,-0.2818,-0.3304
94002,DE262,"Schweinfurt, Kreisfreie Stadt",2020-03-19,12,-0.3257,-0.3551,-0.3304
94003,DE262,"Schweinfurt, Kreisfreie Stadt",2020-03-20,12,-0.3455,-0.3984,-0.3304
94004,DE262,"Schweinfurt, Kreisfreie Stadt",2020-03-21,12,-0.626,-0.4327,-0.3304
94005,DE262,"Schweinfurt, Kreisfreie Stadt",2020-03-22,12,-0.5383,-0.4564,-0.3304
94006,DE262,"Schweinfurt, Kreisfreie Stadt",2020-03-23,13,-0.4295,-0.4769,-0.4752
94007,DE262,"Schweinfurt, Kreisfreie Stadt",2020-03-24,13,-0.4602,-0.4936,-0.4752
94008,DE262,"Schweinfurt, Kreisfreie Stadt",2020-03-25,13,-0.4695,-0.4774,-0.4752
94009,DE262,"Schweinfurt, Kreisfreie Stadt",2020-03-26,13,-0.4692,-0.4854,-0.4752
94010,DE262,"Schweinfurt, Kreisfreie Stadt",2020-03-27,13,-0.4625,-0.4862,-0.4752
94011,DE262,"Schweinfurt, Kreisfreie Stadt",2020-03-28,13,-0.5125,-0.4854,-0.4752
94012,DE262,"Schweinfurt, Kreisfreie Stadt",2020-03-29,13,-0.5945,-0.4811,-0.4752
94013,DE262,"Schweinfurt, Kreisfreie Stadt",2020-03-30,14,-0.4346,-0.4715,-0.4247
94014,DE262,"Schweinfurt, Kreisfreie Stadt",2020-03-31,14,-0.4548,-0.4551,-0.4247
94801,DE263,"Würzburg, Kreisfreie Stadt",2020-03-01,9,-0.1097,-0.1184,-0.2051
94802,DE263,"Würzburg, Kreisfreie Stadt",2020-03-02,10,-0.0613,-0.1016,-0.0739
94803,DE263,"Würzburg, Kreisfreie Stadt",2020-03-03,10,-0.0332,-0.0857,-0.0739
94804,DE263,"Würzburg, Kreisfreie Stadt",2020-03-04,10,-0.07,-0.0769,-0.0739
94805,DE263,"Würzburg, Kreisfreie Stadt",2020-03-05,10,-0.0802,-0.0759,-0.0739
94806,DE263,"Würzburg, Kreisfreie Stadt",2020-03-06,10,-0.0924,-0.074,-0.0739
94807,DE263,"Würzburg, Kreisfreie Stadt",2020-03-07,10,-0.0914,-0.0839,-0.0739
94808,DE263,"Würzburg, Kreisfreie Stadt",2020-03-08,10,-0.1029,-0.0899,-0.0739
94809,DE263,"Würzburg, Kreisfreie Stadt",2020-03-09,11,-0.0482,-0.0943,-0.1362
94810,DE263,"Würzburg, Kreisfreie Stadt",2020-03-10,11,-0.1019,-0.1,-0.1362
94811,DE263,"Würzburg, Kreisfreie Stadt",2020-03-11,11,-0.1123,-0.1263,-0.1362
94812,DE263,"Würzburg, Kreisfreie Stadt",2020-03-12,11,-0.1112,-0.146,-0.1362
94813,DE263,"Würzburg, Kreisfreie Stadt",2020-03-13,11,-0.132,-0.1714,-0.1362
94814,DE263,"Würzburg, Kreisfreie Stadt",2020-03-14,11,-0.2757,-0.2029,-0.1362
94815,DE263,"Würzburg, Kreisfreie Stadt",2020-03-15,11,-0.2405,-0.2446,-0.1362
94816,DE263,"Würzburg, Kreisfreie Stadt",2020-03-16,12,-0.2265,-0.2907,-0.4377
94817,DE263,"Würzburg, Kreisfreie Stadt",2020-03-17,12,-0.3218,-0.3366,-0.4377
94818,DE263,"Würzburg, Kreisfreie Stadt",2020-03-18,12,-0.4048,-0.3991,-0.4377
94819,DE263,"Würzburg, Kreisfreie Stadt",2020-03-19,12,-0.4336,-0.4563,-0.4377
94820,DE263,"Würzburg, Kreisfreie Stadt",2020-03-20,12,-0.4532,-0.4986,-0.4377
94821,DE263,"Würzburg, Kreisfreie Stadt",2020-03-21,12,-0.7134,-0.5295,-0.4377
94822,DE263,"Würzburg, Kreisfreie Stadt",2020-03-22,12,-0.6406,-0.5501,-0.4377
94823,DE263,"Würzburg, Kreisfreie Stadt",2020-03-23,13,-0.5226,-0.5678,-0.5638
94824,DE263,"Würzburg, Kreisfreie Stadt",2020-03-24,13,-0.5381,-0.5815,-0.5638
94825,DE263,"Würzburg, Kreisfreie Stadt",2020-03-25,13,-0.5493,-0.5648,-0.5638
94826,DE263,"Würzburg, Kreisfreie Stadt",2020-03-26,13,-0.5577,-0.5727,-0.5638
94827,DE263,"Würzburg, Kreisfreie Stadt",2020-03-27,13,-0.5491,-0.5719,-0.5638
94828,DE263,"Würzburg, Kreisfreie Stadt",2020-03-28,13,-0.5963,-0.5713,-0.5638
94829,DE263,"Würzburg, Kreisfreie Stadt",2020-03-29,13,-0.6958,-0.5683,-0.5638
94830,DE263,"Würzburg, Kreisfreie Stadt",2020-03-30,14,-0.5169,-0.5584,-0.5149
94831,DE263,"Würzburg, Kreisfreie Stadt",2020-03-31,14,-0.5338,-0.5453,-0.5149
95618,DE264,"Aschaffenburg, Landkreis",2020-03-01,9,-0.0662,-0.0675,-0.134
95619,DE264,"Aschaffenburg, Landkreis",2020-03-02,10,-0.0508,-0.0514,-0.0239
95620,DE264,"Aschaffenburg, Landkreis",2020-03-03,10,-0.0171,-0.0412,-0.0239
95621,DE264,"Aschaffenburg, Landkreis",2020-03-04,10,-0.0203,-0.0325,-0.0239
95622,DE264,"Aschaffenburg, Landkreis",2020-03-05,10,-0.0289,-0.022,-0.0239
95623,DE264,"Aschaffenburg, Landkreis",2020-03-06,10,-0.0336,-0.0122,-0.0239
95624,DE264,"Aschaffenburg, Landkreis",2020-03-07,10,-0.0102,-0.0193,-0.0239
95625,DE264,"Aschaffenburg, Landkreis",2020-03-08,10,0.0073,-0.0251,-0.0239
95626,DE264,"Aschaffenburg, Landkreis",2020-03-09,11,0.0177,-0.0245,-0.0636
95627,DE264,"Aschaffenburg, Landkreis",2020-03-10,11,-0.0669,-0.0259,-0.0636
95628,DE264,"Aschaffenburg, Landkreis",2020-03-11,11,-0.0612,-0.0487,-0.0636
95629,DE264,"Aschaffenburg, Landkreis",2020-03-12,11,-0.0243,-0.0697,-0.0636
95630,DE264,"Aschaffenburg, Landkreis",2020-03-13,11,-0.0439,-0.0877,-0.0636
95631,DE264,"Aschaffenburg, Landkreis",2020-03-14,11,-0.1693,-0.1071,-0.0636
95632,DE264,"Aschaffenburg, Landkreis",2020-03-15,11,-0.1398,-0.1374,-0.0636
95633,DE264,"Aschaffenburg, Landkreis",2020-03-16,12,-0.1084,-0.1741,-0.3205
95634,DE264,"Aschaffenburg, Landkreis",2020-03-17,12,-0.2025,-0.2102,-0.3205
95635,DE264,"Aschaffenburg, Landkreis",2020-03-18,12,-0.2738,-0.2746,-0.3205
95636,DE264,"Aschaffenburg, Landkreis",2020-03-19,12,-0.2806,-0.3405,-0.3205
95637,DE264,"Aschaffenburg, Landkreis",2020-03-20,12,-0.2972,-0.3817,-0.3205
95638,DE264,"Aschaffenburg, Landkreis",2020-03-21,12,-0.6202,-0.4107,-0.3205
95639,DE264,"Aschaffenburg, Landkreis",2020-03-22,12,-0.6009,-0.4306,-0.3205
95640,DE264,"Aschaffenburg, Landkreis",2020-03-23,13,-0.3964,-0.4495,-0.4352
95641,DE264,"Aschaffenburg, Landkreis",2020-03-24,13,-0.4056,-0.4659,-0.4352
95642,DE264,"Aschaffenburg, Landkreis",2020-03-25,13,-0.4135,-0.4417,-0.4352
95643,DE264,"Aschaffenburg, Landkreis",2020-03-26,13,-0.4127,-0.4459,-0.4352
95644,DE264,"Aschaffenburg, Landkreis",2020-03-27,13,-0.4122,-0.4409,-0.4352
95645,DE264,"Aschaffenburg, Landkreis",2020-03-28,13,-0.4506,-0.4363,-0.4352
95646,DE264,"Aschaffenburg, Landkreis",2020-03-29,13,-0.63,-0.4266,-0.4352
95647,DE264,"Aschaffenburg, Landkreis",2020-03-30,14,-0.3615,-0.4126,-0.3568
95648,DE264,"Aschaffenburg, Landkreis",2020-03-31,14,-0.3737,-0.3932,-0.3568
96435,DE265,Bad Kissingen,2020-03-01,9,-0.1983,-0.1677,-0.2233
96436,DE265,Bad Kissingen,2020-03-02,10,-0.1034,-0.1513,-0.1105
96437,DE265,Bad Kissingen,2020-03-03,10,-0.0935,-0.1334,-0.1105
96438,DE265,Bad Kissingen,2020-03-04,10,-0.1177,-0.1241,-0.1105
96439,DE265,Bad Kissingen,2020-03-05,10,-0.1135,-0.11,-0.1105
96440,DE265,Bad Kissingen,2020-03-06,10,-0.1208,-0.1024,-0.1105
96441,DE265,Bad Kissingen,2020-03-07,10,-0.1213,-0.1001,-0.1105
96442,DE265,Bad Kissingen,2020-03-08,10,-0.0997,-0.0982,-0.1105
96443,DE265,Bad Kissingen,2020-03-09,11,-0.05,-0.096,-0.1122
96444,DE265,Bad Kissingen,2020-03-10,11,-0.0778,-0.0937,-0.1122
96445,DE265,Bad Kissingen,2020-03-11,11,-0.1042,-0.1054,-0.1122
96446,DE265,Bad Kissingen,2020-03-12,11,-0.0984,-0.1167,-0.1122
96447,DE265,Bad Kissingen,2020-03-13,11,-0.1045,-0.1279,-0.1122
96448,DE265,Bad Kissingen,2020-03-14,11,-0.2031,-0.147,-0.1122
96449,DE265,Bad Kissingen,2020-03-15,11,-0.1789,-0.1725,-0.1122
96450,DE265,Bad Kissingen,2020-03-16,12,-0.1282,-0.2022,-0.3462
96451,DE265,Bad Kissingen,2020-03-17,12,-0.212,-0.2325,-0.3462
96452,DE265,Bad Kissingen,2020-03-18,12,-0.2826,-0.2982,-0.3462
96453,DE265,Bad Kissingen,2020-03-19,12,-0.3061,-0.3648,-0.3462
96454,DE265,Bad Kissingen,2020-03-20,12,-0.3166,-0.4082,-0.3462
96455,DE265,Bad Kissingen,2020-03-21,12,-0.6632,-0.4405,-0.3462
96456,DE265,Bad Kissingen,2020-03-22,12,-0.6452,-0.4651,-0.3462
96457,DE265,Bad Kissingen,2020-03-23,13,-0.4315,-0.4867,-0.4845
96458,DE265,Bad Kissingen,2020-03-24,13,-0.4384,-0.5065,-0.4845
96459,DE265,Bad Kissingen,2020-03-25,13,-0.4546,-0.4878,-0.4845
96460,DE265,Bad Kissingen,2020-03-26,13,-0.4576,-0.4953,-0.4845
96461,DE265,Bad Kissingen,2020-03-27,13,-0.4547,-0.4919,-0.4845
96462,DE265,Bad Kissingen,2020-03-28,13,-0.5329,-0.4921,-0.4845
96463,DE265,Bad Kissingen,2020-03-29,13,-0.6973,-0.4888,-0.4845
96464,DE265,Bad Kissingen,2020-03-30,14,-0.4079,-0.4843,-0.462
96465,DE265,Bad Kissingen,2020-03-31,14,-0.4397,-0.4787,-0.462
97252,DE266,Rhön-Grabfeld,2020-03-01,9,-0.1973,-0.1244,-0.1967
97253,DE266,Rhön-Grabfeld,2020-03-02,10,-0.0732,-0.1061,-0.0873
97254,DE266,Rhön-Grabfeld,2020-03-03,10,-0.0287,-0.0968,-0.0873
97255,DE266,Rhön-Grabfeld,2020-03-04,10,-0.0716,-0.1005,-0.0873
97256,DE266,Rhön-Grabfeld,2020-03-05,10,-0.0635,-0.0904,-0.0873
97257,DE266,Rhön-Grabfeld,2020-03-06,10,-0.1009,-0.095,-0.0873
97258,DE266,Rhön-Grabfeld,2020-03-07,10,-0.1681,-0.102,-0.0873
97259,DE266,Rhön-Grabfeld,2020-03-08,10,-0.1268,-0.1041,-0.0873
97260,DE266,Rhön-Grabfeld,2020-03-09,11,-0.1054,-0.1062,-0.1249
97261,DE266,Rhön-Grabfeld,2020-03-10,11,-0.0781,-0.1088,-0.1249
97262,DE266,Rhön-Grabfeld,2020-03-11,11,-0.0861,-0.1182,-0.1249
97263,DE266,Rhön-Grabfeld,2020-03-12,11,-0.0777,-0.1314,-0.1249
97264,DE266,Rhön-Grabfeld,2020-03-13,11,-0.1198,-0.1394,-0.1249
97265,DE266,Rhön-Grabfeld,2020-03-14,11,-0.2334,-0.1584,-0.1249
97266,DE266,Rhön-Grabfeld,2020-03-15,11,-0.219,-0.1859,-0.1249
97267,DE266,Rhön-Grabfeld,2020-03-16,12,-0.162,-0.2183,-0.3522
97268,DE266,Rhön-Grabfeld,2020-03-17,12,-0.2109,-0.2489,-0.3522
97269,DE266,Rhön-Grabfeld,2020-03-18,12,-0.2784,-0.3111,-0.3522
97270,DE266,Rhön-Grabfeld,2020-03-19,12,-0.3046,-0.3714,-0.3522
97271,DE266,Rhön-Grabfeld,2020-03-20,12,-0.3338,-0.4097,-0.3522
97272,DE266,Rhön-Grabfeld,2020-03-21,12,-0.669,-0.4388,-0.3522
97273,DE266,Rhön-Grabfeld,2020-03-22,12,-0.6412,-0.4618,-0.3522
97274,DE266,Rhön-Grabfeld,2020-03-23,13,-0.4298,-0.4813,-0.4727
97275,DE266,Rhön-Grabfeld,2020-03-24,13,-0.4149,-0.4976,-0.4727
97276,DE266,Rhön-Grabfeld,2020-03-25,13,-0.4394,-0.4789,-0.4727
97277,DE266,Rhön-Grabfeld,2020-03-26,13,-0.4411,-0.4833,-0.4727
97278,DE266,Rhön-Grabfeld,2020-03-27,13,-0.4476,-0.4834,-0.4727
97279,DE266,Rhön-Grabfeld,2020-03-28,13,-0.5385,-0.4858,-0.4727
97280,DE266,Rhön-Grabfeld,2020-03-29,13,-0.6721,-0.4831,-0.4727
97281,DE266,Rhön-Grabfeld,2020-03-30,14,-0.4301,-0.4802,-0.4523
97282,DE266,Rhön-Grabfeld,2020-03-31,14,-0.4322,-0.4733,-0.4523
98069,DE267,Haßberge,2020-03-01,9,-0.1253,-0.064,-0.1399
98070,DE267,Haßberge,2020-03-02,10,0.0318,-0.0522,-0.0253
98071,DE267,Haßberge,2020-03-03,10,0.0319,-0.0398,-0.0253
98072,DE267,Haßberge,2020-03-04,10,-0.0077,-0.0345,-0.0253
98073,DE267,Haßberge,2020-03-05,10,-0.0453,-0.0272,-0.0253
98074,DE267,Haßberge,2020-03-06,10,-0.0601,-0.0265,-0.0253
98075,DE267,Haßberge,2020-03-07,10,-0.0665,-0.0287,-0.0253
98076,DE267,Haßberge,2020-03-08,10,-0.0748,-0.0315,-0.0253
98077,DE267,Haßberge,2020-03-09,11,0.0369,-0.0292,-0.0586
98078,DE267,Haßberge,2020-03-10,11,0.0164,-0.0336,-0.0586
98079,DE267,Haßberge,2020-03-11,11,-0.027,-0.0483,-0.0586
98080,DE267,Haßberge,2020-03-12,11,-0.0296,-0.0657,-0.0586
98081,DE267,Haßberge,2020-03-13,11,-0.0903,-0.0815,-0.0586
98082,DE267,Haßberge,2020-03-14,11,-0.1696,-0.1063,-0.0586
98083,DE267,Haßberge,2020-03-15,11,-0.1967,-0.1331,-0.0586
98084,DE267,Haßberge,2020-03-16,12,-0.0738,-0.1617,-0.2904
98085,DE267,Haßberge,2020-03-17,12,-0.1572,-0.1882,-0.2904
98086,DE267,Haßberge,2020-03-18,12,-0.2145,-0.2509,-0.2904
98087,DE267,Haßberge,2020-03-19,12,-0.2297,-0.3089,-0.2904
98088,DE267,Haßberge,2020-03-20,12,-0.2759,-0.35,-0.2904
98089,DE267,Haßberge,2020-03-21,12,-0.6083,-0.3786,-0.2904
98090,DE267,Haßberge,2020-03-22,12,-0.6031,-0.4004,-0.2904
98091,DE267,Haßberge,2020-03-23,13,-0.3616,-0.4232,-0.4121
98092,DE267,Haßberge,2020-03-24,13,-0.3571,-0.4386,-0.4121
98093,DE267,Haßberge,2020-03-25,13,-0.3669,-0.4167,-0.4121
98094,DE267,Haßberge,2020-03-26,13,-0.3892,-0.4231,-0.4121
98095,DE267,Haßberge,2020-03-27,13,-0.3839,-0.4187,-0.4121
98096,DE267,Haßberge,2020-03-28,13,-0.4552,-0.4181,-0.4121
98097,DE267,Haßberge,2020-03-29,13,-0.6475,-0.4163,-0.4121
98098,DE267,Haßberge,2020-03-30,14,-0.331,-0.4092,-0.3833
98099,DE267,Haßberge,2020-03-31,14,-0.3532,-0.4036,-0.3833
98886,DE268,Kitzingen,2020-03-01,9,-0.0225,-0.0205,-0.0938
98887,DE268,Kitzingen,2020-03-02,10,0.0513,-0.0051,0.0219
98888,DE268,Kitzingen,2020-03-03,10,0.0301,0.0073,0.0219
98889,DE268,Kitzingen,2020-03-04,10,0.0302,0.0169,0.0219
98890,DE268,Kitzingen,2020-03-05,10,0.0091,0.022,0.0219
98891,DE268,Kitzingen,2020-03-06,10,-0.0036,0.0238,0.0219
98892,DE268,Kitzingen,2020-03-07,10,0.0236,0.0189,0.0219
98893,DE268,Kitzingen,2020-03-08,10,0.013,0.0146,0.0219
98894,DE268,Kitzingen,2020-03-09,11,0.0644,0.0135,-0.0031
98895,DE268,Kitzingen,2020-03-10,11,-0.0045,0.0148,-0.0031
98896,DE268,Kitzingen,2020-03-11,11,-0.0,0.0017,-0.0031
98897,DE268,Kitzingen,2020-03-12,11,0.0017,-0.0061,-0.0031
98898,DE268,Kitzingen,2020-03-13,11,0.0052,-0.0241,-0.0031
98899,DE268,Kitzingen,2020-03-14,11,-0.068,-0.0453,-0.0031
98900,DE268,Kitzingen,2020-03-15,11,-0.0412,-0.0737,-0.0031
98901,DE268,Kitzingen,2020-03-16,12,-0.0619,-0.1053,-0.2586
98902,DE268,Kitzingen,2020-03-17,12,-0.153,-0.139,-0.2586
98903,DE268,Kitzingen,2020-03-18,12,-0.1988,-0.2069,-0.2586
98904,DE268,Kitzingen,2020-03-19,12,-0.2194,-0.2773,-0.2586
98905,DE268,Kitzingen,2020-03-20,12,-0.2307,-0.3144,-0.2586
98906,DE268,Kitzingen,2020-03-21,12,-0.5435,-0.3405,-0.2586
98907,DE268,Kitzingen,2020-03-22,12,-0.5342,-0.3634,-0.2586
98908,DE268,Kitzingen,2020-03-23,13,-0.3211,-0.3834,-0.3767
98909,DE268,Kitzingen,2020-03-24,13,-0.3359,-0.4017,-0.3767
98910,DE268,Kitzingen,2020-03-25,13,-0.3589,-0.3788,-0.3767
98911,DE268,Kitzingen,2020-03-26,13,-0.3596,-0.3872,-0.3767
98912,DE268,Kitzingen,2020-03-27,13,-0.3589,-0.3864,-0.3767
98913,DE268,Kitzingen,2020-03-28,13,-0.3832,-0.3868,-0.3767
98914,DE268,Kitzingen,2020-03-29,13,-0.5928,-0.3808,-0.3767
98915,DE268,Kitzingen,2020-03-30,14,-0.3155,-0.3701,-0.3313
98916,DE268,Kitzingen,2020-03-31,14,-0.3386,-0.3567,-0.3313
99703,DE269,Miltenberg,2020-03-01,9,-0.1561,-0.1188,-0.1779
99704,DE269,Miltenberg,2020-03-02,10,-0.0606,-0.1062,-0.0848
99705,DE269,Miltenberg,2020-03-03,10,-0.0761,-0.0974,-0.0848
99706,DE269,Miltenberg,2020-03-04,10,-0.0891,-0.0962,-0.0848
99707,DE269,Miltenberg,2020-03-05,10,-0.0848,-0.0847,-0.0848
99708,DE269,Miltenberg,2020-03-06,10,-0.0869,-0.081,-0.0848
99709,DE269,Miltenberg,2020-03-07,10,-0.1195,-0.0844,-0.0848
99710,DE269,Miltenberg,2020-03-08,10,-0.076,-0.0864,-0.0848
99711,DE269,Miltenberg,2020-03-09,11,-0.0345,-0.0872,-0.1186
99712,DE269,Miltenberg,2020-03-10,11,-0.1,-0.092,-0.1186
99713,DE269,Miltenberg,2020-03-11,11,-0.1032,-0.109,-0.1186
99714,DE269,Miltenberg,2020-03-12,11,-0.0906,-0.1221,-0.1186
99715,DE269,Miltenberg,2020-03-13,11,-0.1204,-0.1401,-0.1186
99716,DE269,Miltenberg,2020-03-14,11,-0.2381,-0.1607,-0.1186
99717,DE269,Miltenberg,2020-03-15,11,-0.1678,-0.1898,-0.1186
99718,DE269,Miltenberg,2020-03-16,12,-0.1603,-0.2223,-0.3675
99719,DE269,Miltenberg,2020-03-17,12,-0.2445,-0.2533,-0.3675
99720,DE269,Miltenberg,2020-03-18,12,-0.3068,-0.316,-0.3675
99721,DE269,Miltenberg,2020-03-19,12,-0.3181,-0.3842,-0.3675
99722,DE269,Miltenberg,2020-03-20,12,-0.3373,-0.4245,-0.3675
99723,DE269,Miltenberg,2020-03-21,12,-0.6773,-0.457,-0.3675
99724,DE269,Miltenberg,2020-03-22,12,-0.6447,-0.4799,-0.3675
99725,DE269,Miltenberg,2020-03-23,13,-0.4429,-0.5001,-0.4911
99726,DE269,Miltenberg,2020-03-24,13,-0.4721,-0.5179,-0.4911
99727,DE269,Miltenberg,2020-03-25,13,-0.467,-0.4968,-0.4911
99728,DE269,Miltenberg,2020-03-26,13,-0.4596,-0.5003,-0.4911
99729,DE269,Miltenberg,2020-03-27,13,-0.4613,-0.4969,-0.4911
99730,DE269,Miltenberg,2020-03-28,13,-0.5298,-0.4911,-0.4911
99731,DE269,Miltenberg,2020-03-29,13,-0.6695,-0.4843,-0.4911
99732,DE269,Miltenberg,2020-03-30,14,-0.4187,-0.4771,-0.4404
99733,DE269,Miltenberg,2020-03-31,14,-0.4319,-0.4667,-0.4404
100520,DE26A,Main-Spessart,2020-03-01,9,-0.1072,-0.0807,-0.1787
100521,DE26A,Main-Spessart,2020-03-02,10,0.0021,-0.0696,-0.0603
100522,DE26A,Main-Spessart,2020-03-03,10,-0.0011,-0.0621,-0.0603
100523,DE26A,Main-Spessart,2020-03-04,10,-0.0577,-0.0635,-0.0603
100524,DE26A,Main-Spessart,2020-03-05,10,-0.0781,-0.0628,-0.0603
100525,DE26A,Main-Spessart,2020-03-06,10,-0.0997,-0.066,-0.0603
100526,DE26A,Main-Spessart,2020-03-07,10,-0.1029,-0.0783,-0.0603
100527,DE26A,Main-Spessart,2020-03-08,10,-0.102,-0.0822,-0.0603
100528,DE26A,Main-Spessart,2020-03-09,11,-0.0204,-0.0835,-0.1056
100529,DE26A,Main-Spessart,2020-03-10,11,-0.0872,-0.0857,-0.1056
100530,DE26A,Main-Spessart,2020-03-11,11,-0.0855,-0.1005,-0.1056
100531,DE26A,Main-Spessart,2020-03-12,11,-0.0871,-0.1118,-0.1056
100532,DE26A,Main-Spessart,2020-03-13,11,-0.1146,-0.125,-0.1056
100533,DE26A,Main-Spessart,2020-03-14,11,-0.2066,-0.1389,-0.1056
100534,DE26A,Main-Spessart,2020-03-15,11,-0.1811,-0.1733,-0.1056
100535,DE26A,Main-Spessart,2020-03-16,12,-0.1129,-0.2078,-0.3493
100536,DE26A,Main-Spessart,2020-03-17,12,-0.1843,-0.2402,-0.3493
100537,DE26A,Main-Spessart,2020-03-18,12,-0.3264,-0.3076,-0.3493
100538,DE26A,Main-Spessart,2020-03-19,12,-0.3287,-0.3715,-0.3493
100539,DE26A,Main-Spessart,2020-03-20,12,-0.3413,-0.4154,-0.3493
100540,DE26A,Main-Spessart,2020-03-21,12,-0.6783,-0.4509,-0.3493
100541,DE26A,Main-Spessart,2020-03-22,12,-0.6286,-0.4696,-0.3493
100542,DE26A,Main-Spessart,2020-03-23,13,-0.4203,-0.489,-0.4807
100543,DE26A,Main-Spessart,2020-03-24,13,-0.4328,-0.5066,-0.4807
100544,DE26A,Main-Spessart,2020-03-25,13,-0.4573,-0.4864,-0.4807
100545,DE26A,Main-Spessart,2020-03-26,13,-0.4642,-0.4929,-0.4807
100546,DE26A,Main-Spessart,2020-03-27,13,-0.4645,-0.495,-0.4807
100547,DE26A,Main-Spessart,2020-03-28,13,-0.5369,-0.4938,-0.4807
100548,DE26A,Main-Spessart,2020-03-29,13,-0.6742,-0.489,-0.4807
100549,DE26A,Main-Spessart,2020-03-30,14,-0.435,-0.481,-0.4464
100550,DE26A,Main-Spessart,2020-03-31,14,-0.4242,-0.4714,-0.4464
101337,DE26B,"Schweinfurt, Landkreis",2020-03-01,9,-0.064,-0.0366,-0.0918
101338,DE26B,"Schweinfurt, Landkreis",2020-03-02,10,0.0424,-0.0283,-0.005
101339,DE26B,"Schweinfurt, Landkreis",2020-03-03,10,0.0213,-0.0174,-0.005
101340,DE26B,"Schweinfurt, Landkreis",2020-03-04,10,-0.005,-0.0098,-0.005
101341,DE26B,"Schweinfurt, Landkreis",2020-03-05,10,-0.0066,-0.0064,-0.005
101342,DE26B,"Schweinfurt, Landkreis",2020-03-06,10,-0.0241,-0.0097,-0.005
101343,DE26B,"Schweinfurt, Landkreis",2020-03-07,10,-0.0325,-0.0183,-0.005
101344,DE26B,"Schweinfurt, Landkreis",2020-03-08,10,-0.0401,-0.0225,-0.005
101345,DE26B,"Schweinfurt, Landkreis",2020-03-09,11,0.0193,-0.028,-0.0469
101346,DE26B,"Schweinfurt, Landkreis",2020-03-10,11,-0.039,-0.0295,-0.0469
101347,DE26B,"Schweinfurt, Landkreis",2020-03-11,11,-0.0344,-0.0431,-0.0469
101348,DE26B,"Schweinfurt, Landkreis",2020-03-12,11,-0.0454,-0.0492,-0.0469
101349,DE26B,"Schweinfurt, Landkreis",2020-03-13,11,-0.0347,-0.0581,-0.0469
101350,DE26B,"Schweinfurt, Landkreis",2020-03-14,11,-0.1275,-0.0662,-0.0469
101351,DE26B,"Schweinfurt, Landkreis",2020-03-15,11,-0.0828,-0.0832,-0.0469
101352,DE26B,"Schweinfurt, Landkreis",2020-03-16,12,-0.043,-0.1023,-0.2254
101353,DE26B,"Schweinfurt, Landkreis",2020-03-17,12,-0.0957,-0.1257,-0.2254
101354,DE26B,"Schweinfurt, Landkreis",2020-03-18,12,-0.1534,-0.1827,-0.2254
101355,DE26B,"Schweinfurt, Landkreis",2020-03-19,12,-0.1789,-0.2386,-0.2254
101356,DE26B,"Schweinfurt, Landkreis",2020-03-20,12,-0.1988,-0.273,-0.2254
101357,DE26B,"Schweinfurt, Landkreis",2020-03-21,12,-0.5263,-0.3024,-0.2254
101358,DE26B,"Schweinfurt, Landkreis",2020-03-22,12,-0.4737,-0.3247,-0.2254
101359,DE26B,"Schweinfurt, Landkreis",2020-03-23,13,-0.284,-0.3447,-0.3528
101360,DE26B,"Schweinfurt, Landkreis",2020-03-24,13,-0.3014,-0.3633,-0.3528
101361,DE26B,"Schweinfurt, Landkreis",2020-03-25,13,-0.3096,-0.3467,-0.3528
101362,DE26B,"Schweinfurt, Landkreis",2020-03-26,13,-0.3188,-0.3628,-0.3528
101363,DE26B,"Schweinfurt, Landkreis",2020-03-27,13,-0.3295,-0.3652,-0.3528
101364,DE26B,"Schweinfurt, Landkreis",2020-03-28,13,-0.4099,-0.369,-0.3528
101365,DE26B,"Schweinfurt, Landkreis",2020-03-29,13,-0.5863,-0.3719,-0.3528
101366,DE26B,"Schweinfurt, Landkreis",2020-03-30,14,-0.3009,-0.351,-0.2626
101367,DE26B,"Schweinfurt, Landkreis",2020-03-31,14,-0.3284,-0.3266,-0.2626
102154,DE26C,"Würzburg, Landkreis",2020-03-01,9,-0.031,-0.0498,-0.1304
102155,DE26C,"Würzburg, Landkreis",2020-03-02,10,0.0239,-0.0369,-0.0153
102156,DE26C,"Würzburg, Landkreis",2020-03-03,10,0.0241,-0.0235,-0.0153
102157,DE26C,"Würzburg, Landkreis",2020-03-04,10,-0.0213,-0.0158,-0.0153
102158,DE26C,"Würzburg, Landkreis",2020-03-05,10,-0.0308,-0.0161,-0.0153
102159,DE26C,"Würzburg, Landkreis",2020-03-06,10,-0.0387,-0.0173,-0.0153
102160,DE26C,"Würzburg, Landkreis",2020-03-07,10,-0.0369,-0.0228,-0.0153
102161,DE26C,"Würzburg, Landkreis",2020-03-08,10,-0.0328,-0.0249,-0.0153
102162,DE26C,"Würzburg, Landkreis",2020-03-09,11,0.0152,-0.0255,-0.0349
102163,DE26C,"Würzburg, Landkreis",2020-03-10,11,-0.014,-0.0261,-0.0349
102164,DE26C,"Würzburg, Landkreis",2020-03-11,11,-0.0366,-0.0353,-0.0349
102165,DE26C,"Würzburg, Landkreis",2020-03-12,11,-0.0348,-0.0361,-0.0349
102166,DE26C,"Würzburg, Landkreis",2020-03-13,11,-0.0429,-0.0442,-0.0349
102167,DE26C,"Würzburg, Landkreis",2020-03-14,11,-0.1015,-0.0568,-0.0349
102168,DE26C,"Würzburg, Landkreis",2020-03-15,11,-0.0378,-0.0773,-0.0349
102169,DE26C,"Würzburg, Landkreis",2020-03-16,12,-0.0421,-0.1031,-0.2432
102170,DE26C,"Würzburg, Landkreis",2020-03-17,12,-0.1019,-0.1296,-0.2432
102171,DE26C,"Würzburg, Landkreis",2020-03-18,12,-0.18,-0.1977,-0.2432
102172,DE26C,"Würzburg, Landkreis",2020-03-19,12,-0.2155,-0.2617,-0.2432
102173,DE26C,"Würzburg, Landkreis",2020-03-20,12,-0.2285,-0.303,-0.2432
102174,DE26C,"Würzburg, Landkreis",2020-03-21,12,-0.5778,-0.3367,-0.2432
102175,DE26C,"Würzburg, Landkreis",2020-03-22,12,-0.4857,-0.361,-0.2432
102176,DE26C,"Würzburg, Landkreis",2020-03-23,13,-0.3315,-0.3816,-0.3681
102177,DE26C,"Würzburg, Landkreis",2020-03-24,13,-0.3378,-0.3985,-0.3681
102178,DE26C,"Würzburg, Landkreis",2020-03-25,13,-0.35,-0.3688,-0.3681
102179,DE26C,"Würzburg, Landkreis",2020-03-26,13,-0.3601,-0.3776,-0.3681
102180,DE26C,"Würzburg, Landkreis",2020-03-27,13,-0.3467,-0.376,-0.3681
102181,DE26C,"Würzburg, Landkreis",2020-03-28,13,-0.3697,-0.3746,-0.3681
102182,DE26C,"Würzburg, Landkreis",2020-03-29,13,-0.5478,-0.3689,-0.3681
102183,DE26C,"Würzburg, Landkreis",2020-03-30,14,-0.3197,-0.3596,-0.3225
102184,DE26C,"Würzburg, Landkreis",2020-03-31,14,-0.3284,-0.3502,-0.3225
102971,DE271,"Augsburg, Kreisfreie Stadt",2020-03-01,9,0.0682,0.0006,-0.035
102972,DE271,"Augsburg, Kreisfreie Stadt",2020-03-02,10,0.0036,0.0125,0.0079
102973,DE271,"Augsburg, Kreisfreie Stadt",2020-03-03,10,-0.0015,0.0185,0.0079
102974,DE271,"Augsburg, Kreisfreie Stadt",2020-03-04,10,0.0118,0.0098,0.0079
102975,DE271,"Augsburg, Kreisfreie Stadt",2020-03-05,10,0.0053,0.0121,0.0079
102976,DE271,"Augsburg, Kreisfreie Stadt",2020-03-06,10,-0.0109,0.0173,0.0079
102977,DE271,"Augsburg, Kreisfreie Stadt",2020-03-07,10,-0.0079,0.0116,0.0079
102978,DE271,"Augsburg, Kreisfreie Stadt",2020-03-08,10,0.0843,0.0087,0.0079
102979,DE271,"Augsburg, Kreisfreie Stadt",2020-03-09,11,0.0398,0.0093,-0.0268
102980,DE271,"Augsburg, Kreisfreie Stadt",2020-03-10,11,-0.0412,0.0079,-0.0268
102981,DE271,"Augsburg, Kreisfreie Stadt",2020-03-11,11,-0.0082,-0.0098,-0.0268
102982,DE271,"Augsburg, Kreisfreie Stadt",2020-03-12,11,0.0093,-0.0306,-0.0268
102983,DE271,"Augsburg, Kreisfreie Stadt",2020-03-13,11,-0.0206,-0.0486,-0.0268
102984,DE271,"Augsburg, Kreisfreie Stadt",2020-03-14,11,-0.1319,-0.0732,-0.0268
102985,DE271,"Augsburg, Kreisfreie Stadt",2020-03-15,11,-0.0617,-0.1093,-0.0268
102986,DE271,"Augsburg, Kreisfreie Stadt",2020-03-16,12,-0.0858,-0.1529,-0.3263
102987,DE271,"Augsburg, Kreisfreie Stadt",2020-03-17,12,-0.2135,-0.1952,-0.3263
102988,DE271,"Augsburg, Kreisfreie Stadt",2020-03-18,12,-0.2612,-0.2714,-0.3263
102989,DE271,"Augsburg, Kreisfreie Stadt",2020-03-19,12,-0.2958,-0.3465,-0.3263
102990,DE271,"Augsburg, Kreisfreie Stadt",2020-03-20,12,-0.3169,-0.3941,-0.3263
102991,DE271,"Augsburg, Kreisfreie Stadt",2020-03-21,12,-0.665,-0.4268,-0.3263
102992,DE271,"Augsburg, Kreisfreie Stadt",2020-03-22,12,-0.5872,-0.4546,-0.3263
102993,DE271,"Augsburg, Kreisfreie Stadt",2020-03-23,13,-0.419,-0.4777,-0.4665
102994,DE271,"Augsburg, Kreisfreie Stadt",2020-03-24,13,-0.4427,-0.4963,-0.4665
102995,DE271,"Augsburg, Kreisfreie Stadt",2020-03-25,13,-0.4556,-0.4711,-0.4665
102996,DE271,"Augsburg, Kreisfreie Stadt",2020-03-26,13,-0.4575,-0.4754,-0.4665
102997,DE271,"Augsburg, Kreisfreie Stadt",2020-03-27,13,-0.4472,-0.4741,-0.4665
102998,DE271,"Augsburg, Kreisfreie Stadt",2020-03-28,13,-0.4884,-0.4715,-0.4665
102999,DE271,"Augsburg, Kreisfreie Stadt",2020-03-29,13,-0.6176,-0.466,-0.4665
103000,DE271,"Augsburg, Kreisfreie Stadt",2020-03-30,14,-0.4099,-0.4564,-0.4092
103001,DE271,"Augsburg, Kreisfreie Stadt",2020-03-31,14,-0.4241,-0.4406,-0.4092
103788,DE272,"Kaufbeuren, Kreisfreie Stadt",2020-03-01,9,0.2359,0.3172,0.2338
103789,DE272,"Kaufbeuren, Kreisfreie Stadt",2020-03-02,10,0.4153,0.3253,0.306
103790,DE272,"Kaufbeuren, Kreisfreie Stadt",2020-03-03,10,0.3735,0.3219,0.306
103791,DE272,"Kaufbeuren, Kreisfreie Stadt",2020-03-04,10,0.3823,0.3009,0.306
103792,DE272,"Kaufbeuren, Kreisfreie Stadt",2020-03-05,10,0.2578,0.3059,0.306
103793,DE272,"Kaufbeuren, Kreisfreie Stadt",2020-03-06,10,0.2364,0.3017,0.306
103794,DE272,"Kaufbeuren, Kreisfreie Stadt",2020-03-07,10,0.205,0.2942,0.306
103795,DE272,"Kaufbeuren, Kreisfreie Stadt",2020-03-08,10,0.271,0.2893,0.306
103796,DE272,"Kaufbeuren, Kreisfreie Stadt",2020-03-09,11,0.3859,0.2889,0.2552
103797,DE272,"Kaufbeuren, Kreisfreie Stadt",2020-03-10,11,0.321,0.2858,0.2552
103798,DE272,"Kaufbeuren, Kreisfreie Stadt",2020-03-11,11,0.3478,0.2676,0.2552
103799,DE272,"Kaufbeuren, Kreisfreie Stadt",2020-03-12,11,0.2552,0.2495,0.2552
103800,DE272,"Kaufbeuren, Kreisfreie Stadt",2020-03-13,11,0.2147,0.2312,0.2552
103801,DE272,"Kaufbeuren, Kreisfreie Stadt",2020-03-14,11,0.0773,0.1983,0.2552
103802,DE272,"Kaufbeuren, Kreisfreie Stadt",2020-03-15,11,0.1443,0.1528,0.2552
103803,DE272,"Kaufbeuren, Kreisfreie Stadt",2020-03-16,12,0.2577,0.1063,-0.0888
103804,DE272,"Kaufbeuren, Kreisfreie Stadt",2020-03-17,12,0.0913,0.0635,-0.0888
103805,DE272,"Kaufbeuren, Kreisfreie Stadt",2020-03-18,12,0.0291,-0.0195,-0.0888
103806,DE272,"Kaufbeuren, Kreisfreie Stadt",2020-03-19,12,-0.0702,-0.1109,-0.0888
103807,DE272,"Kaufbeuren, Kreisfreie Stadt",2020-03-20,12,-0.0848,-0.1709,-0.0888
103808,DE272,"Kaufbeuren, Kreisfreie Stadt",2020-03-21,12,-0.5039,-0.2113,-0.0888
103809,DE272,"Kaufbeuren, Kreisfreie Stadt",2020-03-22,12,-0.4958,-0.2471,-0.0888
103810,DE272,"Kaufbeuren, Kreisfreie Stadt",2020-03-23,13,-0.1617,-0.277,-0.2696
103811,DE272,"Kaufbeuren, Kreisfreie Stadt",2020-03-24,13,-0.1917,-0.3023,-0.2696
103812,DE272,"Kaufbeuren, Kreisfreie Stadt",2020-03-25,13,-0.2216,-0.2761,-0.2696
103813,DE272,"Kaufbeuren, Kreisfreie Stadt",2020-03-26,13,-0.2796,-0.2818,-0.2696
103814,DE272,"Kaufbeuren, Kreisfreie Stadt",2020-03-27,13,-0.2616,-0.2832,-0.2696
103815,DE272,"Kaufbeuren, Kreisfreie Stadt",2020-03-28,13,-0.3205,-0.2828,-0.2696
103816,DE272,"Kaufbeuren, Kreisfreie Stadt",2020-03-29,13,-0.536,-0.2992,-0.2696
103817,DE272,"Kaufbeuren, Kreisfreie Stadt",2020-03-30,14,-0.1716,-0.3031,-0.289
103818,DE272,"Kaufbeuren, Kreisfreie Stadt",2020-03-31,14,-0.1888,-0.3016,-0.289
104605,DE273,"Kempten (Allgäu), Kreisfreie Stadt",2020-03-01,9,0.1278,0.0608,0.0093
104606,DE273,"Kempten (Allgäu), Kreisfreie Stadt",2020-03-02,10,0.1043,0.0744,0.0706
104607,DE273,"Kempten (Allgäu), Kreisfreie Stadt",2020-03-03,10,0.0656,0.0853,0.0706
104608,DE273,"Kempten (Allgäu), Kreisfreie Stadt",2020-03-04,10,0.0648,0.0711,0.0706
104609,DE273,"Kempten (Allgäu), Kreisfreie Stadt",2020-03-05,10,0.0636,0.0747,0.0706
104610,DE273,"Kempten (Allgäu), Kreisfreie Stadt",2020-03-06,10,0.084,0.0719,0.0706
104611,DE273,"Kempten (Allgäu), Kreisfreie Stadt",2020-03-07,10,-0.0126,0.0674,0.0706
104612,DE273,"Kempten (Allgäu), Kreisfreie Stadt",2020-03-08,10,0.153,0.0684,0.0706
104613,DE273,"Kempten (Allgäu), Kreisfreie Stadt",2020-03-09,11,0.0852,0.0661,0.0312
104614,DE273,"Kempten (Allgäu), Kreisfreie Stadt",2020-03-10,11,0.0341,0.0574,0.0312
104615,DE273,"Kempten (Allgäu), Kreisfreie Stadt",2020-03-11,11,0.0718,0.0438,0.0312
104616,DE273,"Kempten (Allgäu), Kreisfreie Stadt",2020-03-12,11,0.0473,0.0321,0.0312
104617,DE273,"Kempten (Allgäu), Kreisfreie Stadt",2020-03-13,11,0.0228,0.016,0.0312
104618,DE273,"Kempten (Allgäu), Kreisfreie Stadt",2020-03-14,11,-0.1078,-0.0126,0.0312
104619,DE273,"Kempten (Allgäu), Kreisfreie Stadt",2020-03-15,11,0.0715,-0.0517,0.0312
104620,DE273,"Kempten (Allgäu), Kreisfreie Stadt",2020-03-16,12,-0.0273,-0.0914,-0.2627
104621,DE273,"Kempten (Allgäu), Kreisfreie Stadt",2020-03-17,12,-0.1665,-0.1307,-0.2627
104622,DE273,"Kempten (Allgäu), Kreisfreie Stadt",2020-03-18,12,-0.2016,-0.2006,-0.2627
104623,DE273,"Kempten (Allgäu), Kreisfreie Stadt",2020-03-19,12,-0.2308,-0.2794,-0.2627
104624,DE273,"Kempten (Allgäu), Kreisfreie Stadt",2020-03-20,12,-0.2526,-0.3248,-0.2627
104625,DE273,"Kempten (Allgäu), Kreisfreie Stadt",2020-03-21,12,-0.5969,-0.3561,-0.2627
104626,DE273,"Kempten (Allgäu), Kreisfreie Stadt",2020-03-22,12,-0.4802,-0.3851,-0.2627
104627,DE273,"Kempten (Allgäu), Kreisfreie Stadt",2020-03-23,13,-0.3451,-0.4101,-0.4104
104628,DE273,"Kempten (Allgäu), Kreisfreie Stadt",2020-03-24,13,-0.3851,-0.4297,-0.4104
104629,DE273,"Kempten (Allgäu), Kreisfreie Stadt",2020-03-25,13,-0.4051,-0.4074,-0.4104
104630,DE273,"Kempten (Allgäu), Kreisfreie Stadt",2020-03-26,13,-0.4059,-0.4205,-0.4104
104631,DE273,"Kempten (Allgäu), Kreisfreie Stadt",2020-03-27,13,-0.3892,-0.4247,-0.4104
104632,DE273,"Kempten (Allgäu), Kreisfreie Stadt",2020-03-28,13,-0.4413,-0.4224,-0.4104
104633,DE273,"Kempten (Allgäu), Kreisfreie Stadt",2020-03-29,13,-0.572,-0.4207,-0.4104
104634,DE273,"Kempten (Allgäu), Kreisfreie Stadt",2020-03-30,14,-0.3745,-0.4101,-0.3506
104635,DE273,"Kempten (Allgäu), Kreisfreie Stadt",2020-03-31,14,-0.3689,-0.3897,-0.3506
105422,DE274,"Memmingen, Kreisfreie Stadt",2020-03-01,9,0.1096,0.0531,0.0142
105423,DE274,"Memmingen, Kreisfreie Stadt",2020-03-02,10,0.056,0.0668,0.0673
105424,DE274,"Memmingen, Kreisfreie Stadt",2020-03-03,10,0.0689,0.0737,0.0673
105425,DE274,"Memmingen, Kreisfreie Stadt",2020-03-04,10,0.0746,0.0662,0.0673
105426,DE274,"Memmingen, Kreisfreie Stadt",2020-03-05,10,0.0648,0.0711,0.0673
105427,DE274,"Memmingen, Kreisfreie Stadt",2020-03-06,10,0.0673,0.0781,0.0673
105428,DE274,"Memmingen, Kreisfreie Stadt",2020-03-07,10,0.0224,0.072,0.0673
105429,DE274,"Memmingen, Kreisfreie Stadt",2020-03-08,10,0.1437,0.0704,0.0673
105430,DE274,"Memmingen, Kreisfreie Stadt",2020-03-09,11,0.1052,0.0694,0.0213
105431,DE274,"Memmingen, Kreisfreie Stadt",2020-03-10,11,0.0262,0.059,0.0213
105432,DE274,"Memmingen, Kreisfreie Stadt",2020-03-11,11,0.0634,0.0409,0.0213
105433,DE274,"Memmingen, Kreisfreie Stadt",2020-03-12,11,0.0579,0.0164,0.0213
105434,DE274,"Memmingen, Kreisfreie Stadt",2020-03-13,11,-0.0061,-0.0077,0.0213
105435,DE274,"Memmingen, Kreisfreie Stadt",2020-03-14,11,-0.1042,-0.0349,0.0213
105436,DE274,"Memmingen, Kreisfreie Stadt",2020-03-15,11,-0.0277,-0.0762,0.0213
105437,DE274,"Memmingen, Kreisfreie Stadt",2020-03-16,12,-0.0637,-0.1206,-0.2918
105438,DE274,"Memmingen, Kreisfreie Stadt",2020-03-17,12,-0.1636,-0.1581,-0.2918
105439,DE274,"Memmingen, Kreisfreie Stadt",2020-03-18,12,-0.2261,-0.2348,-0.2918
105440,DE274,"Memmingen, Kreisfreie Stadt",2020-03-19,12,-0.2528,-0.3173,-0.2918
105441,DE274,"Memmingen, Kreisfreie Stadt",2020-03-20,12,-0.2689,-0.3623,-0.2918
105442,DE274,"Memmingen, Kreisfreie Stadt",2020-03-21,12,-0.6407,-0.3946,-0.2918
105443,DE274,"Memmingen, Kreisfreie Stadt",2020-03-22,12,-0.6053,-0.4217,-0.2918
105444,DE274,"Memmingen, Kreisfreie Stadt",2020-03-23,13,-0.3786,-0.4423,-0.4336
105445,DE274,"Memmingen, Kreisfreie Stadt",2020-03-24,13,-0.3896,-0.4632,-0.4336
105446,DE274,"Memmingen, Kreisfreie Stadt",2020-03-25,13,-0.4158,-0.4408,-0.4336
105447,DE274,"Memmingen, Kreisfreie Stadt",2020-03-26,13,-0.3972,-0.4486,-0.4336
105448,DE274,"Memmingen, Kreisfreie Stadt",2020-03-27,13,-0.4151,-0.4488,-0.4336
105449,DE274,"Memmingen, Kreisfreie Stadt",2020-03-28,13,-0.4842,-0.4454,-0.4336
105450,DE274,"Memmingen, Kreisfreie Stadt",2020-03-29,13,-0.6598,-0.4377,-0.4336
105451,DE274,"Memmingen, Kreisfreie Stadt",2020-03-30,14,-0.3798,-0.4301,-0.3642
105452,DE274,"Memmingen, Kreisfreie Stadt",2020-03-31,14,-0.3662,-0.4117,-0.3642
106239,DE275,Aichach-Friedberg,2020-03-01,9,0.0508,0.0353,0.0097
106240,DE275,Aichach-Friedberg,2020-03-02,10,0.0835,0.045,0.0498
106241,DE275,Aichach-Friedberg,2020-03-03,10,0.0526,0.0528,0.0498
106242,DE275,Aichach-Friedberg,2020-03-04,10,0.0506,0.0477,0.0498
106243,DE275,Aichach-Friedberg,2020-03-05,10,0.0256,0.0505,0.0498
106244,DE275,Aichach-Friedberg,2020-03-06,10,0.0526,0.0507,0.0498
106245,DE275,Aichach-Friedberg,2020-03-07,10,0.0181,0.045,0.0498
106246,DE275,Aichach-Friedberg,2020-03-08,10,0.0707,0.0456,0.0498
106247,DE275,Aichach-Friedberg,2020-03-09,11,0.0851,0.0531,0.0403
106248,DE275,Aichach-Friedberg,2020-03-10,11,0.0124,0.057,0.0403
106249,DE275,Aichach-Friedberg,2020-03-11,11,0.0549,0.0515,0.0403
106250,DE275,Aichach-Friedberg,2020-03-12,11,0.0776,0.0364,0.0403
106251,DE275,Aichach-Friedberg,2020-03-13,11,0.0804,0.0304,0.0403
106252,DE275,Aichach-Friedberg,2020-03-14,11,-0.0209,0.0158,0.0403
106253,DE275,Aichach-Friedberg,2020-03-15,11,-0.0349,-0.0073,0.0403
106254,DE275,Aichach-Friedberg,2020-03-16,12,0.0432,-0.0401,-0.216
106255,DE275,Aichach-Friedberg,2020-03-17,12,-0.0898,-0.073,-0.216
106256,DE275,Aichach-Friedberg,2020-03-18,12,-0.107,-0.1571,-0.216
106257,DE275,Aichach-Friedberg,2020-03-19,12,-0.1518,-0.2334,-0.216
106258,DE275,Aichach-Friedberg,2020-03-20,12,-0.1499,-0.2841,-0.216
106259,DE275,Aichach-Friedberg,2020-03-21,12,-0.6096,-0.3189,-0.216
106260,DE275,Aichach-Friedberg,2020-03-22,12,-0.569,-0.3518,-0.216
106261,DE275,Aichach-Friedberg,2020-03-23,13,-0.3117,-0.3777,-0.3561
106262,DE275,Aichach-Friedberg,2020-03-24,13,-0.333,-0.4009,-0.3561
106263,DE275,Aichach-Friedberg,2020-03-25,13,-0.3375,-0.3642,-0.3561
106264,DE275,Aichach-Friedberg,2020-03-26,13,-0.3334,-0.3652,-0.3561
106265,DE275,Aichach-Friedberg,2020-03-27,13,-0.3122,-0.3604,-0.3561
106266,DE275,Aichach-Friedberg,2020-03-28,13,-0.3524,-0.356,-0.3561
106267,DE275,Aichach-Friedberg,2020-03-29,13,-0.576,-0.3453,-0.3561
106268,DE275,Aichach-Friedberg,2020-03-30,14,-0.2785,-0.3328,-0.2868
106269,DE275,Aichach-Friedberg,2020-03-31,14,-0.3018,-0.3197,-0.2868
107056,DE276,"Augsburg, Landkreis",2020-03-01,9,0.0468,0.0239,-0.0172
107057,DE276,"Augsburg, Landkreis",2020-03-02,10,0.0545,0.0375,0.0482
107058,DE276,"Augsburg, Landkreis",2020-03-03,10,0.0363,0.048,0.0482
107059,DE276,"Augsburg, Landkreis",2020-03-04,10,0.0631,0.0453,0.0482
107060,DE276,"Augsburg, Landkreis",2020-03-05,10,0.0419,0.049,0.0482
107061,DE276,"Augsburg, Landkreis",2020-03-06,10,0.0499,0.0505,0.0482
107062,DE276,"Augsburg, Landkreis",2020-03-07,10,0.0247,0.045,0.0482
107063,DE276,"Augsburg, Landkreis",2020-03-08,10,0.0724,0.0409,0.0482
107064,DE276,"Augsburg, Landkreis",2020-03-09,11,0.0649,0.042,0.0272
107065,DE276,"Augsburg, Landkreis",2020-03-10,11,-0.0022,0.0417,0.0272
107066,DE276,"Augsburg, Landkreis",2020-03-11,11,0.0345,0.0349,0.0272
107067,DE276,"Augsburg, Landkreis",2020-03-12,11,0.0497,0.0249,0.0272
107068,DE276,"Augsburg, Landkreis",2020-03-13,11,0.0482,0.016,0.0272
107069,DE276,"Augsburg, Landkreis",2020-03-14,11,-0.0233,0.001,0.0272
107070,DE276,"Augsburg, Landkreis",2020-03-15,11,0.0025,-0.0215,0.0272
107071,DE276,"Augsburg, Landkreis",2020-03-16,12,0.0029,-0.0496,-0.2068
107072,DE276,"Augsburg, Landkreis",2020-03-17,12,-0.1074,-0.0776,-0.2068
107073,DE276,"Augsburg, Landkreis",2020-03-18,12,-0.123,-0.1543,-0.2068
107074,DE276,"Augsburg, Landkreis",2020-03-19,12,-0.1474,-0.23,-0.2068
107075,DE276,"Augsburg, Landkreis",2020-03-20,12,-0.1475,-0.2731,-0.2068
107076,DE276,"Augsburg, Landkreis",2020-03-21,12,-0.5602,-0.304,-0.2068
107077,DE276,"Augsburg, Landkreis",2020-03-22,12,-0.5276,-0.3332,-0.2068
107078,DE276,"Augsburg, Landkreis",2020-03-23,13,-0.2987,-0.3574,-0.34
107079,DE276,"Augsburg, Landkreis",2020-03-24,13,-0.3235,-0.38,-0.34
107080,DE276,"Augsburg, Landkreis",2020-03-25,13,-0.3276,-0.3466,-0.34
107081,DE276,"Augsburg, Landkreis",2020-03-26,13,-0.3162,-0.3508,-0.34
107082,DE276,"Augsburg, Landkreis",2020-03-27,13,-0.3062,-0.3486,-0.34
107083,DE276,"Augsburg, Landkreis",2020-03-28,13,-0.326,-0.3455,-0.34
107084,DE276,"Augsburg, Landkreis",2020-03-29,13,-0.5573,-0.3373,-0.34
107085,DE276,"Augsburg, Landkreis",2020-03-30,14,-0.2834,-0.3289,-0.2791
107086,DE276,"Augsburg, Landkreis",2020-03-31,14,-0.3016,-0.3138,-0.2791
107873,DE277,Dillingen a.d. Donau,2020-03-01,9,-0.1118,-0.0716,-0.1175
107874,DE277,Dillingen a.d. Donau,2020-03-02,10,-0.0154,-0.0544,-0.0264
107875,DE277,Dillingen a.d. Donau,2020-03-03,10,-0.0401,-0.047,-0.0264
107876,DE277,Dillingen a.d. Donau,2020-03-04,10,-0.0168,-0.0459,-0.0264
107877,DE277,Dillingen a.d. Donau,2020-03-05,10,-0.032,-0.0228,-0.0264
107878,DE277,Dillingen a.d. Donau,2020-03-06,10,-0.054,-0.0189,-0.0264
107879,DE277,Dillingen a.d. Donau,2020-03-07,10,-0.051,-0.0234,-0.0264
107880,DE277,Dillingen a.d. Donau,2020-03-08,10,0.0498,-0.0284,-0.0264
107881,DE277,Dillingen a.d. Donau,2020-03-09,11,0.012,-0.0269,-0.0493
107882,DE277,Dillingen a.d. Donau,2020-03-10,11,-0.0719,-0.0241,-0.0493
107883,DE277,Dillingen a.d. Donau,2020-03-11,11,-0.052,-0.0334,-0.0493
107884,DE277,Dillingen a.d. Donau,2020-03-12,11,-0.0215,-0.0519,-0.0493
107885,DE277,Dillingen a.d. Donau,2020-03-13,11,-0.0342,-0.0604,-0.0493
107886,DE277,Dillingen a.d. Donau,2020-03-14,11,-0.1159,-0.0735,-0.0493
107887,DE277,Dillingen a.d. Donau,2020-03-15,11,-0.0796,-0.0942,-0.0493
107888,DE277,Dillingen a.d. Donau,2020-03-16,12,-0.0479,-0.1238,-0.2681
107889,DE277,Dillingen a.d. Donau,2020-03-17,12,-0.1632,-0.1543,-0.2681
107890,DE277,Dillingen a.d. Donau,2020-03-18,12,-0.197,-0.2199,-0.2681
107891,DE277,Dillingen a.d. Donau,2020-03-19,12,-0.2289,-0.2859,-0.2681
107892,DE277,Dillingen a.d. Donau,2020-03-20,12,-0.248,-0.3272,-0.2681
107893,DE277,Dillingen a.d. Donau,2020-03-21,12,-0.5751,-0.3574,-0.2681
107894,DE277,Dillingen a.d. Donau,2020-03-22,12,-0.5413,-0.3821,-0.2681
107895,DE277,Dillingen a.d. Donau,2020-03-23,13,-0.3373,-0.4016,-0.3886
107896,DE277,Dillingen a.d. Donau,2020-03-24,13,-0.3745,-0.4201,-0.3886
107897,DE277,Dillingen a.d. Donau,2020-03-25,13,-0.3695,-0.3934,-0.3886
107898,DE277,Dillingen a.d. Donau,2020-03-26,13,-0.3652,-0.3969,-0.3886
107899,DE277,Dillingen a.d. Donau,2020-03-27,13,-0.378,-0.3968,-0.3886
107900,DE277,Dillingen a.d. Donau,2020-03-28,13,-0.3882,-0.3948,-0.3886
107901,DE277,Dillingen a.d. Donau,2020-03-29,13,-0.5657,-0.3887,-0.3886
107902,DE277,Dillingen a.d. Donau,2020-03-30,14,-0.3367,-0.3821,-0.3361
107903,DE277,Dillingen a.d. Donau,2020-03-31,14,-0.3603,-0.3659,-0.3361
108690,DE278,Günzburg,2020-03-01,9,0.0645,0.0189,-0.0333
108691,DE278,Günzburg,2020-03-02,10,0.0744,0.0346,0.0485
108692,DE278,Günzburg,2020-03-03,10,0.0561,0.0474,0.0485
108693,DE278,Günzburg,2020-03-04,10,0.0549,0.0504,0.0485
108694,DE278,Günzburg,2020-03-05,10,0.0408,0.0477,0.0485
108695,DE278,Günzburg,2020-03-06,10,0.0521,0.0525,0.0485
108696,DE278,Günzburg,2020-03-07,10,0.0099,0.0496,0.0485
108697,DE278,Günzburg,2020-03-08,10,0.0453,0.046,0.0485
108698,DE278,Günzburg,2020-03-09,11,0.1081,0.0472,0.0298
108699,DE278,Günzburg,2020-03-10,11,0.0359,0.0483,0.0298
108700,DE278,Günzburg,2020-03-11,11,0.0297,0.0403,0.0298
108701,DE278,Günzburg,2020-03-12,11,0.049,0.0235,0.0298
108702,DE278,Günzburg,2020-03-13,11,0.06,0.0095,0.0298
108703,DE278,Günzburg,2020-03-14,11,-0.0456,-0.0086,0.0298
108704,DE278,Günzburg,2020-03-15,11,-0.0728,-0.0323,0.0298
108705,DE278,Günzburg,2020-03-16,12,0.0099,-0.0625,-0.2216
108706,DE278,Günzburg,2020-03-17,12,-0.0906,-0.0927,-0.2216
108707,DE278,Günzburg,2020-03-18,12,-0.1358,-0.1713,-0.2216
108708,DE278,Günzburg,2020-03-19,12,-0.1627,-0.247,-0.2216
108709,DE278,Günzburg,2020-03-20,12,-0.1512,-0.292,-0.2216
108710,DE278,Günzburg,2020-03-21,12,-0.5961,-0.3262,-0.2216
108711,DE278,Günzburg,2020-03-22,12,-0.6023,-0.3551,-0.2216
108712,DE278,Günzburg,2020-03-23,13,-0.3055,-0.3794,-0.361
108713,DE278,Günzburg,2020-03-24,13,-0.3297,-0.4042,-0.361
108714,DE278,Günzburg,2020-03-25,13,-0.338,-0.3707,-0.361
108715,DE278,Günzburg,2020-03-26,13,-0.333,-0.3732,-0.361
108716,DE278,Günzburg,2020-03-27,13,-0.3247,-0.372,-0.361
108717,DE278,Günzburg,2020-03-28,13,-0.3621,-0.368,-0.361
108718,DE278,Günzburg,2020-03-29,13,-0.6197,-0.3615,-0.361
108719,DE278,Günzburg,2020-03-30,14,-0.2968,-0.3542,-0.3155
108720,DE278,Günzburg,2020-03-31,14,-0.3016,-0.3408,-0.3155
109507,DE279,Neu-Ulm,2020-03-01,9,0.0044,0.0133,-0.014
109508,DE279,Neu-Ulm,2020-03-02,10,0.0453,0.0192,0.0188
109509,DE279,Neu-Ulm,2020-03-03,10,0.0392,0.0201,0.0188
109510,DE279,Neu-Ulm,2020-03-04,10,0.0416,0.0152,0.0188
109511,DE279,Neu-Ulm,2020-03-05,10,-0.0013,0.0198,0.0188
109512,DE279,Neu-Ulm,2020-03-06,10,-0.0064,0.02,0.0188
109513,DE279,Neu-Ulm,2020-03-07,10,-0.0166,0.0118,0.0188
109514,DE279,Neu-Ulm,2020-03-08,10,0.0367,0.0102,0.0188
109515,DE279,Neu-Ulm,2020-03-09,11,0.0467,0.0149,-0.0034
109516,DE279,Neu-Ulm,2020-03-10,11,-0.0183,0.0185,-0.0034
109517,DE279,Neu-Ulm,2020-03-11,11,0.0305,0.0058,-0.0034
109518,DE279,Neu-Ulm,2020-03-12,11,0.0316,-0.007,-0.0034
109519,DE279,Neu-Ulm,2020-03-13,11,0.0186,-0.0158,-0.0034
109520,DE279,Neu-Ulm,2020-03-14,11,-0.1049,-0.0349,-0.0034
109521,DE279,Neu-Ulm,2020-03-15,11,-0.053,-0.0644,-0.0034
109522,DE279,Neu-Ulm,2020-03-16,12,-0.0152,-0.1013,-0.2768
109523,DE279,Neu-Ulm,2020-03-17,12,-0.152,-0.1415,-0.2768
109524,DE279,Neu-Ulm,2020-03-18,12,-0.176,-0.218,-0.2768
109525,DE279,Neu-Ulm,2020-03-19,12,-0.2265,-0.2944,-0.2768
109526,DE279,Neu-Ulm,2020-03-20,12,-0.2625,-0.3438,-0.2768
109527,DE279,Neu-Ulm,2020-03-21,12,-0.6409,-0.3775,-0.2768
109528,DE279,Neu-Ulm,2020-03-22,12,-0.5879,-0.4093,-0.2768
109529,DE279,Neu-Ulm,2020-03-23,13,-0.3609,-0.4335,-0.421
109530,DE279,Neu-Ulm,2020-03-24,13,-0.3878,-0.4517,-0.421
109531,DE279,Neu-Ulm,2020-03-25,13,-0.3983,-0.4248,-0.421
109532,DE279,Neu-Ulm,2020-03-26,13,-0.396,-0.432,-0.421
109533,DE279,Neu-Ulm,2020-03-27,13,-0.3898,-0.4312,-0.421
109534,DE279,Neu-Ulm,2020-03-28,13,-0.4531,-0.4273,-0.421
109535,DE279,Neu-Ulm,2020-03-29,13,-0.638,-0.4237,-0.421
109536,DE279,Neu-Ulm,2020-03-30,14,-0.355,-0.4151,-0.3658
109537,DE279,Neu-Ulm,2020-03-31,14,-0.3612,-0.403,-0.3658
110324,DE27A,Lindau (Bodensee),2020-03-01,9,-0.0283,-0.0186,-0.0087
110325,DE27A,Lindau (Bodensee),2020-03-02,10,-0.0085,-0.0128,-0.05
110326,DE27A,Lindau (Bodensee),2020-03-03,10,-0.0463,-0.0243,-0.05
110327,DE27A,Lindau (Bodensee),2020-03-04,10,-0.0191,-0.0514,-0.05
110328,DE27A,Lindau (Bodensee),2020-03-05,10,-0.0448,-0.0465,-0.05
110329,DE27A,Lindau (Bodensee),2020-03-06,10,-0.0509,-0.0489,-0.05
110330,DE27A,Lindau (Bodensee),2020-03-07,10,-0.162,-0.0553,-0.05
110331,DE27A,Lindau (Bodensee),2020-03-08,10,0.0062,-0.0563,-0.05
110332,DE27A,Lindau (Bodensee),2020-03-09,11,-0.0253,-0.0514,-0.0803
110333,DE27A,Lindau (Bodensee),2020-03-10,11,-0.0911,-0.0451,-0.0803
110334,DE27A,Lindau (Bodensee),2020-03-11,11,-0.0266,-0.0556,-0.0803
110335,DE27A,Lindau (Bodensee),2020-03-12,11,-0.0106,-0.0778,-0.0803
110336,DE27A,Lindau (Bodensee),2020-03-13,11,-0.0063,-0.0875,-0.0803
110337,DE27A,Lindau (Bodensee),2020-03-14,11,-0.2359,-0.1081,-0.0803
110338,DE27A,Lindau (Bodensee),2020-03-15,11,-0.149,-0.1404,-0.0803
110339,DE27A,Lindau (Bodensee),2020-03-16,12,-0.093,-0.1804,-0.3945
110340,DE27A,Lindau (Bodensee),2020-03-17,12,-0.2352,-0.2313,-0.3945
110341,DE27A,Lindau (Bodensee),2020-03-18,12,-0.253,-0.3018,-0.3945
110342,DE27A,Lindau (Bodensee),2020-03-19,12,-0.2901,-0.3861,-0.3945
110343,DE27A,Lindau (Bodensee),2020-03-20,12,-0.3627,-0.4326,-0.3945
110344,DE27A,Lindau (Bodensee),2020-03-21,12,-0.7297,-0.462,-0.3945
110345,DE27A,Lindau (Bodensee),2020-03-22,12,-0.739,-0.4888,-0.3945
110346,DE27A,Lindau (Bodensee),2020-03-23,13,-0.4181,-0.5115,-0.513
110347,DE27A,Lindau (Bodensee),2020-03-24,13,-0.4415,-0.5273,-0.513
110348,DE27A,Lindau (Bodensee),2020-03-25,13,-0.4403,-0.5075,-0.513
110349,DE27A,Lindau (Bodensee),2020-03-26,13,-0.4494,-0.5126,-0.513
110350,DE27A,Lindau (Bodensee),2020-03-27,13,-0.4729,-0.5152,-0.513
110351,DE27A,Lindau (Bodensee),2020-03-28,13,-0.5915,-0.5094,-0.513
110352,DE27A,Lindau (Bodensee),2020-03-29,13,-0.7742,-0.5054,-0.513
110353,DE27A,Lindau (Bodensee),2020-03-30,14,-0.4365,-0.5003,-0.4577
110354,DE27A,Lindau (Bodensee),2020-03-31,14,-0.4006,-0.493,-0.4577
111141,DE27B,Ostallgäu,2020-03-01,9,-0.0512,-0.0085,0.0561
111142,DE27B,Ostallgäu,2020-03-02,10,-0.0447,-0.0183,-0.062
111143,DE27B,Ostallgäu,2020-03-03,10,-0.0865,-0.0413,-0.062
111144,DE27B,Ostallgäu,2020-03-04,10,-0.0408,-0.0669,-0.062
111145,DE27B,Ostallgäu,2020-03-05,10,-0.0567,-0.0602,-0.062
111146,DE27B,Ostallgäu,2020-03-06,10,-0.0593,-0.0571,-0.062
111147,DE27B,Ostallgäu,2020-03-07,10,-0.1291,-0.0571,-0.062
111148,DE27B,Ostallgäu,2020-03-08,10,-0.0046,-0.0577,-0.062
111149,DE27B,Ostallgäu,2020-03-09,11,-0.0225,-0.0545,-0.0798
111150,DE27B,Ostallgäu,2020-03-10,11,-0.0868,-0.0541,-0.0798
111151,DE27B,Ostallgäu,2020-03-11,11,-0.0447,-0.0647,-0.0798
111152,DE27B,Ostallgäu,2020-03-12,11,-0.0344,-0.0785,-0.0798
111153,DE27B,Ostallgäu,2020-03-13,11,-0.0564,-0.0846,-0.0798
111154,DE27B,Ostallgäu,2020-03-14,11,-0.2038,-0.1006,-0.0798
111155,DE27B,Ostallgäu,2020-03-15,11,-0.1008,-0.1229,-0.0798
111156,DE27B,Ostallgäu,2020-03-16,12,-0.0655,-0.1497,-0.3489
111157,DE27B,Ostallgäu,2020-03-17,12,-0.1988,-0.1821,-0.3489
111158,DE27B,Ostallgäu,2020-03-18,12,-0.2007,-0.2567,-0.3489
111159,DE27B,Ostallgäu,2020-03-19,12,-0.2219,-0.3487,-0.3489
111160,DE27B,Ostallgäu,2020-03-20,12,-0.2831,-0.3975,-0.3489
111161,DE27B,Ostallgäu,2020-03-21,12,-0.7263,-0.4312,-0.3489
111162,DE27B,Ostallgäu,2020-03-22,12,-0.7443,-0.4668,-0.3489
111163,DE27B,Ostallgäu,2020-03-23,13,-0.4071,-0.5005,-0.499
111164,DE27B,Ostallgäu,2020-03-24,13,-0.4348,-0.5229,-0.499
111165,DE27B,Ostallgäu,2020-03-25,13,-0.4504,-0.4988,-0.499
111166,DE27B,Ostallgäu,2020-03-26,13,-0.4574,-0.5022,-0.499
111167,DE27B,Ostallgäu,2020-03-27,13,-0.4402,-0.5093,-0.499
111168,DE27B,Ostallgäu,2020-03-28,13,-0.5571,-0.5078,-0.499
111169,DE27B,Ostallgäu,2020-03-29,13,-0.7685,-0.5089,-0.499
111170,DE27B,Ostallgäu,2020-03-30,14,-0.4564,-0.51,-0.4972
111171,DE27B,Ostallgäu,2020-03-31,14,-0.4243,-0.5134,-0.4972
111958,DE27C,Unterallgäu,2020-03-01,9,-0.0773,-0.0433,-0.0327
111959,DE27C,Unterallgäu,2020-03-02,10,-0.0098,-0.0418,-0.048
111960,DE27C,Unterallgäu,2020-03-03,10,-0.0456,-0.0452,-0.048
111961,DE27C,Unterallgäu,2020-03-04,10,-0.05,-0.0542,-0.048
111962,DE27C,Unterallgäu,2020-03-05,10,-0.0522,-0.0476,-0.048
111963,DE27C,Unterallgäu,2020-03-06,10,-0.0562,-0.0475,-0.048
111964,DE27C,Unterallgäu,2020-03-07,10,-0.0882,-0.0488,-0.048
111965,DE27C,Unterallgäu,2020-03-08,10,-0.0316,-0.0489,-0.048
111966,DE27C,Unterallgäu,2020-03-09,11,-0.0087,-0.0467,-0.0574
111967,DE27C,Unterallgäu,2020-03-10,11,-0.0548,-0.0436,-0.0574
111968,DE27C,Unterallgäu,2020-03-11,11,-0.0505,-0.05,-0.0574
111969,DE27C,Unterallgäu,2020-03-12,11,-0.0369,-0.0608,-0.0574
111970,DE27C,Unterallgäu,2020-03-13,11,-0.0349,-0.0673,-0.0574
111971,DE27C,Unterallgäu,2020-03-14,11,-0.1328,-0.0823,-0.0574
111972,DE27C,Unterallgäu,2020-03-15,11,-0.107,-0.1012,-0.0574
111973,DE27C,Unterallgäu,2020-03-16,12,-0.0544,-0.1233,-0.2687
111974,DE27C,Unterallgäu,2020-03-17,12,-0.1596,-0.1475,-0.2687
111975,DE27C,Unterallgäu,2020-03-18,12,-0.1828,-0.2159,-0.2687
111976,DE27C,Unterallgäu,2020-03-19,12,-0.1916,-0.2896,-0.2687
111977,DE27C,Unterallgäu,2020-03-20,12,-0.2045,-0.3281,-0.2687
111978,DE27C,Unterallgäu,2020-03-21,12,-0.6113,-0.3558,-0.2687
111979,DE27C,Unterallgäu,2020-03-22,12,-0.623,-0.3838,-0.2687
111980,DE27C,Unterallgäu,2020-03-23,13,-0.3242,-0.4089,-0.3985
111981,DE27C,Unterallgäu,2020-03-24,13,-0.3529,-0.431,-0.3985
111982,DE27C,Unterallgäu,2020-03-25,13,-0.379,-0.4045,-0.3985
111983,DE27C,Unterallgäu,2020-03-26,13,-0.3673,-0.4105,-0.3985
111984,DE27C,Unterallgäu,2020-03-27,13,-0.3596,-0.4136,-0.3985
111985,DE27C,Unterallgäu,2020-03-28,13,-0.4254,-0.4103,-0.3985
111986,DE27C,Unterallgäu,2020-03-29,13,-0.665,-0.4051,-0.3985
111987,DE27C,Unterallgäu,2020-03-30,14,-0.3457,-0.3988,-0.3532
111988,DE27C,Unterallgäu,2020-03-31,14,-0.3301,-0.3881,-0.3532
112775,DE27D,Donau-Ries,2020-03-01,9,-0.0453,0.0171,-0.0082
112776,DE27D,Donau-Ries,2020-03-02,10,0.0679,0.0266,0.0347
112777,DE27D,Donau-Ries,2020-03-03,10,0.0474,0.0313,0.0347
112778,DE27D,Donau-Ries,2020-03-04,10,0.0337,0.0237,0.0347
112779,DE27D,Donau-Ries,2020-03-05,10,0.0346,0.0334,0.0347
112780,DE27D,Donau-Ries,2020-03-06,10,0.0362,0.0329,0.0347
112781,DE27D,Donau-Ries,2020-03-07,10,-0.0083,0.0311,0.0347
112782,DE27D,Donau-Ries,2020-03-08,10,0.0221,0.0298,0.0347
112783,DE27D,Donau-Ries,2020-03-09,11,0.0645,0.0326,0.0147
112784,DE27D,Donau-Ries,2020-03-10,11,0.0353,0.0325,0.0147
112785,DE27D,Donau-Ries,2020-03-11,11,0.0246,0.0257,0.0147
112786,DE27D,Donau-Ries,2020-03-12,11,0.0537,0.0079,0.0147
112787,DE27D,Donau-Ries,2020-03-13,11,0.0358,0.001,0.0147
112788,DE27D,Donau-Ries,2020-03-14,11,-0.0563,-0.0171,0.0147
112789,DE27D,Donau-Ries,2020-03-15,11,-0.102,-0.0413,0.0147
112790,DE27D,Donau-Ries,2020-03-16,12,0.0162,-0.0729,-0.2171
112791,DE27D,Donau-Ries,2020-03-17,12,-0.0914,-0.1043,-0.2171
112792,DE27D,Donau-Ries,2020-03-18,12,-0.1452,-0.1775,-0.2171
112793,DE27D,Donau-Ries,2020-03-19,12,-0.1673,-0.2376,-0.2171
112794,DE27D,Donau-Ries,2020-03-20,12,-0.1839,-0.2809,-0.2171
112795,DE27D,Donau-Ries,2020-03-21,12,-0.569,-0.3102,-0.2171
112796,DE27D,Donau-Ries,2020-03-22,12,-0.5223,-0.3373,-0.2171
112797,DE27D,Donau-Ries,2020-03-23,13,-0.287,-0.3619,-0.3489
112798,DE27D,Donau-Ries,2020-03-24,13,-0.297,-0.3823,-0.3489
112799,DE27D,Donau-Ries,2020-03-25,13,-0.335,-0.353,-0.3489
112800,DE27D,Donau-Ries,2020-03-26,13,-0.3394,-0.3586,-0.3489
112801,DE27D,Donau-Ries,2020-03-27,13,-0.3263,-0.3552,-0.3489
112802,DE27D,Donau-Ries,2020-03-28,13,-0.3638,-0.3517,-0.3489
112803,DE27D,Donau-Ries,2020-03-29,13,-0.5615,-0.3497,-0.3489
112804,DE27D,Donau-Ries,2020-03-30,14,-0.2631,-0.3457,-0.3233
112805,DE27D,Donau-Ries,2020-03-31,14,-0.2726,-0.3382,-0.3233
113592,DE27E,Oberallgäu,2020-03-01,9,0.2588,0.2443,0.3369
113593,DE27E,Oberallgäu,2020-03-02,10,0.2276,0.2289,0.2104
113594,DE27E,Oberallgäu,2020-03-03,10,0.1928,0.2003,0.2104
113595,DE27E,Oberallgäu,2020-03-04,10,0.2205,0.2033,0.2104
113596,DE27E,Oberallgäu,2020-03-05,10,0.2035,0.2138,0.2104
113597,DE27E,Oberallgäu,2020-03-06,10,0.1774,0.2081,0.2104
113598,DE27E,Oberallgäu,2020-03-07,10,0.1422,0.1984,0.2104
113599,DE27E,Oberallgäu,2020-03-08,10,0.3325,0.1882,0.2104
113600,DE27E,Oberallgäu,2020-03-09,11,0.1881,0.1879,0.151
113601,DE27E,Oberallgäu,2020-03-10,11,0.1247,0.1855,0.151
113602,DE27E,Oberallgäu,2020-03-11,11,0.1492,0.1715,0.151
113603,DE27E,Oberallgäu,2020-03-12,11,0.2011,0.1525,0.151
113604,DE27E,Oberallgäu,2020-03-13,11,0.1606,0.141,0.151
113605,DE27E,Oberallgäu,2020-03-14,11,0.0447,0.1188,0.151
113606,DE27E,Oberallgäu,2020-03-15,11,0.1993,0.0897,0.151
113607,DE27E,Oberallgäu,2020-03-16,12,0.1074,0.0492,-0.1962
113608,DE27E,Oberallgäu,2020-03-17,12,-0.0309,0.0028,-0.1962
113609,DE27E,Oberallgäu,2020-03-18,12,-0.0538,-0.0887,-0.1962
113610,DE27E,Oberallgäu,2020-03-19,12,-0.0828,-0.203,-0.1962
113611,DE27E,Oberallgäu,2020-03-20,12,-0.1641,-0.2604,-0.1962
113612,DE27E,Oberallgäu,2020-03-21,12,-0.5958,-0.3012,-0.1962
113613,DE27E,Oberallgäu,2020-03-22,12,-0.6011,-0.342,-0.1962
113614,DE27E,Oberallgäu,2020-03-23,13,-0.294,-0.3796,-0.3758
113615,DE27E,Oberallgäu,2020-03-24,13,-0.3168,-0.4017,-0.3758
113616,DE27E,Oberallgäu,2020-03-25,13,-0.3394,-0.3751,-0.3758
113617,DE27E,Oberallgäu,2020-03-26,13,-0.346,-0.3821,-0.3758
113618,DE27E,Oberallgäu,2020-03-27,13,-0.3187,-0.3918,-0.3758
113619,DE27E,Oberallgäu,2020-03-28,13,-0.4094,-0.3901,-0.3758
113620,DE27E,Oberallgäu,2020-03-29,13,-0.6503,-0.3901,-0.3758
113621,DE27E,Oberallgäu,2020-03-30,14,-0.3618,-0.3846,-0.3415
113622,DE27E,Oberallgäu,2020-03-31,14,-0.3054,-0.3804,-0.3415
114409,DE300,Berlin,2020-03-01,9,0.0345,0.0138,0.0523
114410,DE300,Berlin,2020-03-02,10,-0.031,0.0066,-0.0202
114411,DE300,Berlin,2020-03-03,10,-0.0533,-0.0016,-0.0202
114412,DE300,Berlin,2020-03-04,10,-0.0173,-0.0157,-0.0202
114413,DE300,Berlin,2020-03-05,10,-0.0124,-0.0191,-0.0202
114414,DE300,Berlin,2020-03-06,10,0.018,-0.0153,-0.0202
114415,DE300,Berlin,2020-03-07,10,-0.0485,-0.0178,-0.0202
114416,DE300,Berlin,2020-03-08,10,0.011,-0.0228,-0.0202
114417,DE300,Berlin,2020-03-09,11,-0.0044,-0.0294,-0.069
114418,DE300,Berlin,2020-03-10,11,-0.0708,-0.0364,-0.069
114419,DE300,Berlin,2020-03-11,11,-0.0524,-0.0479,-0.069
114420,DE300,Berlin,2020-03-12,11,-0.059,-0.0765,-0.069
114421,DE300,Berlin,2020-03-13,11,-0.031,-0.0937,-0.069
114422,DE300,Berlin,2020-03-14,11,-0.1285,-0.121,-0.069
114423,DE300,Berlin,2020-03-15,11,-0.1895,-0.1551,-0.069
114424,DE300,Berlin,2020-03-16,12,-0.1251,-0.1999,-0.3183
114425,DE300,Berlin,2020-03-17,12,-0.2617,-0.2488,-0.3183
114426,DE300,Berlin,2020-03-18,12,-0.2911,-0.2917,-0.3183
114427,DE300,Berlin,2020-03-19,12,-0.3724,-0.3261,-0.3183
114428,DE300,Berlin,2020-03-20,12,-0.3731,-0.3707,-0.3183
114429,DE300,Berlin,2020-03-21,12,-0.4288,-0.3986,-0.3183
114430,DE300,Berlin,2020-03-22,12,-0.4306,-0.4225,-0.3183
114431,DE300,Berlin,2020-03-23,13,-0.4371,-0.4336,-0.4527
114432,DE300,Berlin,2020-03-24,13,-0.4568,-0.4384,-0.4527
114433,DE300,Berlin,2020-03-25,13,-0.4584,-0.4365,-0.4527
114434,DE300,Berlin,2020-03-26,13,-0.4504,-0.4589,-0.4527
114435,DE300,Berlin,2020-03-27,13,-0.4063,-0.4633,-0.4527
114436,DE300,Berlin,2020-03-28,13,-0.4156,-0.4619,-0.4527
114437,DE300,Berlin,2020-03-29,13,-0.5878,-0.4572,-0.4527
114438,DE300,Berlin,2020-03-30,14,-0.4677,-0.4553,-0.4209
114439,DE300,Berlin,2020-03-31,14,-0.4471,-0.4513,-0.4209
115226,DE401,"Brandenburg an der Havel, Kreisfreie Stadt",2020-03-01,9,0.3892,0.4474,0.5228
115227,DE401,"Brandenburg an der Havel, Kreisfreie Stadt",2020-03-02,10,0.4123,0.4319,0.3787
115228,DE401,"Brandenburg an der Havel, Kreisfreie Stadt",2020-03-03,10,0.3515,0.4042,0.3787
115229,DE401,"Brandenburg an der Havel, Kreisfreie Stadt",2020-03-04,10,0.375,0.373,0.3787
115230,DE401,"Brandenburg an der Havel, Kreisfreie Stadt",2020-03-05,10,0.3904,0.3834,0.3787
115231,DE401,"Brandenburg an der Havel, Kreisfreie Stadt",2020-03-06,10,0.3522,0.3824,0.3787
115232,DE401,"Brandenburg an der Havel, Kreisfreie Stadt",2020-03-07,10,0.3401,0.3812,0.3787
115233,DE401,"Brandenburg an der Havel, Kreisfreie Stadt",2020-03-08,10,0.4626,0.3864,0.3787
115234,DE401,"Brandenburg an der Havel, Kreisfreie Stadt",2020-03-09,11,0.405,0.3797,0.3787
115235,DE401,"Brandenburg an der Havel, Kreisfreie Stadt",2020-03-10,11,0.3432,0.3821,0.3787
115236,DE401,"Brandenburg an der Havel, Kreisfreie Stadt",2020-03-11,11,0.411,0.3906,0.3787
115237,DE401,"Brandenburg an der Havel, Kreisfreie Stadt",2020-03-12,11,0.3439,0.3808,0.3787
115238,DE401,"Brandenburg an der Havel, Kreisfreie Stadt",2020-03-13,11,0.3691,0.3824,0.3787
115239,DE401,"Brandenburg an der Havel, Kreisfreie Stadt",2020-03-14,11,0.3997,0.3795,0.3787
115240,DE401,"Brandenburg an der Havel, Kreisfreie Stadt",2020-03-15,11,0.3936,0.3477,0.3787
115241,DE401,"Brandenburg an der Havel, Kreisfreie Stadt",2020-03-16,12,0.4165,0.3128,0.1743
115242,DE401,"Brandenburg an der Havel, Kreisfreie Stadt",2020-03-17,12,0.323,0.2643,0.1743
115243,DE401,"Brandenburg an der Havel, Kreisfreie Stadt",2020-03-18,12,0.1878,0.2094,0.1743
115244,DE401,"Brandenburg an der Havel, Kreisfreie Stadt",2020-03-19,12,0.0998,0.1636,0.1743
115245,DE401,"Brandenburg an der Havel, Kreisfreie Stadt",2020-03-20,12,0.0294,0.103,0.1743
115246,DE401,"Brandenburg an der Havel, Kreisfreie Stadt",2020-03-21,12,0.0159,0.0504,0.1743
115247,DE401,"Brandenburg an der Havel, Kreisfreie Stadt",2020-03-22,12,0.0725,0.0177,0.1743
115248,DE401,"Brandenburg an der Havel, Kreisfreie Stadt",2020-03-23,13,-0.0074,-0.0014,-0.0335
115249,DE401,"Brandenburg an der Havel, Kreisfreie Stadt",2020-03-24,13,-0.045,-0.0064,-0.0335
115250,DE401,"Brandenburg an der Havel, Kreisfreie Stadt",2020-03-25,13,-0.0411,-0.0004,-0.0335
115251,DE401,"Brandenburg an der Havel, Kreisfreie Stadt",2020-03-26,13,-0.0343,-0.0444,-0.0335
115252,DE401,"Brandenburg an der Havel, Kreisfreie Stadt",2020-03-27,13,-0.005,-0.0533,-0.0335
115253,DE401,"Brandenburg an der Havel, Kreisfreie Stadt",2020-03-28,13,0.0578,-0.0515,-0.0335
115254,DE401,"Brandenburg an der Havel, Kreisfreie Stadt",2020-03-29,13,-0.2361,-0.0506,-0.0335
115255,DE401,"Brandenburg an der Havel, Kreisfreie Stadt",2020-03-30,14,-0.069,-0.0506,-0.0201
115256,DE401,"Brandenburg an der Havel, Kreisfreie Stadt",2020-03-31,14,-0.0326,-0.041,-0.0201
116043,DE402,"Cottbus, Kreisfreie Stadt",2020-03-01,9,-0.0305,0.0046,0.0334
116044,DE402,"Cottbus, Kreisfreie Stadt",2020-03-02,10,-0.0235,-0.0,-0.0148
116045,DE402,"Cottbus, Kreisfreie Stadt",2020-03-03,10,-0.041,-0.0109,-0.0148
116046,DE402,"Cottbus, Kreisfreie Stadt",2020-03-04,10,0.0145,-0.0238,-0.0148
116047,DE402,"Cottbus, Kreisfreie Stadt",2020-03-05,10,-0.0044,-0.0108,-0.0148
116048,DE402,"Cottbus, Kreisfreie Stadt",2020-03-06,10,-0.0273,-0.0065,-0.0148
116049,DE402,"Cottbus, Kreisfreie Stadt",2020-03-07,10,-0.0542,-0.0034,-0.0148
116050,DE402,"Cottbus, Kreisfreie Stadt",2020-03-08,10,0.0603,-0.0068,-0.0148
116051,DE402,"Cottbus, Kreisfreie Stadt",2020-03-09,11,0.0066,-0.0098,-0.0251
116052,DE402,"Cottbus, Kreisfreie Stadt",2020-03-10,11,-0.0195,-0.0079,-0.0251
116053,DE402,"Cottbus, Kreisfreie Stadt",2020-03-11,11,-0.0094,-0.0075,-0.0251
116054,DE402,"Cottbus, Kreisfreie Stadt",2020-03-12,11,-0.0254,-0.0329,-0.0251
116055,DE402,"Cottbus, Kreisfreie Stadt",2020-03-13,11,-0.0139,-0.0374,-0.0251
116056,DE402,"Cottbus, Kreisfreie Stadt",2020-03-14,11,-0.0512,-0.0483,-0.0251
116057,DE402,"Cottbus, Kreisfreie Stadt",2020-03-15,11,-0.1179,-0.0632,-0.0251
116058,DE402,"Cottbus, Kreisfreie Stadt",2020-03-16,12,-0.0246,-0.0933,-0.2047
116059,DE402,"Cottbus, Kreisfreie Stadt",2020-03-17,12,-0.0958,-0.1384,-0.2047
116060,DE402,"Cottbus, Kreisfreie Stadt",2020-03-18,12,-0.1136,-0.1851,-0.2047
116061,DE402,"Cottbus, Kreisfreie Stadt",2020-03-19,12,-0.236,-0.2242,-0.2047
116062,DE402,"Cottbus, Kreisfreie Stadt",2020-03-20,12,-0.3298,-0.271,-0.2047
116063,DE402,"Cottbus, Kreisfreie Stadt",2020-03-21,12,-0.3782,-0.3135,-0.2047
116064,DE402,"Cottbus, Kreisfreie Stadt",2020-03-22,12,-0.3916,-0.3516,-0.2047
116065,DE402,"Cottbus, Kreisfreie Stadt",2020-03-23,13,-0.352,-0.375,-0.3892
116066,DE402,"Cottbus, Kreisfreie Stadt",2020-03-24,13,-0.3931,-0.3809,-0.3892
116067,DE402,"Cottbus, Kreisfreie Stadt",2020-03-25,13,-0.3802,-0.3761,-0.3892
116068,DE402,"Cottbus, Kreisfreie Stadt",2020-03-26,13,-0.4001,-0.3998,-0.3892
116069,DE402,"Cottbus, Kreisfreie Stadt",2020-03-27,13,-0.3709,-0.4019,-0.3892
116070,DE402,"Cottbus, Kreisfreie Stadt",2020-03-28,13,-0.3449,-0.3993,-0.3892
116071,DE402,"Cottbus, Kreisfreie Stadt",2020-03-29,13,-0.5572,-0.3953,-0.3892
116072,DE402,"Cottbus, Kreisfreie Stadt",2020-03-30,14,-0.3668,-0.3914,-0.3478
116073,DE402,"Cottbus, Kreisfreie Stadt",2020-03-31,14,-0.3748,-0.3754,-0.3478
116860,DE403,"Frankfurt (Oder), Kreisfreie Stadt",2020-03-01,9,0.0283,-0.0312,-0.0269
116861,DE403,"Frankfurt (Oder), Kreisfreie Stadt",2020-03-02,10,0.0039,-0.0264,-0.0296
116862,DE403,"Frankfurt (Oder), Kreisfreie Stadt",2020-03-03,10,-0.034,-0.0233,-0.0296
116863,DE403,"Frankfurt (Oder), Kreisfreie Stadt",2020-03-04,10,-0.0203,-0.0266,-0.0296
116864,DE403,"Frankfurt (Oder), Kreisfreie Stadt",2020-03-05,10,-0.0276,-0.0317,-0.0296
116865,DE403,"Frankfurt (Oder), Kreisfreie Stadt",2020-03-06,10,-0.0472,-0.0348,-0.0296
116866,DE403,"Frankfurt (Oder), Kreisfreie Stadt",2020-03-07,10,-0.0894,-0.0372,-0.0296
116867,DE403,"Frankfurt (Oder), Kreisfreie Stadt",2020-03-08,10,-0.0071,-0.0408,-0.0296
116868,DE403,"Frankfurt (Oder), Kreisfreie Stadt",2020-03-09,11,-0.0176,-0.0471,-0.0692
116869,DE403,"Frankfurt (Oder), Kreisfreie Stadt",2020-03-10,11,-0.0511,-0.051,-0.0692
116870,DE403,"Frankfurt (Oder), Kreisfreie Stadt",2020-03-11,11,-0.0453,-0.0442,-0.0692
116871,DE403,"Frankfurt (Oder), Kreisfreie Stadt",2020-03-12,11,-0.0716,-0.0754,-0.0692
116872,DE403,"Frankfurt (Oder), Kreisfreie Stadt",2020-03-13,11,-0.0749,-0.0861,-0.0692
116873,DE403,"Frankfurt (Oder), Kreisfreie Stadt",2020-03-14,11,-0.0415,-0.0889,-0.0692
116874,DE403,"Frankfurt (Oder), Kreisfreie Stadt",2020-03-15,11,-0.2255,-0.1149,-0.0692
116875,DE403,"Frankfurt (Oder), Kreisfreie Stadt",2020-03-16,12,-0.0929,-0.1456,-0.2775
116876,DE403,"Frankfurt (Oder), Kreisfreie Stadt",2020-03-17,12,-0.0707,-0.1939,-0.2775
116877,DE403,"Frankfurt (Oder), Kreisfreie Stadt",2020-03-18,12,-0.2272,-0.2564,-0.2775
116878,DE403,"Frankfurt (Oder), Kreisfreie Stadt",2020-03-19,12,-0.2865,-0.3016,-0.2775
116879,DE403,"Frankfurt (Oder), Kreisfreie Stadt",2020-03-20,12,-0.4133,-0.3416,-0.2775
116880,DE403,"Frankfurt (Oder), Kreisfreie Stadt",2020-03-21,12,-0.4786,-0.3905,-0.2775
116881,DE403,"Frankfurt (Oder), Kreisfreie Stadt",2020-03-22,12,-0.5417,-0.413,-0.2775
116882,DE403,"Frankfurt (Oder), Kreisfreie Stadt",2020-03-23,13,-0.3731,-0.4285,-0.4381
116883,DE403,"Frankfurt (Oder), Kreisfreie Stadt",2020-03-24,13,-0.4132,-0.4326,-0.4381
116884,DE403,"Frankfurt (Oder), Kreisfreie Stadt",2020-03-25,13,-0.3848,-0.4325,-0.4381
116885,DE403,"Frankfurt (Oder), Kreisfreie Stadt",2020-03-26,13,-0.3946,-0.449,-0.4381
116886,DE403,"Frankfurt (Oder), Kreisfreie Stadt",2020-03-27,13,-0.4423,-0.4542,-0.4381
116887,DE403,"Frankfurt (Oder), Kreisfreie Stadt",2020-03-28,13,-0.4781,-0.4574,-0.4381
116888,DE403,"Frankfurt (Oder), Kreisfreie Stadt",2020-03-29,13,-0.6572,-0.4596,-0.4381
116889,DE403,"Frankfurt (Oder), Kreisfreie Stadt",2020-03-30,14,-0.4094,-0.4594,-0.4127
116890,DE403,"Frankfurt (Oder), Kreisfreie Stadt",2020-03-31,14,-0.4356,-0.4464,-0.4127
117677,DE404,"Potsdam, Kreisfreie Stadt",2020-03-01,9,0.0518,0.0285,0.062
117678,DE404,"Potsdam, Kreisfreie Stadt",2020-03-02,10,-0.012,0.0269,0.006
117679,DE404,"Potsdam, Kreisfreie Stadt",2020-03-03,10,-0.0405,0.0135,0.006
117680,DE404,"Potsdam, Kreisfreie Stadt",2020-03-04,10,0.0284,0.0077,0.006
117681,DE404,"Potsdam, Kreisfreie Stadt",2020-03-05,10,0.0453,0.0101,0.006
117682,DE404,"Potsdam, Kreisfreie Stadt",2020-03-06,10,-0.0174,0.0202,0.006
117683,DE404,"Potsdam, Kreisfreie Stadt",2020-03-07,10,-0.002,0.0221,0.006
117684,DE404,"Potsdam, Kreisfreie Stadt",2020-03-08,10,0.0692,0.0171,0.006
117685,DE404,"Potsdam, Kreisfreie Stadt",2020-03-09,11,0.0582,0.0095,-0.0302
117686,DE404,"Potsdam, Kreisfreie Stadt",2020-03-10,11,-0.0269,0.0017,-0.0302
117687,DE404,"Potsdam, Kreisfreie Stadt",2020-03-11,11,-0.0071,-0.0126,-0.0302
117688,DE404,"Potsdam, Kreisfreie Stadt",2020-03-12,11,-0.0078,-0.0364,-0.0302
117689,DE404,"Potsdam, Kreisfreie Stadt",2020-03-13,11,-0.072,-0.0557,-0.0302
117690,DE404,"Potsdam, Kreisfreie Stadt",2020-03-14,11,-0.1021,-0.0747,-0.0302
117691,DE404,"Potsdam, Kreisfreie Stadt",2020-03-15,11,-0.0971,-0.1102,-0.0302
117692,DE404,"Potsdam, Kreisfreie Stadt",2020-03-16,12,-0.0766,-0.1557,-0.2869
117693,DE404,"Potsdam, Kreisfreie Stadt",2020-03-17,12,-0.16,-0.2043,-0.2869
117694,DE404,"Potsdam, Kreisfreie Stadt",2020-03-18,12,-0.256,-0.2537,-0.2869
117695,DE404,"Potsdam, Kreisfreie Stadt",2020-03-19,12,-0.3261,-0.2988,-0.2869
117696,DE404,"Potsdam, Kreisfreie Stadt",2020-03-20,12,-0.4124,-0.3488,-0.2869
117697,DE404,"Potsdam, Kreisfreie Stadt",2020-03-21,12,-0.4474,-0.3906,-0.2869
117698,DE404,"Potsdam, Kreisfreie Stadt",2020-03-22,12,-0.4131,-0.4193,-0.2869
117699,DE404,"Potsdam, Kreisfreie Stadt",2020-03-23,13,-0.4268,-0.4357,-0.456
117700,DE404,"Potsdam, Kreisfreie Stadt",2020-03-24,13,-0.4526,-0.4418,-0.456
117701,DE404,"Potsdam, Kreisfreie Stadt",2020-03-25,13,-0.4567,-0.4358,-0.456
117702,DE404,"Potsdam, Kreisfreie Stadt",2020-03-26,13,-0.4412,-0.4659,-0.456
117703,DE404,"Potsdam, Kreisfreie Stadt",2020-03-27,13,-0.4546,-0.4717,-0.456
117704,DE404,"Potsdam, Kreisfreie Stadt",2020-03-28,13,-0.4055,-0.4711,-0.456
117705,DE404,"Potsdam, Kreisfreie Stadt",2020-03-29,13,-0.6236,-0.4674,-0.456
117706,DE404,"Potsdam, Kreisfreie Stadt",2020-03-30,14,-0.4678,-0.4688,-0.4368
117707,DE404,"Potsdam, Kreisfreie Stadt",2020-03-31,14,-0.4484,-0.4571,-0.4368
118494,DE405,Barnim,2020-03-01,9,0.0311,0.0434,0.0563
118495,DE405,Barnim,2020-03-02,10,0.0405,0.0408,0.0181
118496,DE405,Barnim,2020-03-03,10,0.0171,0.0296,0.0181
118497,DE405,Barnim,2020-03-04,10,0.0335,0.0159,0.0181
118498,DE405,Barnim,2020-03-05,10,0.0276,0.0187,0.0181
118499,DE405,Barnim,2020-03-06,10,0.0061,0.0179,0.0181
118500,DE405,Barnim,2020-03-07,10,-0.0447,0.0158,0.0181
118501,DE405,Barnim,2020-03-08,10,0.0507,0.0176,0.0181
118502,DE405,Barnim,2020-03-09,11,0.0348,0.0148,0.0203
118503,DE405,Barnim,2020-03-10,11,0.0025,0.0139,0.0203
118504,DE405,Barnim,2020-03-11,11,0.0463,0.0264,0.0203
118505,DE405,Barnim,2020-03-12,11,0.0077,0.0205,0.0203
118506,DE405,Barnim,2020-03-13,11,-0.0,0.02,0.0203
118507,DE405,Barnim,2020-03-14,11,0.0427,0.0132,0.0203
118508,DE405,Barnim,2020-03-15,11,0.0097,-0.0058,0.0203
118509,DE405,Barnim,2020-03-16,12,0.0311,-0.0312,-0.1193
118510,DE405,Barnim,2020-03-17,12,-0.045,-0.0618,-0.1193
118511,DE405,Barnim,2020-03-18,12,-0.0868,-0.0974,-0.1193
118512,DE405,Barnim,2020-03-19,12,-0.17,-0.1233,-0.1193
118513,DE405,Barnim,2020-03-20,12,-0.2145,-0.1614,-0.1193
118514,DE405,Barnim,2020-03-21,12,-0.206,-0.1937,-0.1193
118515,DE405,Barnim,2020-03-22,12,-0.172,-0.2175,-0.1193
118516,DE405,Barnim,2020-03-23,13,-0.2355,-0.228,-0.2493
118517,DE405,Barnim,2020-03-24,13,-0.2714,-0.2294,-0.2493
118518,DE405,Barnim,2020-03-25,13,-0.2532,-0.2191,-0.2493
118519,DE405,Barnim,2020-03-26,13,-0.2436,-0.2584,-0.2493
118520,DE405,Barnim,2020-03-27,13,-0.2242,-0.2661,-0.2493
118521,DE405,Barnim,2020-03-28,13,-0.1339,-0.2674,-0.2493
118522,DE405,Barnim,2020-03-29,13,-0.4472,-0.2649,-0.2493
118523,DE405,Barnim,2020-03-30,14,-0.2894,-0.2647,-0.2396
118524,DE405,Barnim,2020-03-31,14,-0.2806,-0.258,-0.2396
119311,DE406,Dahme-Spreewald,2020-03-01,9,-0.1252,-0.1022,-0.0849
119312,DE406,Dahme-Spreewald,2020-03-02,10,-0.1019,-0.103,-0.1162
119313,DE406,Dahme-Spreewald,2020-03-03,10,-0.1256,-0.1105,-0.1162
119314,DE406,Dahme-Spreewald,2020-03-04,10,-0.1065,-0.1191,-0.1162
119315,DE406,Dahme-Spreewald,2020-03-05,10,-0.0964,-0.1161,-0.1162
119316,DE406,Dahme-Spreewald,2020-03-06,10,-0.1314,-0.1165,-0.1162
119317,DE406,Dahme-Spreewald,2020-03-07,10,-0.1469,-0.1162,-0.1162
119318,DE406,Dahme-Spreewald,2020-03-08,10,-0.1036,-0.1171,-0.1162
119319,DE406,Dahme-Spreewald,2020-03-09,11,-0.1048,-0.1218,-0.1426
119320,DE406,Dahme-Spreewald,2020-03-10,11,-0.1237,-0.1253,-0.1426
119321,DE406,Dahme-Spreewald,2020-03-11,11,-0.1129,-0.1299,-0.1426
119322,DE406,Dahme-Spreewald,2020-03-12,11,-0.1288,-0.1479,-0.1426
119323,DE406,Dahme-Spreewald,2020-03-13,11,-0.1563,-0.1543,-0.1426
119324,DE406,Dahme-Spreewald,2020-03-14,11,-0.179,-0.1658,-0.1426
119325,DE406,Dahme-Spreewald,2020-03-15,11,-0.2296,-0.1849,-0.1426
119326,DE406,Dahme-Spreewald,2020-03-16,12,-0.15,-0.2129,-0.3115
119327,DE406,Dahme-Spreewald,2020-03-17,12,-0.2039,-0.2462,-0.3115
119328,DE406,Dahme-Spreewald,2020-03-18,12,-0.247,-0.2871,-0.3115
119329,DE406,Dahme-Spreewald,2020-03-19,12,-0.3248,-0.3228,-0.3115
119330,DE406,Dahme-Spreewald,2020-03-20,12,-0.389,-0.3574,-0.3115
119331,DE406,Dahme-Spreewald,2020-03-21,12,-0.4655,-0.3866,-0.3115
119332,DE406,Dahme-Spreewald,2020-03-22,12,-0.4797,-0.4077,-0.3115
119333,DE406,Dahme-Spreewald,2020-03-23,13,-0.3922,-0.4188,-0.4311
119334,DE406,Dahme-Spreewald,2020-03-24,13,-0.408,-0.4235,-0.4311
119335,DE406,Dahme-Spreewald,2020-03-25,13,-0.3949,-0.4196,-0.4311
119336,DE406,Dahme-Spreewald,2020-03-26,13,-0.4024,-0.4427,-0.4311
119337,DE406,Dahme-Spreewald,2020-03-27,13,-0.4218,-0.4469,-0.4311
119338,DE406,Dahme-Spreewald,2020-03-28,13,-0.4381,-0.4457,-0.4311
119339,DE406,Dahme-Spreewald,2020-03-29,13,-0.6414,-0.4404,-0.4311
119340,DE406,Dahme-Spreewald,2020-03-30,14,-0.4214,-0.4346,-0.3898
119341,DE406,Dahme-Spreewald,2020-03-31,14,-0.4002,-0.4183,-0.3898
120128,DE407,Elbe-Elster,2020-03-01,9,-0.1005,-0.0196,0.0081
120129,DE407,Elbe-Elster,2020-03-02,10,-0.0286,-0.0219,-0.0331
120130,DE407,Elbe-Elster,2020-03-03,10,-0.01,-0.0333,-0.0331
120131,DE407,Elbe-Elster,2020-03-04,10,-0.0313,-0.0449,-0.0331
120132,DE407,Elbe-Elster,2020-03-05,10,-0.0086,-0.0367,-0.0331
120133,DE407,Elbe-Elster,2020-03-06,10,-0.0335,-0.0387,-0.0331
120134,DE407,Elbe-Elster,2020-03-07,10,-0.1019,-0.0449,-0.0331
120135,DE407,Elbe-Elster,2020-03-08,10,-0.0428,-0.0447,-0.0331
120136,DE407,Elbe-Elster,2020-03-09,11,-0.0428,-0.0496,-0.0644
120137,DE407,Elbe-Elster,2020-03-10,11,-0.0533,-0.0526,-0.0644
120138,DE407,Elbe-Elster,2020-03-11,11,-0.0297,-0.0557,-0.0644
120139,DE407,Elbe-Elster,2020-03-12,11,-0.0429,-0.0748,-0.0644
120140,DE407,Elbe-Elster,2020-03-13,11,-0.0549,-0.0789,-0.0644
120141,DE407,Elbe-Elster,2020-03-14,11,-0.1234,-0.0866,-0.0644
120142,DE407,Elbe-Elster,2020-03-15,11,-0.1764,-0.11,-0.0644
120143,DE407,Elbe-Elster,2020-03-16,12,-0.0719,-0.1348,-0.2111
120144,DE407,Elbe-Elster,2020-03-17,12,-0.1074,-0.1649,-0.2111
120145,DE407,Elbe-Elster,2020-03-18,12,-0.1928,-0.2001,-0.2111
120146,DE407,Elbe-Elster,2020-03-19,12,-0.2166,-0.2291,-0.2111
120147,DE407,Elbe-Elster,2020-03-20,12,-0.2661,-0.2608,-0.2111
120148,DE407,Elbe-Elster,2020-03-21,12,-0.3697,-0.291,-0.2111
120149,DE407,Elbe-Elster,2020-03-22,12,-0.3793,-0.3082,-0.2111
120150,DE407,Elbe-Elster,2020-03-23,13,-0.2934,-0.3212,-0.3323
120151,DE407,Elbe-Elster,2020-03-24,13,-0.3192,-0.3258,-0.3323
120152,DE407,Elbe-Elster,2020-03-25,13,-0.3132,-0.3259,-0.3323
120153,DE407,Elbe-Elster,2020-03-26,13,-0.3072,-0.3485,-0.3323
120154,DE407,Elbe-Elster,2020-03-27,13,-0.2983,-0.3515,-0.3323
120155,DE407,Elbe-Elster,2020-03-28,13,-0.3705,-0.3487,-0.3323
120156,DE407,Elbe-Elster,2020-03-29,13,-0.5376,-0.3366,-0.3323
120157,DE407,Elbe-Elster,2020-03-30,14,-0.3146,-0.3219,-0.2588
120158,DE407,Elbe-Elster,2020-03-31,14,-0.2993,-0.2943,-0.2588
120945,DE408,Havelland,2020-03-01,9,0.0385,0.0273,0.0493
120946,DE408,Havelland,2020-03-02,10,0.007,0.0261,0.0029
120947,DE408,Havelland,2020-03-03,10,-0.0342,0.0139,0.0029
120948,DE408,Havelland,2020-03-04,10,0.022,0.0039,0.0029
120949,DE408,Havelland,2020-03-05,10,0.0331,0.0053,0.0029
120950,DE408,Havelland,2020-03-06,10,-0.0135,0.0111,0.0029
120951,DE408,Havelland,2020-03-07,10,-0.0252,0.0151,0.0029
120952,DE408,Havelland,2020-03-08,10,0.0479,0.0146,0.0029
120953,DE408,Havelland,2020-03-09,11,0.0473,0.0119,-0.0126
120954,DE408,Havelland,2020-03-10,11,-0.0058,0.0086,-0.0126
120955,DE408,Havelland,2020-03-11,11,0.0186,0.0042,-0.0126
120956,DE408,Havelland,2020-03-12,11,0.0136,-0.019,-0.0126
120957,DE408,Havelland,2020-03-13,11,-0.0362,-0.0244,-0.0126
120958,DE408,Havelland,2020-03-14,11,-0.0558,-0.0318,-0.0126
120959,DE408,Havelland,2020-03-15,11,-0.1148,-0.0575,-0.0126
120960,DE408,Havelland,2020-03-16,12,0.0095,-0.0894,-0.1915
120961,DE408,Havelland,2020-03-17,12,-0.0575,-0.124,-0.1915
120962,DE408,Havelland,2020-03-18,12,-0.1614,-0.1685,-0.1915
120963,DE408,Havelland,2020-03-19,12,-0.2093,-0.2019,-0.1915
120964,DE408,Havelland,2020-03-20,12,-0.2789,-0.2452,-0.1915
120965,DE408,Havelland,2020-03-21,12,-0.3671,-0.2796,-0.1915
120966,DE408,Havelland,2020-03-22,12,-0.3487,-0.3002,-0.1915
120967,DE408,Havelland,2020-03-23,13,-0.2939,-0.3109,-0.3284
120968,DE408,Havelland,2020-03-24,13,-0.2979,-0.3169,-0.3284
120969,DE408,Havelland,2020-03-25,13,-0.3055,-0.3128,-0.3284
120970,DE408,Havelland,2020-03-26,13,-0.2842,-0.3422,-0.3284
120971,DE408,Havelland,2020-03-27,13,-0.3214,-0.3468,-0.3284
120972,DE408,Havelland,2020-03-28,13,-0.3379,-0.3483,-0.3284
120973,DE408,Havelland,2020-03-29,13,-0.5547,-0.345,-0.3284
120974,DE408,Havelland,2020-03-30,14,-0.3262,-0.3458,-0.2985
120975,DE408,Havelland,2020-03-31,14,-0.3083,-0.329,-0.2985
121762,DE409,Märkisch-Oderland,2020-03-01,9,-0.0171,0.0114,0.0356
121763,DE409,Märkisch-Oderland,2020-03-02,10,0.0041,0.0092,-0.0012
121764,DE409,Märkisch-Oderland,2020-03-03,10,-0.038,0.0005,-0.0012
121765,DE409,Märkisch-Oderland,2020-03-04,10,0.0196,-0.0093,-0.0012
121766,DE409,Märkisch-Oderland,2020-03-05,10,0.0194,0.0009,-0.0012
121767,DE409,Märkisch-Oderland,2020-03-06,10,-0.0055,0.0038,-0.0012
121768,DE409,Märkisch-Oderland,2020-03-07,10,-0.0476,0.0069,-0.0012
121769,DE409,Märkisch-Oderland,2020-03-08,10,0.0544,0.0035,-0.0012
121770,DE409,Märkisch-Oderland,2020-03-09,11,0.0244,-0.0015,-0.0153
121771,DE409,Märkisch-Oderland,2020-03-10,11,-0.0164,-0.0022,-0.0153
121772,DE409,Märkisch-Oderland,2020-03-11,11,-0.004,0.0021,-0.0153
121773,DE409,Märkisch-Oderland,2020-03-12,11,-0.0157,-0.0203,-0.0153
121774,DE409,Märkisch-Oderland,2020-03-13,11,-0.0103,-0.0287,-0.0153
121775,DE409,Märkisch-Oderland,2020-03-14,11,-0.0177,-0.0383,-0.0153
121776,DE409,Märkisch-Oderland,2020-03-15,11,-0.1025,-0.0576,-0.0153
121777,DE409,Märkisch-Oderland,2020-03-16,12,-0.034,-0.0849,-0.1812
121778,DE409,Märkisch-Oderland,2020-03-17,12,-0.0839,-0.1193,-0.1812
121779,DE409,Märkisch-Oderland,2020-03-18,12,-0.1391,-0.1606,-0.1812
121780,DE409,Märkisch-Oderland,2020-03-19,12,-0.207,-0.1906,-0.1812
121781,DE409,Märkisch-Oderland,2020-03-20,12,-0.2511,-0.2255,-0.1812
121782,DE409,Märkisch-Oderland,2020-03-21,12,-0.3067,-0.2552,-0.1812
121783,DE409,Märkisch-Oderland,2020-03-22,12,-0.3128,-0.2753,-0.1812
121784,DE409,Märkisch-Oderland,2020-03-23,13,-0.2779,-0.2849,-0.303
121785,DE409,Märkisch-Oderland,2020-03-24,13,-0.2922,-0.2901,-0.303
121786,DE409,Märkisch-Oderland,2020-03-25,13,-0.2797,-0.2851,-0.303
121787,DE409,Märkisch-Oderland,2020-03-26,13,-0.2738,-0.315,-0.303
121788,DE409,Märkisch-Oderland,2020-03-27,13,-0.2874,-0.3201,-0.303
121789,DE409,Märkisch-Oderland,2020-03-28,13,-0.2721,-0.3199,-0.303
121790,DE409,Märkisch-Oderland,2020-03-29,13,-0.5217,-0.3166,-0.303
121791,DE409,Märkisch-Oderland,2020-03-30,14,-0.3138,-0.3145,-0.2745
121792,DE409,Märkisch-Oderland,2020-03-31,14,-0.2907,-0.3002,-0.2745
122579,DE40A,Oberhavel,2020-03-01,9,0.0001,-0.0204,-0.0085
122580,DE40A,Oberhavel,2020-03-02,10,-0.0175,-0.0237,-0.0576
122581,DE40A,Oberhavel,2020-03-03,10,-0.0525,-0.0379,-0.0576
122582,DE40A,Oberhavel,2020-03-04,10,-0.0517,-0.0537,-0.0576
122583,DE40A,Oberhavel,2020-03-05,10,-0.0567,-0.0564,-0.0576
122584,DE40A,Oberhavel,2020-03-06,10,-0.0844,-0.0595,-0.0576
122585,DE40A,Oberhavel,2020-03-07,10,-0.1133,-0.0648,-0.0576
122586,DE40A,Oberhavel,2020-03-08,10,-0.0185,-0.0668,-0.0576
122587,DE40A,Oberhavel,2020-03-09,11,-0.0397,-0.069,-0.0789
122588,DE40A,Oberhavel,2020-03-10,11,-0.0894,-0.0702,-0.0789
122589,DE40A,Oberhavel,2020-03-11,11,-0.0656,-0.0686,-0.0789
122590,DE40A,Oberhavel,2020-03-12,11,-0.072,-0.0807,-0.0789
122591,DE40A,Oberhavel,2020-03-13,11,-0.0933,-0.0853,-0.0789
122592,DE40A,Oberhavel,2020-03-14,11,-0.1015,-0.0922,-0.0789
122593,DE40A,Oberhavel,2020-03-15,11,-0.1037,-0.1129,-0.0789
122594,DE40A,Oberhavel,2020-03-16,12,-0.0714,-0.1432,-0.2324
122595,DE40A,Oberhavel,2020-03-17,12,-0.138,-0.1737,-0.2324
122596,DE40A,Oberhavel,2020-03-18,12,-0.2107,-0.2062,-0.2324
122597,DE40A,Oberhavel,2020-03-19,12,-0.2836,-0.2401,-0.2324
122598,DE40A,Oberhavel,2020-03-20,12,-0.307,-0.2778,-0.2324
122599,DE40A,Oberhavel,2020-03-21,12,-0.3292,-0.3064,-0.2324
122600,DE40A,Oberhavel,2020-03-22,12,-0.341,-0.3249,-0.2324
122601,DE40A,Oberhavel,2020-03-23,13,-0.3348,-0.3339,-0.3563
122602,DE40A,Oberhavel,2020-03-24,13,-0.3382,-0.3383,-0.3563
122603,DE40A,Oberhavel,2020-03-25,13,-0.3403,-0.3371,-0.3563
122604,DE40A,Oberhavel,2020-03-26,13,-0.3469,-0.3671,-0.3563
122605,DE40A,Oberhavel,2020-03-27,13,-0.3375,-0.3689,-0.3563
122606,DE40A,Oberhavel,2020-03-28,13,-0.3211,-0.3723,-0.3563
122607,DE40A,Oberhavel,2020-03-29,13,-0.5509,-0.3691,-0.3563
122608,DE40A,Oberhavel,2020-03-30,14,-0.3474,-0.362,-0.3095
122609,DE40A,Oberhavel,2020-03-31,14,-0.3617,-0.3472,-0.3095
123396,DE40B,Oberspreewald-Lausitz,2020-03-01,9,-0.1818,-0.1188,-0.0979
123397,DE40B,Oberspreewald-Lausitz,2020-03-02,10,-0.1139,-0.1219,-0.1261
123398,DE40B,Oberspreewald-Lausitz,2020-03-03,10,-0.1165,-0.1264,-0.1261
123399,DE40B,Oberspreewald-Lausitz,2020-03-04,10,-0.0973,-0.1381,-0.1261
123400,DE40B,Oberspreewald-Lausitz,2020-03-05,10,-0.1258,-0.1287,-0.1261
123401,DE40B,Oberspreewald-Lausitz,2020-03-06,10,-0.1101,-0.1273,-0.1261
123402,DE40B,Oberspreewald-Lausitz,2020-03-07,10,-0.2216,-0.1297,-0.1261
123403,DE40B,Oberspreewald-Lausitz,2020-03-08,10,-0.1158,-0.1353,-0.1261
123404,DE40B,Oberspreewald-Lausitz,2020-03-09,11,-0.1038,-0.1344,-0.1442
123405,DE40B,Oberspreewald-Lausitz,2020-03-10,11,-0.1335,-0.1375,-0.1442
123406,DE40B,Oberspreewald-Lausitz,2020-03-11,11,-0.1362,-0.1363,-0.1442
123407,DE40B,Oberspreewald-Lausitz,2020-03-12,11,-0.1201,-0.1521,-0.1442
123408,DE40B,Oberspreewald-Lausitz,2020-03-13,11,-0.1313,-0.154,-0.1442
123409,DE40B,Oberspreewald-Lausitz,2020-03-14,11,-0.2133,-0.1556,-0.1442
123410,DE40B,Oberspreewald-Lausitz,2020-03-15,11,-0.2266,-0.1663,-0.1442
123411,DE40B,Oberspreewald-Lausitz,2020-03-16,12,-0.1167,-0.1876,-0.2572
123412,DE40B,Oberspreewald-Lausitz,2020-03-17,12,-0.1447,-0.212,-0.2572
123413,DE40B,Oberspreewald-Lausitz,2020-03-18,12,-0.2115,-0.243,-0.2572
123414,DE40B,Oberspreewald-Lausitz,2020-03-19,12,-0.2692,-0.2759,-0.2572
123415,DE40B,Oberspreewald-Lausitz,2020-03-20,12,-0.3018,-0.3059,-0.2572
123416,DE40B,Oberspreewald-Lausitz,2020-03-21,12,-0.4306,-0.3374,-0.2572
123417,DE40B,Oberspreewald-Lausitz,2020-03-22,12,-0.4565,-0.3596,-0.2572
123418,DE40B,Oberspreewald-Lausitz,2020-03-23,13,-0.3269,-0.3743,-0.3849
123419,DE40B,Oberspreewald-Lausitz,2020-03-24,13,-0.3649,-0.3822,-0.3849
123420,DE40B,Oberspreewald-Lausitz,2020-03-25,13,-0.3674,-0.3813,-0.3849
123421,DE40B,Oberspreewald-Lausitz,2020-03-26,13,-0.3719,-0.3995,-0.3849
123422,DE40B,Oberspreewald-Lausitz,2020-03-27,13,-0.3568,-0.4021,-0.3849
123423,DE40B,Oberspreewald-Lausitz,2020-03-28,13,-0.4244,-0.4024,-0.3849
123424,DE40B,Oberspreewald-Lausitz,2020-03-29,13,-0.5844,-0.4003,-0.3849
123425,DE40B,Oberspreewald-Lausitz,2020-03-30,14,-0.3447,-0.3948,-0.3637
123426,DE40B,Oberspreewald-Lausitz,2020-03-31,14,-0.3672,-0.3827,-0.3637
124213,DE40C,Oder-Spree,2020-03-01,9,-0.0679,-0.0862,-0.0902
124214,DE40C,Oder-Spree,2020-03-02,10,-0.0731,-0.0799,-0.0767
124215,DE40C,Oder-Spree,2020-03-03,10,-0.0957,-0.0789,-0.0767
124216,DE40C,Oder-Spree,2020-03-04,10,-0.0722,-0.0812,-0.0767
124217,DE40C,Oder-Spree,2020-03-05,10,-0.0534,-0.0749,-0.0767
124218,DE40C,Oder-Spree,2020-03-06,10,-0.0811,-0.0726,-0.0767
124219,DE40C,Oder-Spree,2020-03-07,10,-0.1251,-0.072,-0.0767
124220,DE40C,Oder-Spree,2020-03-08,10,-0.0236,-0.0711,-0.0767
124221,DE40C,Oder-Spree,2020-03-09,11,-0.0569,-0.0742,-0.078
124222,DE40C,Oder-Spree,2020-03-10,11,-0.0919,-0.0732,-0.078
124223,DE40C,Oder-Spree,2020-03-11,11,-0.0659,-0.0675,-0.078
124224,DE40C,Oder-Spree,2020-03-12,11,-0.0748,-0.0803,-0.078
124225,DE40C,Oder-Spree,2020-03-13,11,-0.0738,-0.0844,-0.078
124226,DE40C,Oder-Spree,2020-03-14,11,-0.0859,-0.0876,-0.078
124227,DE40C,Oder-Spree,2020-03-15,11,-0.1129,-0.0992,-0.078
124228,DE40C,Oder-Spree,2020-03-16,12,-0.0858,-0.1173,-0.213
124229,DE40C,Oder-Spree,2020-03-17,12,-0.1138,-0.1519,-0.213
124230,DE40C,Oder-Spree,2020-03-18,12,-0.147,-0.1915,-0.213
124231,DE40C,Oder-Spree,2020-03-19,12,-0.2018,-0.2263,-0.213
124232,DE40C,Oder-Spree,2020-03-20,12,-0.3158,-0.2616,-0.213
124233,DE40C,Oder-Spree,2020-03-21,12,-0.3637,-0.298,-0.213
124234,DE40C,Oder-Spree,2020-03-22,12,-0.3559,-0.328,-0.213
124235,DE40C,Oder-Spree,2020-03-23,13,-0.3331,-0.3479,-0.3633
124236,DE40C,Oder-Spree,2020-03-24,13,-0.3691,-0.3517,-0.3633
124237,DE40C,Oder-Spree,2020-03-25,13,-0.3567,-0.3463,-0.3633
124238,DE40C,Oder-Spree,2020-03-26,13,-0.341,-0.3734,-0.3633
124239,DE40C,Oder-Spree,2020-03-27,13,-0.3427,-0.3783,-0.3633
124240,DE40C,Oder-Spree,2020-03-28,13,-0.3254,-0.3784,-0.3633
124241,DE40C,Oder-Spree,2020-03-29,13,-0.5461,-0.3666,-0.3633
124242,DE40C,Oder-Spree,2020-03-30,14,-0.367,-0.3526,-0.2904
124243,DE40C,Oder-Spree,2020-03-31,14,-0.37,-0.3287,-0.2904
125030,DE40D,Ostprignitz-Ruppin,2020-03-01,9,0.0594,0.0444,0.0359
125031,DE40D,Ostprignitz-Ruppin,2020-03-02,10,0.0418,0.0471,0.0441
125032,DE40D,Ostprignitz-Ruppin,2020-03-03,10,0.0414,0.0432,0.0441
125033,DE40D,Ostprignitz-Ruppin,2020-03-04,10,0.0838,0.0423,0.0441
125034,DE40D,Ostprignitz-Ruppin,2020-03-05,10,0.0582,0.0455,0.0441
125035,DE40D,Ostprignitz-Ruppin,2020-03-06,10,0.0079,0.0454,0.0441
125036,DE40D,Ostprignitz-Ruppin,2020-03-07,10,0.0035,0.0484,0.0441
125037,DE40D,Ostprignitz-Ruppin,2020-03-08,10,0.082,0.0462,0.0441
125038,DE40D,Ostprignitz-Ruppin,2020-03-09,11,0.0414,0.0424,0.0406
125039,DE40D,Ostprignitz-Ruppin,2020-03-10,11,0.0621,0.0444,0.0406
125040,DE40D,Ostprignitz-Ruppin,2020-03-11,11,0.068,0.0533,0.0406
125041,DE40D,Ostprignitz-Ruppin,2020-03-12,11,0.0319,0.0363,0.0406
125042,DE40D,Ostprignitz-Ruppin,2020-03-13,11,0.022,0.0373,0.0406
125043,DE40D,Ostprignitz-Ruppin,2020-03-14,11,0.0655,0.0276,0.0406
125044,DE40D,Ostprignitz-Ruppin,2020-03-15,11,-0.0367,0.0055,0.0406
125045,DE40D,Ostprignitz-Ruppin,2020-03-16,12,0.048,-0.0262,-0.1242
125046,DE40D,Ostprignitz-Ruppin,2020-03-17,12,-0.0053,-0.0576,-0.1242
125047,DE40D,Ostprignitz-Ruppin,2020-03-18,12,-0.0868,-0.1066,-0.1242
125048,DE40D,Ostprignitz-Ruppin,2020-03-19,12,-0.1898,-0.1356,-0.1242
125049,DE40D,Ostprignitz-Ruppin,2020-03-20,12,-0.198,-0.1738,-0.1242
125050,DE40D,Ostprignitz-Ruppin,2020-03-21,12,-0.2774,-0.2083,-0.1242
125051,DE40D,Ostprignitz-Ruppin,2020-03-22,12,-0.2397,-0.229,-0.1242
125052,DE40D,Ostprignitz-Ruppin,2020-03-23,13,-0.22,-0.2402,-0.276
125053,DE40D,Ostprignitz-Ruppin,2020-03-24,13,-0.2468,-0.2476,-0.276
125054,DE40D,Ostprignitz-Ruppin,2020-03-25,13,-0.2313,-0.2532,-0.276
125055,DE40D,Ostprignitz-Ruppin,2020-03-26,13,-0.2683,-0.2938,-0.276
125056,DE40D,Ostprignitz-Ruppin,2020-03-27,13,-0.2497,-0.3042,-0.276
125057,DE40D,Ostprignitz-Ruppin,2020-03-28,13,-0.3164,-0.3071,-0.276
125058,DE40D,Ostprignitz-Ruppin,2020-03-29,13,-0.5244,-0.3091,-0.276
125059,DE40D,Ostprignitz-Ruppin,2020-03-30,14,-0.2922,-0.2997,-0.2565
125060,DE40D,Ostprignitz-Ruppin,2020-03-31,14,-0.2672,-0.2842,-0.2565
125847,DE40E,Potsdam-Mittelmark,2020-03-01,9,-0.013,0.0133,0.064
125848,DE40E,Potsdam-Mittelmark,2020-03-02,10,-0.0027,0.0072,-0.0173
125849,DE40E,Potsdam-Mittelmark,2020-03-03,10,-0.064,-0.0059,-0.0173
125850,DE40E,Potsdam-Mittelmark,2020-03-04,10,-0.006,-0.0195,-0.0173
125851,DE40E,Potsdam-Mittelmark,2020-03-05,10,0.0024,-0.0162,-0.0173
125852,DE40E,Potsdam-Mittelmark,2020-03-06,10,-0.0141,-0.0136,-0.0173
125853,DE40E,Potsdam-Mittelmark,2020-03-07,10,-0.039,-0.0101,-0.0173
125854,DE40E,Potsdam-Mittelmark,2020-03-08,10,0.0101,-0.0151,-0.0173
125855,DE40E,Potsdam-Mittelmark,2020-03-09,11,0.0155,-0.0188,-0.0253
125856,DE40E,Potsdam-Mittelmark,2020-03-10,11,-0.0398,-0.0186,-0.0253
125857,DE40E,Potsdam-Mittelmark,2020-03-11,11,-0.0405,-0.0172,-0.0253
125858,DE40E,Potsdam-Mittelmark,2020-03-12,11,-0.0237,-0.0275,-0.0253
125859,DE40E,Potsdam-Mittelmark,2020-03-13,11,-0.0128,-0.0314,-0.0253
125860,DE40E,Potsdam-Mittelmark,2020-03-14,11,-0.0291,-0.0377,-0.0253
125861,DE40E,Potsdam-Mittelmark,2020-03-15,11,-0.0624,-0.0533,-0.0253
125862,DE40E,Potsdam-Mittelmark,2020-03-16,12,-0.0113,-0.0806,-0.1792
125863,DE40E,Potsdam-Mittelmark,2020-03-17,12,-0.0843,-0.1161,-0.1792
125864,DE40E,Potsdam-Mittelmark,2020-03-18,12,-0.1497,-0.1543,-0.1792
125865,DE40E,Potsdam-Mittelmark,2020-03-19,12,-0.2149,-0.1891,-0.1792
125866,DE40E,Potsdam-Mittelmark,2020-03-20,12,-0.2612,-0.2281,-0.1792
125867,DE40E,Potsdam-Mittelmark,2020-03-21,12,-0.2961,-0.2604,-0.1792
125868,DE40E,Potsdam-Mittelmark,2020-03-22,12,-0.3065,-0.2826,-0.1792
125869,DE40E,Potsdam-Mittelmark,2020-03-23,13,-0.2844,-0.2927,-0.3097
125870,DE40E,Potsdam-Mittelmark,2020-03-24,13,-0.3103,-0.2956,-0.3097
125871,DE40E,Potsdam-Mittelmark,2020-03-25,13,-0.305,-0.29,-0.3097
125872,DE40E,Potsdam-Mittelmark,2020-03-26,13,-0.2853,-0.3219,-0.3097
125873,DE40E,Potsdam-Mittelmark,2020-03-27,13,-0.2814,-0.3259,-0.3097
125874,DE40E,Potsdam-Mittelmark,2020-03-28,13,-0.2573,-0.3251,-0.3097
125875,DE40E,Potsdam-Mittelmark,2020-03-29,13,-0.5296,-0.3201,-0.3097
125876,DE40E,Potsdam-Mittelmark,2020-03-30,14,-0.3124,-0.3191,-0.2872
125877,DE40E,Potsdam-Mittelmark,2020-03-31,14,-0.3044,-0.306,-0.2872
126664,DE40F,Prignitz,2020-03-01,9,0.0238,0.0623,0.048
126665,DE40F,Prignitz,2020-03-02,10,0.0747,0.0622,0.0666
126666,DE40F,Prignitz,2020-03-03,10,0.0726,0.0484,0.0666
126667,DE40F,Prignitz,2020-03-04,10,0.087,0.0569,0.0666
126668,DE40F,Prignitz,2020-03-05,10,0.0391,0.0713,0.0666
126669,DE40F,Prignitz,2020-03-06,10,0.0134,0.0674,0.0666
126670,DE40F,Prignitz,2020-03-07,10,0.0874,0.0608,0.0666
126671,DE40F,Prignitz,2020-03-08,10,0.1252,0.0593,0.0666
126672,DE40F,Prignitz,2020-03-09,11,0.0472,0.0598,0.04
126673,DE40F,Prignitz,2020-03-10,11,0.0261,0.0631,0.04
126674,DE40F,Prignitz,2020-03-11,11,0.0769,0.0581,0.04
126675,DE40F,Prignitz,2020-03-12,11,0.0423,0.0359,0.04
126676,DE40F,Prignitz,2020-03-13,11,0.0365,0.0382,0.04
126677,DE40F,Prignitz,2020-03-14,11,0.0523,0.0414,0.04
126678,DE40F,Prignitz,2020-03-15,11,-0.03,0.0205,0.04
126679,DE40F,Prignitz,2020-03-16,12,0.0633,-0.0039,-0.0929
126680,DE40F,Prignitz,2020-03-17,12,0.0481,-0.0302,-0.0929
126681,DE40F,Prignitz,2020-03-18,12,-0.0694,-0.076,-0.0929
126682,DE40F,Prignitz,2020-03-19,12,-0.1285,-0.108,-0.0929
126683,DE40F,Prignitz,2020-03-20,12,-0.147,-0.1455,-0.0929
126684,DE40F,Prignitz,2020-03-21,12,-0.2683,-0.1815,-0.0929
126685,DE40F,Prignitz,2020-03-22,12,-0.254,-0.1978,-0.0929
126686,DE40F,Prignitz,2020-03-23,13,-0.1993,-0.2112,-0.2262
126687,DE40F,Prignitz,2020-03-24,13,-0.204,-0.2161,-0.2262
126688,DE40F,Prignitz,2020-03-25,13,-0.1832,-0.2139,-0.2262
126689,DE40F,Prignitz,2020-03-26,13,-0.2229,-0.2415,-0.2262
126690,DE40F,Prignitz,2020-03-27,13,-0.1808,-0.2457,-0.2262
126691,DE40F,Prignitz,2020-03-28,13,-0.2529,-0.2377,-0.2262
126692,DE40F,Prignitz,2020-03-29,13,-0.4474,-0.2242,-0.2262
126693,DE40F,Prignitz,2020-03-30,14,-0.2288,-0.222,-0.2066
126694,DE40F,Prignitz,2020-03-31,14,-0.1477,-0.2161,-0.2066
127481,DE40G,Spree-Neiße,2020-03-01,9,-0.0923,0.0011,0.0066
127482,DE40G,Spree-Neiße,2020-03-02,10,0.0496,-0.0014,-0.0046
127483,DE40G,Spree-Neiße,2020-03-03,10,0.0049,-0.0098,-0.0046
127484,DE40G,Spree-Neiße,2020-03-04,10,0.0208,-0.0161,-0.0046
127485,DE40G,Spree-Neiße,2020-03-05,10,0.0171,-0.0102,-0.0046
127486,DE40G,Spree-Neiße,2020-03-06,10,-0.0175,-0.0171,-0.0046
127487,DE40G,Spree-Neiße,2020-03-07,10,-0.0954,-0.0194,-0.0046
127488,DE40G,Spree-Neiße,2020-03-08,10,-0.051,-0.0192,-0.0046
127489,DE40G,Spree-Neiße,2020-03-09,11,0.001,-0.0213,-0.0351
127490,DE40G,Spree-Neiße,2020-03-10,11,-0.0106,-0.0216,-0.0351
127491,DE40G,Spree-Neiße,2020-03-11,11,0.0223,-0.0131,-0.0351
127492,DE40G,Spree-Neiße,2020-03-12,11,0.0018,-0.0476,-0.0351
127493,DE40G,Spree-Neiße,2020-03-13,11,-0.0193,-0.0588,-0.0351
127494,DE40G,Spree-Neiße,2020-03-14,11,-0.0356,-0.0657,-0.0351
127495,DE40G,Spree-Neiße,2020-03-15,11,-0.2929,-0.0625,-0.0351
127496,DE40G,Spree-Neiße,2020-03-16,12,-0.0769,-0.0809,-0.1859
127497,DE40G,Spree-Neiße,2020-03-17,12,-0.0592,-0.1196,-0.1859
127498,DE40G,Spree-Neiße,2020-03-18,12,0.0443,-0.176,-0.1859
127499,DE40G,Spree-Neiße,2020-03-19,12,-0.1269,-0.2114,-0.1859
127500,DE40G,Spree-Neiße,2020-03-20,12,-0.2903,-0.2439,-0.1859
127501,DE40G,Spree-Neiße,2020-03-21,12,-0.4303,-0.2816,-0.1859
127502,DE40G,Spree-Neiße,2020-03-22,12,-0.5405,-0.3311,-0.1859
127503,DE40G,Spree-Neiße,2020-03-23,13,-0.3045,-0.3522,-0.3536
127504,DE40G,Spree-Neiße,2020-03-24,13,-0.3232,-0.3584,-0.3536
127505,DE40G,Spree-Neiße,2020-03-25,13,-0.302,-0.355,-0.3536
127506,DE40G,Spree-Neiße,2020-03-26,13,-0.2745,-0.3696,-0.3536
127507,DE40G,Spree-Neiße,2020-03-27,13,-0.3338,-0.3737,-0.3536
127508,DE40G,Spree-Neiße,2020-03-28,13,-0.4063,-0.3767,-0.3536
127509,DE40G,Spree-Neiße,2020-03-29,13,-0.6427,-0.374,-0.3536
127510,DE40G,Spree-Neiße,2020-03-30,14,-0.3331,-0.3732,-0.3265
127511,DE40G,Spree-Neiße,2020-03-31,14,-0.3444,-0.3596,-0.3265
128298,DE40H,Teltow-Fläming,2020-03-01,9,-0.0674,-0.0597,-0.0532
128299,DE40H,Teltow-Fläming,2020-03-02,10,-0.0402,-0.0547,-0.0478
128300,DE40H,Teltow-Fläming,2020-03-03,10,-0.0715,-0.0541,-0.0478
128301,DE40H,Teltow-Fläming,2020-03-04,10,-0.0411,-0.0531,-0.0478
128302,DE40H,Teltow-Fläming,2020-03-05,10,-0.0291,-0.0475,-0.0478
128303,DE40H,Teltow-Fläming,2020-03-06,10,-0.0441,-0.0452,-0.0478
128304,DE40H,Teltow-Fläming,2020-03-07,10,-0.0784,-0.0438,-0.0478
128305,DE40H,Teltow-Fläming,2020-03-08,10,-0.0282,-0.0452,-0.0478
128306,DE40H,Teltow-Fläming,2020-03-09,11,-0.024,-0.0487,-0.0593
128307,DE40H,Teltow-Fläming,2020-03-10,11,-0.0614,-0.052,-0.0593
128308,DE40H,Teltow-Fläming,2020-03-11,11,-0.051,-0.0513,-0.0593
128309,DE40H,Teltow-Fläming,2020-03-12,11,-0.0533,-0.0628,-0.0593
128310,DE40H,Teltow-Fläming,2020-03-13,11,-0.0675,-0.0664,-0.0593
128311,DE40H,Teltow-Fläming,2020-03-14,11,-0.0735,-0.0734,-0.0593
128312,DE40H,Teltow-Fläming,2020-03-15,11,-0.1085,-0.0895,-0.0593
128313,DE40H,Teltow-Fläming,2020-03-16,12,-0.0494,-0.1138,-0.1984
128314,DE40H,Teltow-Fläming,2020-03-17,12,-0.1103,-0.1432,-0.1984
128315,DE40H,Teltow-Fläming,2020-03-18,12,-0.1641,-0.1787,-0.1984
128316,DE40H,Teltow-Fläming,2020-03-19,12,-0.2231,-0.2098,-0.1984
128317,DE40H,Teltow-Fläming,2020-03-20,12,-0.2733,-0.2435,-0.1984
128318,DE40H,Teltow-Fläming,2020-03-21,12,-0.3225,-0.2734,-0.1984
128319,DE40H,Teltow-Fläming,2020-03-22,12,-0.3257,-0.2947,-0.1984
128320,DE40H,Teltow-Fläming,2020-03-23,13,-0.2858,-0.3035,-0.3169
128321,DE40H,Teltow-Fläming,2020-03-24,13,-0.3196,-0.307,-0.3169
128322,DE40H,Teltow-Fläming,2020-03-25,13,-0.3128,-0.3006,-0.3169
128323,DE40H,Teltow-Fläming,2020-03-26,13,-0.2851,-0.3294,-0.3169
128324,DE40H,Teltow-Fläming,2020-03-27,13,-0.2977,-0.3329,-0.3169
128325,DE40H,Teltow-Fläming,2020-03-28,13,-0.278,-0.3308,-0.3169
128326,DE40H,Teltow-Fläming,2020-03-29,13,-0.5266,-0.3224,-0.3169
128327,DE40H,Teltow-Fläming,2020-03-30,14,-0.3103,-0.3172,-0.2607
128328,DE40H,Teltow-Fläming,2020-03-31,14,-0.3054,-0.2989,-0.2607
129115,DE40I,Uckermark,2020-03-01,9,-0.1017,-0.0574,-0.0813
129116,DE40I,Uckermark,2020-03-02,10,0.001,-0.0538,-0.0634
129117,DE40I,Uckermark,2020-03-03,10,-0.027,-0.0607,-0.0634
129118,DE40I,Uckermark,2020-03-04,10,-0.0385,-0.0728,-0.0634
129119,DE40I,Uckermark,2020-03-05,10,-0.0487,-0.0645,-0.0634
129120,DE40I,Uckermark,2020-03-06,10,-0.0959,-0.066,-0.0634
129121,DE40I,Uckermark,2020-03-07,10,-0.1986,-0.0671,-0.0634
129122,DE40I,Uckermark,2020-03-08,10,-0.0435,-0.0693,-0.0634
129123,DE40I,Uckermark,2020-03-09,11,-0.0096,-0.0744,-0.0818
129124,DE40I,Uckermark,2020-03-10,11,-0.0353,-0.0724,-0.0818
129125,DE40I,Uckermark,2020-03-11,11,-0.0537,-0.0601,-0.0818
129126,DE40I,Uckermark,2020-03-12,11,-0.0846,-0.0935,-0.0818
129127,DE40I,Uckermark,2020-03-13,11,-0.0819,-0.0981,-0.0818
129128,DE40I,Uckermark,2020-03-14,11,-0.1121,-0.0969,-0.0818
129129,DE40I,Uckermark,2020-03-15,11,-0.2776,-0.0695,-0.0818
129130,DE40I,Uckermark,2020-03-16,12,-0.0413,-0.0582,-0.1425
129131,DE40I,Uckermark,2020-03-17,12,-0.0269,-0.0907,-0.1425
129132,DE40I,Uckermark,2020-03-18,12,0.1378,-0.1438,-0.1425
129133,DE40I,Uckermark,2020-03-19,12,-0.0057,-0.1648,-0.1425
129134,DE40I,Uckermark,2020-03-20,12,-0.3094,-0.1943,-0.1425
129135,DE40I,Uckermark,2020-03-21,12,-0.4832,-0.2325,-0.1425
129136,DE40I,Uckermark,2020-03-22,12,-0.4248,-0.2944,-0.1425
129137,DE40I,Uckermark,2020-03-23,13,-0.2476,-0.3384,-0.3557
129138,DE40I,Uckermark,2020-03-24,13,-0.2943,-0.3464,-0.3557
129139,DE40I,Uckermark,2020-03-25,13,-0.2959,-0.3461,-0.3557
129140,DE40I,Uckermark,2020-03-26,13,-0.3139,-0.3729,-0.3557
129141,DE40I,Uckermark,2020-03-27,13,-0.3653,-0.3864,-0.3557
129142,DE40I,Uckermark,2020-03-28,13,-0.4811,-0.3973,-0.3557
129143,DE40I,Uckermark,2020-03-29,13,-0.612,-0.4163,-0.3557
129144,DE40I,Uckermark,2020-03-30,14,-0.3425,-0.4311,-0.4228
129145,DE40I,Uckermark,2020-03-31,14,-0.3704,-0.431,-0.4228
129932,DE501,"Bremen, Kreisfreie Stadt",2020-03-01,9,0.0391,0.0176,0.0315
129933,DE501,"Bremen, Kreisfreie Stadt",2020-03-02,10,-0.0256,0.0163,-0.0097
129934,DE501,"Bremen, Kreisfreie Stadt",2020-03-03,10,-0.0229,0.001,-0.0097
129935,DE501,"Bremen, Kreisfreie Stadt",2020-03-04,10,0.0047,-0.0039,-0.0097
129936,DE501,"Bremen, Kreisfreie Stadt",2020-03-05,10,0.0042,-0.0072,-0.0097
129937,DE501,"Bremen, Kreisfreie Stadt",2020-03-06,10,-0.0426,0.0006,-0.0097
129938,DE501,"Bremen, Kreisfreie Stadt",2020-03-07,10,0.0162,-0.0028,-0.0097
129939,DE501,"Bremen, Kreisfreie Stadt",2020-03-08,10,0.0154,-0.0049,-0.0097
129940,DE501,"Bremen, Kreisfreie Stadt",2020-03-09,11,0.0291,-0.0095,-0.05
129941,DE501,"Bremen, Kreisfreie Stadt",2020-03-10,11,-0.0466,-0.0157,-0.05
129942,DE501,"Bremen, Kreisfreie Stadt",2020-03-11,11,-0.01,-0.0331,-0.05
129943,DE501,"Bremen, Kreisfreie Stadt",2020-03-12,11,-0.0278,-0.0577,-0.05
129944,DE501,"Bremen, Kreisfreie Stadt",2020-03-13,11,-0.0862,-0.0784,-0.05
129945,DE501,"Bremen, Kreisfreie Stadt",2020-03-14,11,-0.1055,-0.1017,-0.05
129946,DE501,"Bremen, Kreisfreie Stadt",2020-03-15,11,-0.1571,-0.139,-0.05
129947,DE501,"Bremen, Kreisfreie Stadt",2020-03-16,12,-0.1154,-0.1837,-0.2988
129948,DE501,"Bremen, Kreisfreie Stadt",2020-03-17,12,-0.2101,-0.2249,-0.2988
129949,DE501,"Bremen, Kreisfreie Stadt",2020-03-18,12,-0.2711,-0.2721,-0.2988
129950,DE501,"Bremen, Kreisfreie Stadt",2020-03-19,12,-0.3403,-0.308,-0.2988
129951,DE501,"Bremen, Kreisfreie Stadt",2020-03-20,12,-0.3745,-0.3475,-0.2988
129952,DE501,"Bremen, Kreisfreie Stadt",2020-03-21,12,-0.4363,-0.3766,-0.2988
129953,DE501,"Bremen, Kreisfreie Stadt",2020-03-22,12,-0.4086,-0.3956,-0.2988
129954,DE501,"Bremen, Kreisfreie Stadt",2020-03-23,13,-0.3912,-0.4047,-0.4199
129955,DE501,"Bremen, Kreisfreie Stadt",2020-03-24,13,-0.414,-0.4107,-0.4199
129956,DE501,"Bremen, Kreisfreie Stadt",2020-03-25,13,-0.4045,-0.4096,-0.4199
129957,DE501,"Bremen, Kreisfreie Stadt",2020-03-26,13,-0.4039,-0.4273,-0.4199
129958,DE501,"Bremen, Kreisfreie Stadt",2020-03-27,13,-0.4165,-0.4321,-0.4199
129959,DE501,"Bremen, Kreisfreie Stadt",2020-03-28,13,-0.4286,-0.4279,-0.4199
129960,DE501,"Bremen, Kreisfreie Stadt",2020-03-29,13,-0.5323,-0.4315,-0.4199
129961,DE501,"Bremen, Kreisfreie Stadt",2020-03-30,14,-0.4246,-0.4327,-0.4016
129962,DE501,"Bremen, Kreisfreie Stadt",2020-03-31,14,-0.3849,-0.4228,-0.4016
130749,DE502,"Bremerhaven, Kreisfreie Stadt",2020-03-01,9,0.0747,0.0638,0.0737
130750,DE502,"Bremerhaven, Kreisfreie Stadt",2020-03-02,10,0.0288,0.062,0.0314
130751,DE502,"Bremerhaven, Kreisfreie Stadt",2020-03-03,10,0.0212,0.0442,0.0314
130752,DE502,"Bremerhaven, Kreisfreie Stadt",2020-03-04,10,0.036,0.0385,0.0314
130753,DE502,"Bremerhaven, Kreisfreie Stadt",2020-03-05,10,0.0342,0.0327,0.0314
130754,DE502,"Bremerhaven, Kreisfreie Stadt",2020-03-06,10,0.0089,0.0352,0.0314
130755,DE502,"Bremerhaven, Kreisfreie Stadt",2020-03-07,10,0.0654,0.0308,0.0314
130756,DE502,"Bremerhaven, Kreisfreie Stadt",2020-03-08,10,0.0341,0.0322,0.0314
130757,DE502,"Bremerhaven, Kreisfreie Stadt",2020-03-09,11,0.0468,0.0279,-0.005
130758,DE502,"Bremerhaven, Kreisfreie Stadt",2020-03-10,11,-0.0098,0.0227,-0.005
130759,DE502,"Bremerhaven, Kreisfreie Stadt",2020-03-11,11,0.0461,0.0092,-0.005
130760,DE502,"Bremerhaven, Kreisfreie Stadt",2020-03-12,11,0.0039,-0.0125,-0.005
130761,DE502,"Bremerhaven, Kreisfreie Stadt",2020-03-13,11,-0.0279,-0.0346,-0.005
130762,DE502,"Bremerhaven, Kreisfreie Stadt",2020-03-14,11,-0.0289,-0.0595,-0.005
130763,DE502,"Bremerhaven, Kreisfreie Stadt",2020-03-15,11,-0.1179,-0.0978,-0.005
130764,DE502,"Bremerhaven, Kreisfreie Stadt",2020-03-16,12,-0.108,-0.1384,-0.2533
130765,DE502,"Bremerhaven, Kreisfreie Stadt",2020-03-17,12,-0.1836,-0.1801,-0.2533
130766,DE502,"Bremerhaven, Kreisfreie Stadt",2020-03-18,12,-0.2224,-0.2275,-0.2533
130767,DE502,"Bremerhaven, Kreisfreie Stadt",2020-03-19,12,-0.2804,-0.2622,-0.2533
130768,DE502,"Bremerhaven, Kreisfreie Stadt",2020-03-20,12,-0.3198,-0.2924,-0.2533
130769,DE502,"Bremerhaven, Kreisfreie Stadt",2020-03-21,12,-0.3607,-0.3129,-0.2533
130770,DE502,"Bremerhaven, Kreisfreie Stadt",2020-03-22,12,-0.3605,-0.3287,-0.2533
130771,DE502,"Bremerhaven, Kreisfreie Stadt",2020-03-23,13,-0.3195,-0.3384,-0.3526
130772,DE502,"Bremerhaven, Kreisfreie Stadt",2020-03-24,13,-0.327,-0.3438,-0.3526
130773,DE502,"Bremerhaven, Kreisfreie Stadt",2020-03-25,13,-0.333,-0.3456,-0.3526
130774,DE502,"Bremerhaven, Kreisfreie Stadt",2020-03-26,13,-0.3482,-0.3599,-0.3526
130775,DE502,"Bremerhaven, Kreisfreie Stadt",2020-03-27,13,-0.3578,-0.366,-0.3526
130776,DE502,"Bremerhaven, Kreisfreie Stadt",2020-03-28,13,-0.3734,-0.3646,-0.3526
130777,DE502,"Bremerhaven, Kreisfreie Stadt",2020-03-29,13,-0.4606,-0.3621,-0.3526
130778,DE502,"Bremerhaven, Kreisfreie Stadt",2020-03-30,14,-0.3621,-0.3602,-0.3217
130779,DE502,"Bremerhaven, Kreisfreie Stadt",2020-03-31,14,-0.3169,-0.3471,-0.3217
131566,DE600,Hamburg,2020-03-01,9,-0.057,-0.0435,0.0081
131567,DE600,Hamburg,2020-03-02,10,-0.1013,-0.0564,-0.0982
131568,DE600,Hamburg,2020-03-03,10,-0.1122,-0.0825,-0.0982
131569,DE600,Hamburg,2020-03-04,10,-0.0798,-0.0922,-0.0982
131570,DE600,Hamburg,2020-03-05,10,-0.081,-0.0971,-0.0982
131571,DE600,Hamburg,2020-03-06,10,-0.1387,-0.0944,-0.0982
131572,DE600,Hamburg,2020-03-07,10,-0.0751,-0.0988,-0.0982
131573,DE600,Hamburg,2020-03-08,10,-0.0913,-0.0997,-0.0982
131574,DE600,Hamburg,2020-03-09,11,-0.0826,-0.1055,-0.1371
131575,DE600,Hamburg,2020-03-10,11,-0.1434,-0.1104,-0.1371
131576,DE600,Hamburg,2020-03-11,11,-0.0856,-0.1225,-0.1371
131577,DE600,Hamburg,2020-03-12,11,-0.1216,-0.1422,-0.1371
131578,DE600,Hamburg,2020-03-13,11,-0.1735,-0.1565,-0.1371
131579,DE600,Hamburg,2020-03-14,11,-0.1596,-0.1781,-0.1371
131580,DE600,Hamburg,2020-03-15,11,-0.229,-0.2136,-0.1371
131581,DE600,Hamburg,2020-03-16,12,-0.1829,-0.2493,-0.3493
131582,DE600,Hamburg,2020-03-17,12,-0.2946,-0.2826,-0.3493
131583,DE600,Hamburg,2020-03-18,12,-0.3338,-0.324,-0.3493
131584,DE600,Hamburg,2020-03-19,12,-0.3717,-0.3563,-0.3493
131585,DE600,Hamburg,2020-03-20,12,-0.4063,-0.3891,-0.3493
131586,DE600,Hamburg,2020-03-21,12,-0.4494,-0.4093,-0.3493
131587,DE600,Hamburg,2020-03-22,12,-0.4552,-0.4224,-0.3493
131588,DE600,Hamburg,2020-03-23,13,-0.4124,-0.43,-0.4392
131589,DE600,Hamburg,2020-03-24,13,-0.4363,-0.4338,-0.4392
131590,DE600,Hamburg,2020-03-25,13,-0.4256,-0.4315,-0.4392
131591,DE600,Hamburg,2020-03-26,13,-0.4247,-0.4453,-0.4392
131592,DE600,Hamburg,2020-03-27,13,-0.4328,-0.449,-0.4392
131593,DE600,Hamburg,2020-03-28,13,-0.4333,-0.4446,-0.4392
131594,DE600,Hamburg,2020-03-29,13,-0.5517,-0.4499,-0.4392
131595,DE600,Hamburg,2020-03-30,14,-0.4388,-0.454,-0.4269
131596,DE600,Hamburg,2020-03-31,14,-0.4055,-0.4469,-0.4269
132383,DE711,"Darmstadt, Kreisfreie Stadt",2020-03-01,9,-0.038,-0.0201,-0.05
132384,DE711,"Darmstadt, Kreisfreie Stadt",2020-03-02,10,-0.0499,-0.0192,-0.0287
132385,DE711,"Darmstadt, Kreisfreie Stadt",2020-03-03,10,-0.0088,-0.0277,-0.0287
132386,DE711,"Darmstadt, Kreisfreie Stadt",2020-03-04,10,-0.0191,-0.0291,-0.0287
132387,DE711,"Darmstadt, Kreisfreie Stadt",2020-03-05,10,-0.0291,-0.028,-0.0287
132388,DE711,"Darmstadt, Kreisfreie Stadt",2020-03-06,10,-0.0555,-0.0173,-0.0287
132389,DE711,"Darmstadt, Kreisfreie Stadt",2020-03-07,10,-0.0032,-0.0287,-0.0287
132390,DE711,"Darmstadt, Kreisfreie Stadt",2020-03-08,10,-0.0307,-0.0363,-0.0287
132391,DE711,"Darmstadt, Kreisfreie Stadt",2020-03-09,11,0.0251,-0.0412,-0.0931
132392,DE711,"Darmstadt, Kreisfreie Stadt",2020-03-10,11,-0.0885,-0.0477,-0.0931
132393,DE711,"Darmstadt, Kreisfreie Stadt",2020-03-11,11,-0.0723,-0.0787,-0.0931
132394,DE711,"Darmstadt, Kreisfreie Stadt",2020-03-12,11,-0.0635,-0.1039,-0.0931
132395,DE711,"Darmstadt, Kreisfreie Stadt",2020-03-13,11,-0.1009,-0.1383,-0.0931
132396,DE711,"Darmstadt, Kreisfreie Stadt",2020-03-14,11,-0.22,-0.175,-0.0931
132397,DE711,"Darmstadt, Kreisfreie Stadt",2020-03-15,11,-0.2075,-0.2262,-0.0931
132398,DE711,"Darmstadt, Kreisfreie Stadt",2020-03-16,12,-0.2155,-0.2825,-0.4344
132399,DE711,"Darmstadt, Kreisfreie Stadt",2020-03-17,12,-0.3456,-0.3386,-0.4344
132400,DE711,"Darmstadt, Kreisfreie Stadt",2020-03-18,12,-0.4301,-0.3961,-0.4344
132401,DE711,"Darmstadt, Kreisfreie Stadt",2020-03-19,12,-0.4576,-0.4469,-0.4344
132402,DE711,"Darmstadt, Kreisfreie Stadt",2020-03-20,12,-0.4939,-0.4912,-0.4344
132403,DE711,"Darmstadt, Kreisfreie Stadt",2020-03-21,12,-0.6224,-0.5211,-0.4344
132404,DE711,"Darmstadt, Kreisfreie Stadt",2020-03-22,12,-0.563,-0.539,-0.4344
132405,DE711,"Darmstadt, Kreisfreie Stadt",2020-03-23,13,-0.5255,-0.5531,-0.5538
132406,DE711,"Darmstadt, Kreisfreie Stadt",2020-03-24,13,-0.5552,-0.5596,-0.5538
132407,DE711,"Darmstadt, Kreisfreie Stadt",2020-03-25,13,-0.5557,-0.5474,-0.5538
132408,DE711,"Darmstadt, Kreisfreie Stadt",2020-03-26,13,-0.556,-0.5591,-0.5538
132409,DE711,"Darmstadt, Kreisfreie Stadt",2020-03-27,13,-0.5393,-0.5561,-0.5538
132410,DE711,"Darmstadt, Kreisfreie Stadt",2020-03-28,13,-0.5373,-0.5516,-0.5538
132411,DE711,"Darmstadt, Kreisfreie Stadt",2020-03-29,13,-0.6446,-0.5437,-0.5538
132412,DE711,"Darmstadt, Kreisfreie Stadt",2020-03-30,14,-0.5047,-0.5317,-0.4796
132413,DE711,"Darmstadt, Kreisfreie Stadt",2020-03-31,14,-0.5234,-0.5146,-0.4796
133200,DE712,"Frankfurt am Main, Kreisfreie Stadt",2020-03-01,9,-0.0337,-0.0321,-0.0285
133201,DE712,"Frankfurt am Main, Kreisfreie Stadt",2020-03-02,10,-0.0596,-0.036,-0.0512
133202,DE712,"Frankfurt am Main, Kreisfreie Stadt",2020-03-03,10,-0.0446,-0.0443,-0.0512
133203,DE712,"Frankfurt am Main, Kreisfreie Stadt",2020-03-04,10,-0.0196,-0.0483,-0.0512
133204,DE712,"Frankfurt am Main, Kreisfreie Stadt",2020-03-05,10,-0.0583,-0.0519,-0.0512
133205,DE712,"Frankfurt am Main, Kreisfreie Stadt",2020-03-06,10,-0.0605,-0.046,-0.0512
133206,DE712,"Frankfurt am Main, Kreisfreie Stadt",2020-03-07,10,-0.0619,-0.0565,-0.0512
133207,DE712,"Frankfurt am Main, Kreisfreie Stadt",2020-03-08,10,-0.0589,-0.0676,-0.0512
133208,DE712,"Frankfurt am Main, Kreisfreie Stadt",2020-03-09,11,-0.0183,-0.0714,-0.1134
133209,DE712,"Frankfurt am Main, Kreisfreie Stadt",2020-03-10,11,-0.1181,-0.0765,-0.1134
133210,DE712,"Frankfurt am Main, Kreisfreie Stadt",2020-03-11,11,-0.0975,-0.0997,-0.1134
133211,DE712,"Frankfurt am Main, Kreisfreie Stadt",2020-03-12,11,-0.0845,-0.121,-0.1134
133212,DE712,"Frankfurt am Main, Kreisfreie Stadt",2020-03-13,11,-0.0964,-0.1479,-0.1134
133213,DE712,"Frankfurt am Main, Kreisfreie Stadt",2020-03-14,11,-0.2245,-0.1771,-0.1134
133214,DE712,"Frankfurt am Main, Kreisfreie Stadt",2020-03-15,11,-0.208,-0.2192,-0.1134
133215,DE712,"Frankfurt am Main, Kreisfreie Stadt",2020-03-16,12,-0.2061,-0.2677,-0.4003
133216,DE712,"Frankfurt am Main, Kreisfreie Stadt",2020-03-17,12,-0.3231,-0.3179,-0.4003
133217,DE712,"Frankfurt am Main, Kreisfreie Stadt",2020-03-18,12,-0.3922,-0.3654,-0.4003
133218,DE712,"Frankfurt am Main, Kreisfreie Stadt",2020-03-19,12,-0.4235,-0.4092,-0.4003
133219,DE712,"Frankfurt am Main, Kreisfreie Stadt",2020-03-20,12,-0.448,-0.4503,-0.4003
133220,DE712,"Frankfurt am Main, Kreisfreie Stadt",2020-03-21,12,-0.5566,-0.4792,-0.4003
133221,DE712,"Frankfurt am Main, Kreisfreie Stadt",2020-03-22,12,-0.5147,-0.4984,-0.4003
133222,DE712,"Frankfurt am Main, Kreisfreie Stadt",2020-03-23,13,-0.4941,-0.5137,-0.5235
133223,DE712,"Frankfurt am Main, Kreisfreie Stadt",2020-03-24,13,-0.5251,-0.5217,-0.5235
133224,DE712,"Frankfurt am Main, Kreisfreie Stadt",2020-03-25,13,-0.5269,-0.5141,-0.5235
133225,DE712,"Frankfurt am Main, Kreisfreie Stadt",2020-03-26,13,-0.5305,-0.5277,-0.5235
133226,DE712,"Frankfurt am Main, Kreisfreie Stadt",2020-03-27,13,-0.5043,-0.5274,-0.5235
133227,DE712,"Frankfurt am Main, Kreisfreie Stadt",2020-03-28,13,-0.5031,-0.5254,-0.5235
133228,DE712,"Frankfurt am Main, Kreisfreie Stadt",2020-03-29,13,-0.61,-0.521,-0.5235
133229,DE712,"Frankfurt am Main, Kreisfreie Stadt",2020-03-30,14,-0.4917,-0.5117,-0.4698
133230,DE712,"Frankfurt am Main, Kreisfreie Stadt",2020-03-31,14,-0.511,-0.5001,-0.4698
134017,DE713,"Offenbach am Main, Kreisfreie Stadt",2020-03-01,9,0.0266,0.0048,-0.009
134018,DE713,"Offenbach am Main, Kreisfreie Stadt",2020-03-02,10,-0.0211,0.0052,-0.0051
134019,DE713,"Offenbach am Main, Kreisfreie Stadt",2020-03-03,10,0.0045,-0.0054,-0.0051
134020,DE713,"Offenbach am Main, Kreisfreie Stadt",2020-03-04,10,-0.0071,-0.009,-0.0051
134021,DE713,"Offenbach am Main, Kreisfreie Stadt",2020-03-05,10,0.0011,-0.0009,-0.0051
134022,DE713,"Offenbach am Main, Kreisfreie Stadt",2020-03-06,10,-0.038,0.0077,-0.0051
134023,DE713,"Offenbach am Main, Kreisfreie Stadt",2020-03-07,10,-0.0291,-0.002,-0.0051
134024,DE713,"Offenbach am Main, Kreisfreie Stadt",2020-03-08,10,0.0835,-0.0121,-0.0051
134025,DE713,"Offenbach am Main, Kreisfreie Stadt",2020-03-09,11,0.0387,-0.0154,-0.0572
134026,DE713,"Offenbach am Main, Kreisfreie Stadt",2020-03-10,11,-0.063,-0.0158,-0.0572
134027,DE713,"Offenbach am Main, Kreisfreie Stadt",2020-03-11,11,-0.0782,-0.031,-0.0572
134028,DE713,"Offenbach am Main, Kreisfreie Stadt",2020-03-12,11,-0.0219,-0.0616,-0.0572
134029,DE713,"Offenbach am Main, Kreisfreie Stadt",2020-03-13,11,-0.0406,-0.081,-0.0572
134030,DE713,"Offenbach am Main, Kreisfreie Stadt",2020-03-14,11,-0.1353,-0.1017,-0.0572
134031,DE713,"Offenbach am Main, Kreisfreie Stadt",2020-03-15,11,-0.1305,-0.1315,-0.0572
134032,DE713,"Offenbach am Main, Kreisfreie Stadt",2020-03-16,12,-0.0978,-0.1721,-0.3014
134033,DE713,"Offenbach am Main, Kreisfreie Stadt",2020-03-17,12,-0.2079,-0.2173,-0.3014
134034,DE713,"Offenbach am Main, Kreisfreie Stadt",2020-03-18,12,-0.2862,-0.2638,-0.3014
134035,DE713,"Offenbach am Main, Kreisfreie Stadt",2020-03-19,12,-0.3064,-0.3093,-0.3014
134036,DE713,"Offenbach am Main, Kreisfreie Stadt",2020-03-20,12,-0.3571,-0.3513,-0.3014
134037,DE713,"Offenbach am Main, Kreisfreie Stadt",2020-03-21,12,-0.4608,-0.3811,-0.3014
134038,DE713,"Offenbach am Main, Kreisfreie Stadt",2020-03-22,12,-0.449,-0.4022,-0.3014
134039,DE713,"Offenbach am Main, Kreisfreie Stadt",2020-03-23,13,-0.3918,-0.4191,-0.4237
134040,DE713,"Offenbach am Main, Kreisfreie Stadt",2020-03-24,13,-0.4168,-0.4267,-0.4237
134041,DE713,"Offenbach am Main, Kreisfreie Stadt",2020-03-25,13,-0.4334,-0.4166,-0.4237
134042,DE713,"Offenbach am Main, Kreisfreie Stadt",2020-03-26,13,-0.4247,-0.4286,-0.4237
134043,DE713,"Offenbach am Main, Kreisfreie Stadt",2020-03-27,13,-0.4104,-0.4255,-0.4237
134044,DE713,"Offenbach am Main, Kreisfreie Stadt",2020-03-28,13,-0.3898,-0.4211,-0.4237
134045,DE713,"Offenbach am Main, Kreisfreie Stadt",2020-03-29,13,-0.5331,-0.4094,-0.4237
134046,DE713,"Offenbach am Main, Kreisfreie Stadt",2020-03-30,14,-0.3704,-0.3892,-0.3215
134047,DE713,"Offenbach am Main, Kreisfreie Stadt",2020-03-31,14,-0.3857,-0.3662,-0.3215
134834,DE714,"Wiesbaden, Kreisfreie Stadt",2020-03-01,9,0.0837,0.0661,0.0126
134835,DE714,"Wiesbaden, Kreisfreie Stadt",2020-03-02,10,0.0778,0.0635,0.0547
134836,DE714,"Wiesbaden, Kreisfreie Stadt",2020-03-03,10,0.0799,0.0591,0.0547
134837,DE714,"Wiesbaden, Kreisfreie Stadt",2020-03-04,10,0.0605,0.0587,0.0547
134838,DE714,"Wiesbaden, Kreisfreie Stadt",2020-03-05,10,0.0264,0.0552,0.0547
134839,DE714,"Wiesbaden, Kreisfreie Stadt",2020-03-06,10,0.0357,0.0646,0.0547
134840,DE714,"Wiesbaden, Kreisfreie Stadt",2020-03-07,10,0.0466,0.0568,0.0547
134841,DE714,"Wiesbaden, Kreisfreie Stadt",2020-03-08,10,0.0593,0.0519,0.0547
134842,DE714,"Wiesbaden, Kreisfreie Stadt",2020-03-09,11,0.1437,0.0546,0.0183
134843,DE714,"Wiesbaden, Kreisfreie Stadt",2020-03-10,11,0.0257,0.0516,0.0183
134844,DE714,"Wiesbaden, Kreisfreie Stadt",2020-03-11,11,0.0257,0.031,0.0183
134845,DE714,"Wiesbaden, Kreisfreie Stadt",2020-03-12,11,0.0451,0.0107,0.0183
134846,DE714,"Wiesbaden, Kreisfreie Stadt",2020-03-13,11,0.015,-0.0163,0.0183
134847,DE714,"Wiesbaden, Kreisfreie Stadt",2020-03-14,11,-0.0976,-0.0444,0.0183
134848,DE714,"Wiesbaden, Kreisfreie Stadt",2020-03-15,11,-0.0829,-0.0866,0.0183
134849,DE714,"Wiesbaden, Kreisfreie Stadt",2020-03-16,12,-0.0449,-0.1352,-0.2676
134850,DE714,"Wiesbaden, Kreisfreie Stadt",2020-03-17,12,-0.1713,-0.1858,-0.2676
134851,DE714,"Wiesbaden, Kreisfreie Stadt",2020-03-18,12,-0.27,-0.2339,-0.2676
134852,DE714,"Wiesbaden, Kreisfreie Stadt",2020-03-19,12,-0.2949,-0.275,-0.2676
134853,DE714,"Wiesbaden, Kreisfreie Stadt",2020-03-20,12,-0.3388,-0.3174,-0.2676
134854,DE714,"Wiesbaden, Kreisfreie Stadt",2020-03-21,12,-0.4344,-0.3479,-0.2676
134855,DE714,"Wiesbaden, Kreisfreie Stadt",2020-03-22,12,-0.3706,-0.366,-0.2676
134856,DE714,"Wiesbaden, Kreisfreie Stadt",2020-03-23,13,-0.3417,-0.3808,-0.3847
134857,DE714,"Wiesbaden, Kreisfreie Stadt",2020-03-24,13,-0.3848,-0.3864,-0.3847
134858,DE714,"Wiesbaden, Kreisfreie Stadt",2020-03-25,13,-0.3969,-0.3739,-0.3847
134859,DE714,"Wiesbaden, Kreisfreie Stadt",2020-03-26,13,-0.3982,-0.3886,-0.3847
134860,DE714,"Wiesbaden, Kreisfreie Stadt",2020-03-27,13,-0.3784,-0.3844,-0.3847
134861,DE714,"Wiesbaden, Kreisfreie Stadt",2020-03-28,13,-0.3467,-0.3784,-0.3847
134862,DE714,"Wiesbaden, Kreisfreie Stadt",2020-03-29,13,-0.4732,-0.3683,-0.3847
134863,DE714,"Wiesbaden, Kreisfreie Stadt",2020-03-30,14,-0.3123,-0.3533,-0.3004
134864,DE714,"Wiesbaden, Kreisfreie Stadt",2020-03-31,14,-0.3429,-0.3354,-0.3004
135651,DE715,Bergstraße,2020-03-01,9,-0.0535,-0.0096,-0.0252
135652,DE715,Bergstraße,2020-03-02,10,-0.0128,-0.0103,-0.0211
135653,DE715,Bergstraße,2020-03-03,10,0.0012,-0.0203,-0.0211
135654,DE715,Bergstraße,2020-03-04,10,-0.0059,-0.0227,-0.0211
135655,DE715,Bergstraße,2020-03-05,10,-0.0212,-0.0222,-0.0211
135656,DE715,Bergstraße,2020-03-06,10,-0.0385,-0.015,-0.0211
135657,DE715,Bergstraße,2020-03-07,10,-0.0284,-0.0246,-0.0211
135658,DE715,Bergstraße,2020-03-08,10,-0.05,-0.0294,-0.0211
135659,DE715,Bergstraße,2020-03-09,11,0.038,-0.0303,-0.0515
135660,DE715,Bergstraße,2020-03-10,11,-0.0666,-0.0294,-0.0515
135661,DE715,Bergstraße,2020-03-11,11,-0.0392,-0.0471,-0.0515
135662,DE715,Bergstraße,2020-03-12,11,-0.0272,-0.0549,-0.0515
135663,DE715,Bergstraße,2020-03-13,11,-0.0323,-0.0721,-0.0515
135664,DE715,Bergstraße,2020-03-14,11,-0.1529,-0.0885,-0.0515
135665,DE715,Bergstraße,2020-03-15,11,-0.1039,-0.1168,-0.0515
135666,DE715,Bergstraße,2020-03-16,12,-0.0828,-0.152,-0.2829
135667,DE715,Bergstraße,2020-03-17,12,-0.1813,-0.1915,-0.2829
135668,DE715,Bergstraße,2020-03-18,12,-0.2373,-0.2411,-0.2829
135669,DE715,Bergstraße,2020-03-19,12,-0.2736,-0.2918,-0.2829
135670,DE715,Bergstraße,2020-03-20,12,-0.309,-0.3294,-0.2829
135671,DE715,Bergstraße,2020-03-21,12,-0.5001,-0.3561,-0.2829
135672,DE715,Bergstraße,2020-03-22,12,-0.4586,-0.377,-0.2829
135673,DE715,Bergstraße,2020-03-23,13,-0.3457,-0.3916,-0.39
135674,DE715,Bergstraße,2020-03-24,13,-0.3685,-0.4001,-0.39
135675,DE715,Bergstraße,2020-03-25,13,-0.3836,-0.3826,-0.39
135676,DE715,Bergstraße,2020-03-26,13,-0.3758,-0.3981,-0.39
135677,DE715,Bergstraße,2020-03-27,13,-0.3683,-0.3942,-0.39
135678,DE715,Bergstraße,2020-03-28,13,-0.3778,-0.3897,-0.39
135679,DE715,Bergstraße,2020-03-29,13,-0.5671,-0.3788,-0.39
135680,DE715,Bergstraße,2020-03-30,14,-0.3184,-0.365,-0.3008
135681,DE715,Bergstraße,2020-03-31,14,-0.337,-0.3485,-0.3008
136468,DE716,Darmstadt-Dieburg,2020-03-01,9,-0.0124,0.0099,-0.013
136469,DE716,Darmstadt-Dieburg,2020-03-02,10,0.0105,0.0117,0.0048
136470,DE716,Darmstadt-Dieburg,2020-03-03,10,0.0302,0.0035,0.0048
136471,DE716,Darmstadt-Dieburg,2020-03-04,10,0.0119,0.0011,0.0048
136472,DE716,Darmstadt-Dieburg,2020-03-05,10,0.0117,0.0058,0.0048
136473,DE716,Darmstadt-Dieburg,2020-03-06,10,-0.0241,0.0108,0.0048
136474,DE716,Darmstadt-Dieburg,2020-03-07,10,-0.0201,0.0023,0.0048
136475,DE716,Darmstadt-Dieburg,2020-03-08,10,0.0205,-0.0013,0.0048
136476,DE716,Darmstadt-Dieburg,2020-03-09,11,0.0454,-0.0038,-0.0248
136477,DE716,Darmstadt-Dieburg,2020-03-10,11,-0.029,0.0001,-0.0248
136478,DE716,Darmstadt-Dieburg,2020-03-11,11,-0.0135,-0.015,-0.0248
136479,DE716,Darmstadt-Dieburg,2020-03-12,11,-0.0058,-0.0273,-0.0248
136480,DE716,Darmstadt-Dieburg,2020-03-13,11,0.0032,-0.0402,-0.0248
136481,DE716,Darmstadt-Dieburg,2020-03-14,11,-0.1261,-0.0564,-0.0248
136482,DE716,Darmstadt-Dieburg,2020-03-15,11,-0.0654,-0.0843,-0.0248
136483,DE716,Darmstadt-Dieburg,2020-03-16,12,-0.0447,-0.1173,-0.2548
136484,DE716,Darmstadt-Dieburg,2020-03-17,12,-0.1426,-0.1597,-0.2548
136485,DE716,Darmstadt-Dieburg,2020-03-18,12,-0.2084,-0.2111,-0.2548
136486,DE716,Darmstadt-Dieburg,2020-03-19,12,-0.2368,-0.2628,-0.2548
136487,DE716,Darmstadt-Dieburg,2020-03-20,12,-0.2936,-0.3039,-0.2548
136488,DE716,Darmstadt-Dieburg,2020-03-21,12,-0.4862,-0.3342,-0.2548
136489,DE716,Darmstadt-Dieburg,2020-03-22,12,-0.4274,-0.3558,-0.2548
136490,DE716,Darmstadt-Dieburg,2020-03-23,13,-0.3322,-0.3727,-0.3694
136491,DE716,Darmstadt-Dieburg,2020-03-24,13,-0.3546,-0.38,-0.3694
136492,DE716,Darmstadt-Dieburg,2020-03-25,13,-0.3599,-0.3627,-0.3694
136493,DE716,Darmstadt-Dieburg,2020-03-26,13,-0.355,-0.3771,-0.3694
136494,DE716,Darmstadt-Dieburg,2020-03-27,13,-0.3446,-0.3712,-0.3694
136495,DE716,Darmstadt-Dieburg,2020-03-28,13,-0.365,-0.3646,-0.3694
136496,DE716,Darmstadt-Dieburg,2020-03-29,13,-0.5282,-0.3554,-0.3694
136497,DE716,Darmstadt-Dieburg,2020-03-30,14,-0.2913,-0.3423,-0.2822
136498,DE716,Darmstadt-Dieburg,2020-03-31,14,-0.308,-0.3256,-0.2822
137285,DE717,Groß-Gerau,2020-03-01,9,-0.0485,-0.0202,-0.0418
137286,DE717,Groß-Gerau,2020-03-02,10,-0.0409,-0.0232,-0.0353
137287,DE717,Groß-Gerau,2020-03-03,10,-0.0169,-0.0321,-0.0353
137288,DE717,Groß-Gerau,2020-03-04,10,-0.0158,-0.036,-0.0353
137289,DE717,Groß-Gerau,2020-03-05,10,-0.0483,-0.0359,-0.0353
137290,DE717,Groß-Gerau,2020-03-06,10,-0.046,-0.028,-0.0353
137291,DE717,Groß-Gerau,2020-03-07,10,-0.0355,-0.0357,-0.0353
137292,DE717,Groß-Gerau,2020-03-08,10,-0.0478,-0.0421,-0.0353
137293,DE717,Groß-Gerau,2020-03-09,11,0.0141,-0.0408,-0.0584
137294,DE717,Groß-Gerau,2020-03-10,11,-0.0703,-0.039,-0.0584
137295,DE717,Groß-Gerau,2020-03-11,11,-0.0611,-0.0514,-0.0584
137296,DE717,Groß-Gerau,2020-03-12,11,-0.0393,-0.0636,-0.0584
137297,DE717,Groß-Gerau,2020-03-13,11,-0.0329,-0.0799,-0.0584
137298,DE717,Groß-Gerau,2020-03-14,11,-0.1225,-0.0982,-0.0584
137299,DE717,Groß-Gerau,2020-03-15,11,-0.1328,-0.1277,-0.0584
137300,DE717,Groß-Gerau,2020-03-16,12,-0.1005,-0.164,-0.2853
137301,DE717,Groß-Gerau,2020-03-17,12,-0.198,-0.206,-0.2853
137302,DE717,Groß-Gerau,2020-03-18,12,-0.2678,-0.25,-0.2853
137303,DE717,Groß-Gerau,2020-03-19,12,-0.2936,-0.2959,-0.2853
137304,DE717,Groß-Gerau,2020-03-20,12,-0.3267,-0.3337,-0.2853
137305,DE717,Groß-Gerau,2020-03-21,12,-0.4306,-0.3612,-0.2853
137306,DE717,Groß-Gerau,2020-03-22,12,-0.454,-0.3808,-0.2853
137307,DE717,Groß-Gerau,2020-03-23,13,-0.3653,-0.3981,-0.4103
137308,DE717,Groß-Gerau,2020-03-24,13,-0.3907,-0.4095,-0.4103
137309,DE717,Groß-Gerau,2020-03-25,13,-0.4045,-0.4021,-0.4103
137310,DE717,Groß-Gerau,2020-03-26,13,-0.4148,-0.4172,-0.4103
137311,DE717,Groß-Gerau,2020-03-27,13,-0.4062,-0.4182,-0.4103
137312,DE717,Groß-Gerau,2020-03-28,13,-0.3791,-0.4179,-0.4103
137313,DE717,Groß-Gerau,2020-03-29,13,-0.5599,-0.4119,-0.4103
137314,DE717,Groß-Gerau,2020-03-30,14,-0.3718,-0.3956,-0.3287
137315,DE717,Groß-Gerau,2020-03-31,14,-0.3887,-0.3751,-0.3287
138102,DE718,Hochtaunuskreis,2020-03-01,9,-0.0473,-0.0337,-0.0544
138103,DE718,Hochtaunuskreis,2020-03-02,10,-0.0338,-0.0359,-0.0404
138104,DE718,Hochtaunuskreis,2020-03-03,10,-0.0355,-0.0444,-0.0404
138105,DE718,Hochtaunuskreis,2020-03-04,10,-0.0479,-0.0437,-0.0404
138106,DE718,Hochtaunuskreis,2020-03-05,10,-0.0661,-0.0374,-0.0404
138107,DE718,Hochtaunuskreis,2020-03-06,10,-0.0551,-0.0277,-0.0404
138108,DE718,Hochtaunuskreis,2020-03-07,10,-0.0203,-0.0323,-0.0404
138109,DE718,Hochtaunuskreis,2020-03-08,10,-0.003,-0.0312,-0.0404
138110,DE718,Hochtaunuskreis,2020-03-09,11,0.0341,-0.0223,-0.0274
138111,DE718,Hochtaunuskreis,2020-03-10,11,-0.0679,-0.017,-0.0274
138112,DE718,Hochtaunuskreis,2020-03-11,11,-0.0402,-0.0258,-0.0274
138113,DE718,Hochtaunuskreis,2020-03-12,11,-0.0039,-0.028,-0.0274
138114,DE718,Hochtaunuskreis,2020-03-13,11,-0.0182,-0.0421,-0.0274
138115,DE718,Hochtaunuskreis,2020-03-14,11,-0.0817,-0.0593,-0.0274
138116,DE718,Hochtaunuskreis,2020-03-15,11,-0.0184,-0.0908,-0.0274
138117,DE718,Hochtaunuskreis,2020-03-16,12,-0.0644,-0.1306,-0.2608
138118,DE718,Hochtaunuskreis,2020-03-17,12,-0.1885,-0.1741,-0.2608
138119,DE718,Hochtaunuskreis,2020-03-18,12,-0.2607,-0.2222,-0.2608
138120,DE718,Hochtaunuskreis,2020-03-19,12,-0.2827,-0.2675,-0.2608
138121,DE718,Hochtaunuskreis,2020-03-20,12,-0.3226,-0.308,-0.2608
138122,DE718,Hochtaunuskreis,2020-03-21,12,-0.4183,-0.3359,-0.2608
138123,DE718,Hochtaunuskreis,2020-03-22,12,-0.3353,-0.3531,-0.2608
138124,DE718,Hochtaunuskreis,2020-03-23,13,-0.3481,-0.3672,-0.3708
138125,DE718,Hochtaunuskreis,2020-03-24,13,-0.3833,-0.3729,-0.3708
138126,DE718,Hochtaunuskreis,2020-03-25,13,-0.3812,-0.3567,-0.3708
138127,DE718,Hochtaunuskreis,2020-03-26,13,-0.3817,-0.3739,-0.3708
138128,DE718,Hochtaunuskreis,2020-03-27,13,-0.3624,-0.3699,-0.3708
138129,DE718,Hochtaunuskreis,2020-03-28,13,-0.3047,-0.3655,-0.3708
138130,DE718,Hochtaunuskreis,2020-03-29,13,-0.4563,-0.357,-0.3708
138131,DE718,Hochtaunuskreis,2020-03-30,14,-0.3198,-0.344,-0.2961
138132,DE718,Hochtaunuskreis,2020-03-31,14,-0.3521,-0.3283,-0.2961
138919,DE719,Main-Kinzig-Kreis,2020-03-01,9,-0.0042,-0.0046,-0.028
138920,DE719,Main-Kinzig-Kreis,2020-03-02,10,-0.0185,-0.0031,-0.0081
138921,DE719,Main-Kinzig-Kreis,2020-03-03,10,-0.004,-0.0116,-0.0081
138922,DE719,Main-Kinzig-Kreis,2020-03-04,10,-0.0155,-0.0123,-0.0081
138923,DE719,Main-Kinzig-Kreis,2020-03-05,10,-0.0041,-0.0049,-0.0081
138924,DE719,Main-Kinzig-Kreis,2020-03-06,10,-0.0298,0.0052,-0.0081
138925,DE719,Main-Kinzig-Kreis,2020-03-07,10,-0.0102,-0.0014,-0.0081
138926,DE719,Main-Kinzig-Kreis,2020-03-08,10,0.0479,-0.0055,-0.0081
138927,DE719,Main-Kinzig-Kreis,2020-03-09,11,0.0522,-0.0052,-0.0432
138928,DE719,Main-Kinzig-Kreis,2020-03-10,11,-0.0501,-0.0043,-0.0432
138929,DE719,Main-Kinzig-Kreis,2020-03-11,11,-0.0443,-0.0241,-0.0432
138930,DE719,Main-Kinzig-Kreis,2020-03-12,11,-0.0023,-0.0489,-0.0432
138931,DE719,Main-Kinzig-Kreis,2020-03-13,11,-0.0231,-0.0717,-0.0432
138932,DE719,Main-Kinzig-Kreis,2020-03-14,11,-0.1491,-0.0952,-0.0432
138933,DE719,Main-Kinzig-Kreis,2020-03-15,11,-0.1258,-0.1295,-0.0432
138934,DE719,Main-Kinzig-Kreis,2020-03-16,12,-0.1071,-0.1703,-0.3045
138935,DE719,Main-Kinzig-Kreis,2020-03-17,12,-0.215,-0.2174,-0.3045
138936,DE719,Main-Kinzig-Kreis,2020-03-18,12,-0.2842,-0.2658,-0.3045
138937,DE719,Main-Kinzig-Kreis,2020-03-19,12,-0.2878,-0.314,-0.3045
138938,DE719,Main-Kinzig-Kreis,2020-03-20,12,-0.3531,-0.354,-0.3045
138939,DE719,Main-Kinzig-Kreis,2020-03-21,12,-0.4873,-0.3815,-0.3045
138940,DE719,Main-Kinzig-Kreis,2020-03-22,12,-0.4637,-0.4006,-0.3045
138941,DE719,Main-Kinzig-Kreis,2020-03-23,13,-0.3868,-0.4183,-0.4216
138942,DE719,Main-Kinzig-Kreis,2020-03-24,13,-0.408,-0.4261,-0.4216
138943,DE719,Main-Kinzig-Kreis,2020-03-25,13,-0.4173,-0.4156,-0.4216
138944,DE719,Main-Kinzig-Kreis,2020-03-26,13,-0.4121,-0.4288,-0.4216
138945,DE719,Main-Kinzig-Kreis,2020-03-27,13,-0.4078,-0.4241,-0.4216
138946,DE719,Main-Kinzig-Kreis,2020-03-28,13,-0.4134,-0.4196,-0.4216
138947,DE719,Main-Kinzig-Kreis,2020-03-29,13,-0.5563,-0.4089,-0.4216
138948,DE719,Main-Kinzig-Kreis,2020-03-30,14,-0.3536,-0.3936,-0.3361
138949,DE719,Main-Kinzig-Kreis,2020-03-31,14,-0.3769,-0.374,-0.3361
139736,DE71A,Main-Taunus-Kreis,2020-03-01,9,0.0269,-0.0138,-0.0392
139737,DE71A,Main-Taunus-Kreis,2020-03-02,10,-0.0235,-0.0135,-0.0284
139738,DE71A,Main-Taunus-Kreis,2020-03-03,10,-0.0052,-0.0191,-0.0284
139739,DE71A,Main-Taunus-Kreis,2020-03-04,10,-0.0294,-0.0221,-0.0284
139740,DE71A,Main-Taunus-Kreis,2020-03-05,10,-0.0402,-0.0274,-0.0284
139741,DE71A,Main-Taunus-Kreis,2020-03-06,10,-0.0427,-0.0224,-0.0284
139742,DE71A,Main-Taunus-Kreis,2020-03-07,10,-0.0405,-0.0331,-0.0284
139743,DE71A,Main-Taunus-Kreis,2020-03-08,10,-0.0101,-0.0388,-0.0284
139744,DE71A,Main-Taunus-Kreis,2020-03-09,11,0.0115,-0.0408,-0.0653
139745,DE71A,Main-Taunus-Kreis,2020-03-10,11,-0.0802,-0.0427,-0.0653
139746,DE71A,Main-Taunus-Kreis,2020-03-11,11,-0.0696,-0.0576,-0.0653
139747,DE71A,Main-Taunus-Kreis,2020-03-12,11,-0.054,-0.0671,-0.0653
139748,DE71A,Main-Taunus-Kreis,2020-03-13,11,-0.0562,-0.0844,-0.0653
139749,DE71A,Main-Taunus-Kreis,2020-03-14,11,-0.1444,-0.1039,-0.0653
139750,DE71A,Main-Taunus-Kreis,2020-03-15,11,-0.0764,-0.1348,-0.0653
139751,DE71A,Main-Taunus-Kreis,2020-03-16,12,-0.1098,-0.1703,-0.2797
139752,DE71A,Main-Taunus-Kreis,2020-03-17,12,-0.217,-0.2089,-0.2797
139753,DE71A,Main-Taunus-Kreis,2020-03-18,12,-0.2854,-0.2488,-0.2797
139754,DE71A,Main-Taunus-Kreis,2020-03-19,12,-0.3027,-0.2831,-0.2797
139755,DE71A,Main-Taunus-Kreis,2020-03-20,12,-0.3263,-0.3171,-0.2797
139756,DE71A,Main-Taunus-Kreis,2020-03-21,12,-0.4241,-0.3399,-0.2797
139757,DE71A,Main-Taunus-Kreis,2020-03-22,12,-0.3166,-0.3541,-0.2797
139758,DE71A,Main-Taunus-Kreis,2020-03-23,13,-0.3477,-0.3669,-0.3792
139759,DE71A,Main-Taunus-Kreis,2020-03-24,13,-0.3767,-0.375,-0.3792
139760,DE71A,Main-Taunus-Kreis,2020-03-25,13,-0.3847,-0.3642,-0.3792
139761,DE71A,Main-Taunus-Kreis,2020-03-26,13,-0.392,-0.3817,-0.3792
139762,DE71A,Main-Taunus-Kreis,2020-03-27,13,-0.3834,-0.3816,-0.3792
139763,DE71A,Main-Taunus-Kreis,2020-03-28,13,-0.3485,-0.3799,-0.3792
139764,DE71A,Main-Taunus-Kreis,2020-03-29,13,-0.4392,-0.3737,-0.3792
139765,DE71A,Main-Taunus-Kreis,2020-03-30,14,-0.3468,-0.3608,-0.307
139766,DE71A,Main-Taunus-Kreis,2020-03-31,14,-0.3644,-0.3417,-0.307
140553,DE71B,Odenwaldkreis,2020-03-01,9,-0.0248,0.0828,0.0164
140554,DE71B,Odenwaldkreis,2020-03-02,10,0.1554,0.0815,0.077
140555,DE71B,Odenwaldkreis,2020-03-03,10,0.1355,0.068,0.077
140556,DE71B,Odenwaldkreis,2020-03-04,10,0.1011,0.0644,0.077
140557,DE71B,Odenwaldkreis,2020-03-05,10,0.0368,0.077,0.077
140558,DE71B,Odenwaldkreis,2020-03-06,10,0.0193,0.073,0.077
140559,DE71B,Odenwaldkreis,2020-03-07,10,0.0277,0.0665,0.077
140560,DE71B,Odenwaldkreis,2020-03-08,10,0.0636,0.0614,0.077
140561,DE71B,Odenwaldkreis,2020-03-09,11,0.1272,0.0641,0.0663
140562,DE71B,Odenwaldkreis,2020-03-10,11,0.0901,0.0735,0.0663
140563,DE71B,Odenwaldkreis,2020-03-11,11,0.0651,0.0674,0.0663
140564,DE71B,Odenwaldkreis,2020-03-12,11,0.0556,0.0641,0.0663
140565,DE71B,Odenwaldkreis,2020-03-13,11,0.085,0.053,0.0663
140566,DE71B,Odenwaldkreis,2020-03-14,11,-0.0146,0.0265,0.0663
140567,DE71B,Odenwaldkreis,2020-03-15,11,0.0401,-0.0079,0.0663
140568,DE71B,Odenwaldkreis,2020-03-16,12,0.0495,-0.0447,-0.2025
140569,DE71B,Odenwaldkreis,2020-03-17,12,-0.0951,-0.0928,-0.2025
140570,DE71B,Odenwaldkreis,2020-03-18,12,-0.1754,-0.148,-0.2025
140571,DE71B,Odenwaldkreis,2020-03-19,12,-0.2025,-0.2133,-0.2025
140572,DE71B,Odenwaldkreis,2020-03-20,12,-0.2514,-0.2622,-0.2025
140573,DE71B,Odenwaldkreis,2020-03-21,12,-0.4009,-0.2941,-0.2025
140574,DE71B,Odenwaldkreis,2020-03-22,12,-0.4175,-0.3162,-0.2025
140575,DE71B,Odenwaldkreis,2020-03-23,13,-0.2925,-0.3377,-0.3431
140576,DE71B,Odenwaldkreis,2020-03-24,13,-0.3188,-0.3481,-0.3431
140577,DE71B,Odenwaldkreis,2020-03-25,13,-0.3296,-0.3332,-0.3431
140578,DE71B,Odenwaldkreis,2020-03-26,13,-0.3533,-0.3512,-0.3431
140579,DE71B,Odenwaldkreis,2020-03-27,13,-0.324,-0.3471,-0.3431
140580,DE71B,Odenwaldkreis,2020-03-28,13,-0.2968,-0.343,-0.3431
140581,DE71B,Odenwaldkreis,2020-03-29,13,-0.5436,-0.3279,-0.3431
140582,DE71B,Odenwaldkreis,2020-03-30,14,-0.2637,-0.315,-0.2715
140583,DE71B,Odenwaldkreis,2020-03-31,14,-0.2904,-0.3052,-0.2715
141370,DE71C,"Offenbach, Landkreis",2020-03-01,9,0.0041,-0.0079,-0.031
141371,DE71C,"Offenbach, Landkreis",2020-03-02,10,-0.0158,-0.0079,-0.0143
141372,DE71C,"Offenbach, Landkreis",2020-03-03,10,0.001,-0.0133,-0.0143
141373,DE71C,"Offenbach, Landkreis",2020-03-04,10,-0.015,-0.0139,-0.0143
141374,DE71C,"Offenbach, Landkreis",2020-03-05,10,-0.0255,-0.0126,-0.0143
141375,DE71C,"Offenbach, Landkreis",2020-03-06,10,-0.0312,-0.0045,-0.0143
141376,DE71C,"Offenbach, Landkreis",2020-03-07,10,-0.0148,-0.0124,-0.0143
141377,DE71C,"Offenbach, Landkreis",2020-03-08,10,0.0133,-0.0182,-0.0143
141378,DE71C,"Offenbach, Landkreis",2020-03-09,11,0.0407,-0.0191,-0.049
141379,DE71C,"Offenbach, Landkreis",2020-03-10,11,-0.0544,-0.0188,-0.049
141380,DE71C,"Offenbach, Landkreis",2020-03-11,11,-0.0559,-0.0354,-0.049
141381,DE71C,"Offenbach, Landkreis",2020-03-12,11,-0.0319,-0.054,-0.049
141382,DE71C,"Offenbach, Landkreis",2020-03-13,11,-0.0287,-0.0727,-0.049
141383,DE71C,"Offenbach, Landkreis",2020-03-14,11,-0.1312,-0.0926,-0.049
141384,DE71C,"Offenbach, Landkreis",2020-03-15,11,-0.1163,-0.1237,-0.049
141385,DE71C,"Offenbach, Landkreis",2020-03-16,12,-0.0905,-0.1614,-0.2872
141386,DE71C,"Offenbach, Landkreis",2020-03-17,12,-0.1937,-0.2039,-0.2872
141387,DE71C,"Offenbach, Landkreis",2020-03-18,12,-0.2735,-0.2504,-0.2872
141388,DE71C,"Offenbach, Landkreis",2020-03-19,12,-0.2961,-0.2976,-0.2872
141389,DE71C,"Offenbach, Landkreis",2020-03-20,12,-0.3257,-0.3373,-0.2872
141390,DE71C,"Offenbach, Landkreis",2020-03-21,12,-0.4568,-0.3658,-0.2872
141391,DE71C,"Offenbach, Landkreis",2020-03-22,12,-0.4469,-0.3845,-0.2872
141392,DE71C,"Offenbach, Landkreis",2020-03-23,13,-0.3687,-0.3998,-0.4013
141393,DE71C,"Offenbach, Landkreis",2020-03-24,13,-0.3925,-0.4082,-0.4013
141394,DE71C,"Offenbach, Landkreis",2020-03-25,13,-0.405,-0.3953,-0.4013
141395,DE71C,"Offenbach, Landkreis",2020-03-26,13,-0.4029,-0.4081,-0.4013
141396,DE71C,"Offenbach, Landkreis",2020-03-27,13,-0.3848,-0.4042,-0.4013
141397,DE71C,"Offenbach, Landkreis",2020-03-28,13,-0.3665,-0.3992,-0.4013
141398,DE71C,"Offenbach, Landkreis",2020-03-29,13,-0.5366,-0.3901,-0.4013
141399,DE71C,"Offenbach, Landkreis",2020-03-30,14,-0.3413,-0.3773,-0.3279
141400,DE71C,"Offenbach, Landkreis",2020-03-31,14,-0.3576,-0.3611,-0.3279
142187,DE71D,Rheingau-Taunus-Kreis,2020-03-01,9,0.0149,0.0319,-0.0101
142188,DE71D,Rheingau-Taunus-Kreis,2020-03-02,10,0.0662,0.032,0.0259
142189,DE71D,Rheingau-Taunus-Kreis,2020-03-03,10,0.0581,0.0262,0.0259
142190,DE71D,Rheingau-Taunus-Kreis,2020-03-04,10,0.0199,0.0239,0.0259
142191,DE71D,Rheingau-Taunus-Kreis,2020-03-05,10,-0.0055,0.0271,0.0259
142192,DE71D,Rheingau-Taunus-Kreis,2020-03-06,10,-0.0005,0.034,0.0259
142193,DE71D,Rheingau-Taunus-Kreis,2020-03-07,10,0.014,0.0269,0.0259
142194,DE71D,Rheingau-Taunus-Kreis,2020-03-08,10,0.0376,0.0238,0.0259
142195,DE71D,Rheingau-Taunus-Kreis,2020-03-09,11,0.1143,0.0269,0.0076
142196,DE71D,Rheingau-Taunus-Kreis,2020-03-10,11,0.0085,0.0275,0.0076
142197,DE71D,Rheingau-Taunus-Kreis,2020-03-11,11,-0.0018,0.0125,0.0076
142198,DE71D,Rheingau-Taunus-Kreis,2020-03-12,11,0.0161,0.0062,0.0076
142199,DE71D,Rheingau-Taunus-Kreis,2020-03-13,11,0.0041,-0.0145,0.0076
142200,DE71D,Rheingau-Taunus-Kreis,2020-03-14,11,-0.0913,-0.0359,0.0076
142201,DE71D,Rheingau-Taunus-Kreis,2020-03-15,11,-0.0065,-0.069,0.0076
142202,DE71D,Rheingau-Taunus-Kreis,2020-03-16,12,-0.0303,-0.1069,-0.2329
142203,DE71D,Rheingau-Taunus-Kreis,2020-03-17,12,-0.1417,-0.1487,-0.2329
142204,DE71D,Rheingau-Taunus-Kreis,2020-03-18,12,-0.2332,-0.1927,-0.2329
142205,DE71D,Rheingau-Taunus-Kreis,2020-03-19,12,-0.2497,-0.2375,-0.2329
142206,DE71D,Rheingau-Taunus-Kreis,2020-03-20,12,-0.2881,-0.2699,-0.2329
142207,DE71D,Rheingau-Taunus-Kreis,2020-03-21,12,-0.3991,-0.2936,-0.2329
142208,DE71D,Rheingau-Taunus-Kreis,2020-03-22,12,-0.3201,-0.3065,-0.2329
142209,DE71D,Rheingau-Taunus-Kreis,2020-03-23,13,-0.2573,-0.3172,-0.3155
142210,DE71D,Rheingau-Taunus-Kreis,2020-03-24,13,-0.3074,-0.3196,-0.3155
142211,DE71D,Rheingau-Taunus-Kreis,2020-03-25,13,-0.3239,-0.3002,-0.3155
142212,DE71D,Rheingau-Taunus-Kreis,2020-03-26,13,-0.3242,-0.3219,-0.3155
142213,DE71D,Rheingau-Taunus-Kreis,2020-03-27,13,-0.3049,-0.3202,-0.3155
142214,DE71D,Rheingau-Taunus-Kreis,2020-03-28,13,-0.2633,-0.3153,-0.3155
142215,DE71D,Rheingau-Taunus-Kreis,2020-03-29,13,-0.4725,-0.3073,-0.3155
142216,DE71D,Rheingau-Taunus-Kreis,2020-03-30,14,-0.2455,-0.2936,-0.2498
142217,DE71D,Rheingau-Taunus-Kreis,2020-03-31,14,-0.273,-0.2808,-0.2498
143004,DE71E,Wetteraukreis,2020-03-01,9,-0.0147,0.0121,-0.0019
143005,DE71E,Wetteraukreis,2020-03-02,10,0.0169,0.0092,0.0049
143006,DE71E,Wetteraukreis,2020-03-03,10,0.0031,0.0009,0.0049
143007,DE71E,Wetteraukreis,2020-03-04,10,-0.0068,0.0017,0.0049
143008,DE71E,Wetteraukreis,2020-03-05,10,-0.0071,0.0066,0.0049
143009,DE71E,Wetteraukreis,2020-03-06,10,-0.0153,0.0154,0.0049
143010,DE71E,Wetteraukreis,2020-03-07,10,0.0357,0.0117,0.0049
143011,DE71E,Wetteraukreis,2020-03-08,10,0.0199,0.013,0.0049
143012,DE71E,Wetteraukreis,2020-03-09,11,0.0782,0.0165,0.0026
143013,DE71E,Wetteraukreis,2020-03-10,11,-0.0229,0.0192,0.0026
143014,DE71E,Wetteraukreis,2020-03-11,11,0.0022,0.0068,0.0026
143015,DE71E,Wetteraukreis,2020-03-12,11,0.018,0.0004,0.0026
143016,DE71E,Wetteraukreis,2020-03-13,11,0.0035,-0.0154,0.0026
143017,DE71E,Wetteraukreis,2020-03-14,11,-0.0512,-0.0332,0.0026
143018,DE71E,Wetteraukreis,2020-03-15,11,-0.0246,-0.0629,0.0026
143019,DE71E,Wetteraukreis,2020-03-16,12,-0.033,-0.098,-0.2144
143020,DE71E,Wetteraukreis,2020-03-17,12,-0.1469,-0.1374,-0.2144
143021,DE71E,Wetteraukreis,2020-03-18,12,-0.2063,-0.1792,-0.2144
143022,DE71E,Wetteraukreis,2020-03-19,12,-0.2275,-0.2208,-0.2144
143023,DE71E,Wetteraukreis,2020-03-20,12,-0.2723,-0.2568,-0.2144
143024,DE71E,Wetteraukreis,2020-03-21,12,-0.3434,-0.2821,-0.2144
143025,DE71E,Wetteraukreis,2020-03-22,12,-0.3164,-0.2977,-0.2144
143026,DE71E,Wetteraukreis,2020-03-23,13,-0.2847,-0.3106,-0.3145
143027,DE71E,Wetteraukreis,2020-03-24,13,-0.3237,-0.3153,-0.3145
143028,DE71E,Wetteraukreis,2020-03-25,13,-0.3161,-0.3034,-0.3145
143029,DE71E,Wetteraukreis,2020-03-26,13,-0.3173,-0.319,-0.3145
143030,DE71E,Wetteraukreis,2020-03-27,13,-0.3057,-0.3158,-0.3145
143031,DE71E,Wetteraukreis,2020-03-28,13,-0.2596,-0.3112,-0.3145
143032,DE71E,Wetteraukreis,2020-03-29,13,-0.4259,-0.3018,-0.3145
143033,DE71E,Wetteraukreis,2020-03-30,14,-0.2622,-0.2883,-0.236
143034,DE71E,Wetteraukreis,2020-03-31,14,-0.292,-0.2715,-0.236
143821,DE721,"Gießen, Landkreis",2020-03-01,9,-0.003,0.0152,-0.0007
143822,DE721,"Gießen, Landkreis",2020-03-02,10,0.0167,0.0144,0.0042
143823,DE721,"Gießen, Landkreis",2020-03-03,10,0.0281,0.0052,0.0042
143824,DE721,"Gießen, Landkreis",2020-03-04,10,-0.0052,0.0033,0.0042
143825,DE721,"Gießen, Landkreis",2020-03-05,10,-0.0114,0.0048,0.0042
143826,DE721,"Gießen, Landkreis",2020-03-06,10,-0.0135,0.0101,0.0042
143827,DE721,"Gießen, Landkreis",2020-03-07,10,0.0112,0.0034,0.0042
143828,DE721,"Gießen, Landkreis",2020-03-08,10,0.008,0.002,0.0042
143829,DE721,"Gießen, Landkreis",2020-03-09,11,0.0536,0.0035,-0.026
143830,DE721,"Gießen, Landkreis",2020-03-10,11,-0.0186,0.0026,-0.026
143831,DE721,"Gießen, Landkreis",2020-03-11,11,-0.0153,-0.016,-0.026
143832,DE721,"Gießen, Landkreis",2020-03-12,11,-0.0009,-0.0325,-0.026
143833,DE721,"Gießen, Landkreis",2020-03-13,11,-0.0197,-0.0524,-0.026
143834,DE721,"Gießen, Landkreis",2020-03-14,11,-0.1188,-0.0763,-0.026
143835,DE721,"Gießen, Landkreis",2020-03-15,11,-0.1075,-0.1129,-0.026
143836,DE721,"Gießen, Landkreis",2020-03-16,12,-0.0863,-0.1571,-0.287
143837,DE721,"Gießen, Landkreis",2020-03-17,12,-0.1857,-0.2056,-0.287
143838,DE721,"Gießen, Landkreis",2020-03-18,12,-0.2713,-0.2505,-0.287
143839,DE721,"Gießen, Landkreis",2020-03-19,12,-0.3107,-0.2967,-0.287
143840,DE721,"Gießen, Landkreis",2020-03-20,12,-0.3589,-0.3362,-0.287
143841,DE721,"Gießen, Landkreis",2020-03-21,12,-0.4328,-0.3655,-0.287
143842,DE721,"Gießen, Landkreis",2020-03-22,12,-0.431,-0.3839,-0.287
143843,DE721,"Gießen, Landkreis",2020-03-23,13,-0.3629,-0.3966,-0.4008
143844,DE721,"Gießen, Landkreis",2020-03-24,13,-0.3912,-0.4012,-0.4008
143845,DE721,"Gießen, Landkreis",2020-03-25,13,-0.4,-0.3942,-0.4008
143846,DE721,"Gießen, Landkreis",2020-03-26,13,-0.3994,-0.4071,-0.4008
143847,DE721,"Gießen, Landkreis",2020-03-27,13,-0.3911,-0.4054,-0.4008
143848,DE721,"Gießen, Landkreis",2020-03-28,13,-0.3838,-0.4016,-0.4008
143849,DE721,"Gießen, Landkreis",2020-03-29,13,-0.5212,-0.3943,-0.4008
143850,DE721,"Gießen, Landkreis",2020-03-30,14,-0.3508,-0.383,-0.3292
143851,DE721,"Gießen, Landkreis",2020-03-31,14,-0.3645,-0.3666,-0.3292
144638,DE722,Lahn-Dill-Kreis,2020-03-01,9,-0.0517,-0.0052,-0.0282
144639,DE722,Lahn-Dill-Kreis,2020-03-02,10,0.0174,-0.005,-0.0026
144640,DE722,Lahn-Dill-Kreis,2020-03-03,10,0.016,-0.0115,-0.0026
144641,DE722,Lahn-Dill-Kreis,2020-03-04,10,0.0042,-0.0105,-0.0026
144642,DE722,Lahn-Dill-Kreis,2020-03-05,10,-0.0261,-0.0016,-0.0026
144643,DE722,Lahn-Dill-Kreis,2020-03-06,10,-0.0206,0.004,-0.0026
144644,DE722,Lahn-Dill-Kreis,2020-03-07,10,-0.0127,0.0002,-0.0026
144645,DE722,Lahn-Dill-Kreis,2020-03-08,10,0.0106,-0.0031,-0.0026
144646,DE722,Lahn-Dill-Kreis,2020-03-09,11,0.057,0.0006,-0.0241
144647,DE722,Lahn-Dill-Kreis,2020-03-10,11,-0.0111,-0.0015,-0.0241
144648,DE722,Lahn-Dill-Kreis,2020-03-11,11,-0.0185,-0.0169,-0.0241
144649,DE722,Lahn-Dill-Kreis,2020-03-12,11,-0.0008,-0.0291,-0.0241
144650,DE722,Lahn-Dill-Kreis,2020-03-13,11,-0.0349,-0.0499,-0.0241
144651,DE722,Lahn-Dill-Kreis,2020-03-14,11,-0.1202,-0.0737,-0.0241
144652,DE722,Lahn-Dill-Kreis,2020-03-15,11,-0.0749,-0.1087,-0.0241
144653,DE722,Lahn-Dill-Kreis,2020-03-16,12,-0.089,-0.152,-0.2805
144654,DE722,Lahn-Dill-Kreis,2020-03-17,12,-0.1773,-0.197,-0.2805
144655,DE722,Lahn-Dill-Kreis,2020-03-18,12,-0.2639,-0.2417,-0.2805
144656,DE722,Lahn-Dill-Kreis,2020-03-19,12,-0.3038,-0.2907,-0.2805
144657,DE722,Lahn-Dill-Kreis,2020-03-20,12,-0.3496,-0.3288,-0.2805
144658,DE722,Lahn-Dill-Kreis,2020-03-21,12,-0.4333,-0.3586,-0.2805
144659,DE722,Lahn-Dill-Kreis,2020-03-22,12,-0.418,-0.3765,-0.2805
144660,DE722,Lahn-Dill-Kreis,2020-03-23,13,-0.356,-0.3893,-0.3965
144661,DE722,Lahn-Dill-Kreis,2020-03-24,13,-0.3859,-0.3964,-0.3965
144662,DE722,Lahn-Dill-Kreis,2020-03-25,13,-0.3892,-0.3896,-0.3965
144663,DE722,Lahn-Dill-Kreis,2020-03-26,13,-0.3932,-0.4032,-0.3965
144664,DE722,Lahn-Dill-Kreis,2020-03-27,13,-0.3994,-0.4021,-0.3965
144665,DE722,Lahn-Dill-Kreis,2020-03-28,13,-0.3852,-0.3966,-0.3965
144666,DE722,Lahn-Dill-Kreis,2020-03-29,13,-0.5137,-0.3877,-0.3965
144667,DE722,Lahn-Dill-Kreis,2020-03-30,14,-0.3477,-0.3738,-0.3184
144668,DE722,Lahn-Dill-Kreis,2020-03-31,14,-0.348,-0.3545,-0.3184
145455,DE723,Limburg-Weilburg,2020-03-01,9,-0.0705,-0.0241,-0.071
145456,DE723,Limburg-Weilburg,2020-03-02,10,0.012,-0.0215,-0.0182
145457,DE723,Limburg-Weilburg,2020-03-03,10,0.0077,-0.026,-0.0182
145458,DE723,Limburg-Weilburg,2020-03-04,10,-0.0215,-0.0263,-0.0182
145459,DE723,Limburg-Weilburg,2020-03-05,10,-0.0523,-0.0172,-0.0182
145460,DE723,Limburg-Weilburg,2020-03-06,10,-0.0327,-0.0116,-0.0182
145461,DE723,Limburg-Weilburg,2020-03-07,10,-0.027,-0.015,-0.0182
145462,DE723,Limburg-Weilburg,2020-03-08,10,-0.0066,-0.0154,-0.0182
145463,DE723,Limburg-Weilburg,2020-03-09,11,0.0515,-0.0123,-0.0299
145464,DE723,Limburg-Weilburg,2020-03-10,11,-0.0163,-0.0127,-0.0299
145465,DE723,Limburg-Weilburg,2020-03-11,11,-0.0246,-0.022,-0.0299
145466,DE723,Limburg-Weilburg,2020-03-12,11,-0.0307,-0.0336,-0.0299
145467,DE723,Limburg-Weilburg,2020-03-13,11,-0.0354,-0.0518,-0.0299
145468,DE723,Limburg-Weilburg,2020-03-14,11,-0.092,-0.0741,-0.0299
145469,DE723,Limburg-Weilburg,2020-03-15,11,-0.0878,-0.1062,-0.0299
145470,DE723,Limburg-Weilburg,2020-03-16,12,-0.0762,-0.1432,-0.2716
145471,DE723,Limburg-Weilburg,2020-03-17,12,-0.1722,-0.1871,-0.2716
145472,DE723,Limburg-Weilburg,2020-03-18,12,-0.2493,-0.2336,-0.2716
145473,DE723,Limburg-Weilburg,2020-03-19,12,-0.29,-0.2795,-0.2716
145474,DE723,Limburg-Weilburg,2020-03-20,12,-0.3422,-0.3161,-0.2716
145475,DE723,Limburg-Weilburg,2020-03-21,12,-0.4177,-0.3423,-0.2716
145476,DE723,Limburg-Weilburg,2020-03-22,12,-0.4088,-0.3589,-0.2716
145477,DE723,Limburg-Weilburg,2020-03-23,13,-0.3323,-0.3702,-0.3744
145478,DE723,Limburg-Weilburg,2020-03-24,13,-0.3557,-0.3748,-0.3744
145479,DE723,Limburg-Weilburg,2020-03-25,13,-0.3659,-0.3679,-0.3744
145480,DE723,Limburg-Weilburg,2020-03-26,13,-0.3686,-0.3809,-0.3744
145481,DE723,Limburg-Weilburg,2020-03-27,13,-0.3745,-0.3793,-0.3744
145482,DE723,Limburg-Weilburg,2020-03-28,13,-0.3697,-0.3736,-0.3744
145483,DE723,Limburg-Weilburg,2020-03-29,13,-0.4994,-0.3657,-0.3744
145484,DE723,Limburg-Weilburg,2020-03-30,14,-0.3217,-0.3541,-0.3035
145485,DE723,Limburg-Weilburg,2020-03-31,14,-0.3154,-0.3357,-0.3035
146272,DE724,Marburg-Biedenkopf,2020-03-01,9,-0.0882,-0.0827,-0.1011
146273,DE724,Marburg-Biedenkopf,2020-03-02,10,-0.0651,-0.0799,-0.079
146274,DE724,Marburg-Biedenkopf,2020-03-03,10,-0.0866,-0.0836,-0.079
146275,DE724,Marburg-Biedenkopf,2020-03-04,10,-0.0908,-0.0814,-0.079
146276,DE724,Marburg-Biedenkopf,2020-03-05,10,-0.09,-0.0766,-0.079
146277,DE724,Marburg-Biedenkopf,2020-03-06,10,-0.0887,-0.0719,-0.079
146278,DE724,Marburg-Biedenkopf,2020-03-07,10,-0.0603,-0.0759,-0.079
146279,DE724,Marburg-Biedenkopf,2020-03-08,10,-0.055,-0.0783,-0.079
146280,DE724,Marburg-Biedenkopf,2020-03-09,11,-0.032,-0.0773,-0.1055
146281,DE724,Marburg-Biedenkopf,2020-03-10,11,-0.1147,-0.0794,-0.1055
146282,DE724,Marburg-Biedenkopf,2020-03-11,11,-0.1071,-0.0961,-0.1055
146283,DE724,Marburg-Biedenkopf,2020-03-12,11,-0.0835,-0.1109,-0.1055
146284,DE724,Marburg-Biedenkopf,2020-03-13,11,-0.1032,-0.1299,-0.1055
146285,DE724,Marburg-Biedenkopf,2020-03-14,11,-0.1773,-0.1544,-0.1055
146286,DE724,Marburg-Biedenkopf,2020-03-15,11,-0.1584,-0.1884,-0.1055
146287,DE724,Marburg-Biedenkopf,2020-03-16,12,-0.1652,-0.2309,-0.3564
146288,DE724,Marburg-Biedenkopf,2020-03-17,12,-0.2864,-0.278,-0.3564
146289,DE724,Marburg-Biedenkopf,2020-03-18,12,-0.3447,-0.3226,-0.3564
146290,DE724,Marburg-Biedenkopf,2020-03-19,12,-0.3811,-0.3661,-0.3564
146291,DE724,Marburg-Biedenkopf,2020-03-20,12,-0.4329,-0.4045,-0.3564
146292,DE724,Marburg-Biedenkopf,2020-03-21,12,-0.4896,-0.4323,-0.3564
146293,DE724,Marburg-Biedenkopf,2020-03-22,12,-0.4626,-0.4513,-0.3564
146294,DE724,Marburg-Biedenkopf,2020-03-23,13,-0.4343,-0.4647,-0.4715
146295,DE724,Marburg-Biedenkopf,2020-03-24,13,-0.4809,-0.4697,-0.4715
146296,DE724,Marburg-Biedenkopf,2020-03-25,13,-0.478,-0.4624,-0.4715
146297,DE724,Marburg-Biedenkopf,2020-03-26,13,-0.4744,-0.4755,-0.4715
146298,DE724,Marburg-Biedenkopf,2020-03-27,13,-0.4681,-0.4757,-0.4715
146299,DE724,Marburg-Biedenkopf,2020-03-28,13,-0.4388,-0.4734,-0.4715
146300,DE724,Marburg-Biedenkopf,2020-03-29,13,-0.5544,-0.4675,-0.4715
146301,DE724,Marburg-Biedenkopf,2020-03-30,14,-0.4351,-0.4581,-0.4107
146302,DE724,Marburg-Biedenkopf,2020-03-31,14,-0.4648,-0.441,-0.4107
147089,DE725,Vogelsbergkreis,2020-03-01,9,-0.073,-0.0379,-0.0535
147090,DE725,Vogelsbergkreis,2020-03-02,10,-0.0014,-0.0402,-0.0536
147091,DE725,Vogelsbergkreis,2020-03-03,10,-0.0222,-0.0509,-0.0536
147092,DE725,Vogelsbergkreis,2020-03-04,10,-0.0798,-0.0561,-0.0536
147093,DE725,Vogelsbergkreis,2020-03-05,10,-0.0725,-0.052,-0.0536
147094,DE725,Vogelsbergkreis,2020-03-06,10,-0.0948,-0.0525,-0.0536
147095,DE725,Vogelsbergkreis,2020-03-07,10,-0.0493,-0.0586,-0.0536
147096,DE725,Vogelsbergkreis,2020-03-08,10,-0.044,-0.059,-0.0536
147097,DE725,Vogelsbergkreis,2020-03-09,11,-0.0051,-0.0575,-0.073
147098,DE725,Vogelsbergkreis,2020-03-10,11,-0.0648,-0.0549,-0.073
147099,DE725,Vogelsbergkreis,2020-03-11,11,-0.0825,-0.0675,-0.073
147100,DE725,Vogelsbergkreis,2020-03-12,11,-0.0623,-0.0753,-0.073
147101,DE725,Vogelsbergkreis,2020-03-13,11,-0.0761,-0.0892,-0.073
147102,DE725,Vogelsbergkreis,2020-03-14,11,-0.1377,-0.1074,-0.073
147103,DE725,Vogelsbergkreis,2020-03-15,11,-0.0984,-0.1302,-0.073
147104,DE725,Vogelsbergkreis,2020-03-16,12,-0.1024,-0.1608,-0.2705
147105,DE725,Vogelsbergkreis,2020-03-17,12,-0.1927,-0.1967,-0.2705
147106,DE725,Vogelsbergkreis,2020-03-18,12,-0.2416,-0.2351,-0.2705
147107,DE725,Vogelsbergkreis,2020-03-19,12,-0.2767,-0.2784,-0.2705
147108,DE725,Vogelsbergkreis,2020-03-20,12,-0.3274,-0.3074,-0.2705
147109,DE725,Vogelsbergkreis,2020-03-21,12,-0.4068,-0.3325,-0.2705
147110,DE725,Vogelsbergkreis,2020-03-22,12,-0.4015,-0.3535,-0.2705
147111,DE725,Vogelsbergkreis,2020-03-23,13,-0.3054,-0.3675,-0.3703
147112,DE725,Vogelsbergkreis,2020-03-24,13,-0.3681,-0.3711,-0.3703
147113,DE725,Vogelsbergkreis,2020-03-25,13,-0.3888,-0.3602,-0.3703
147114,DE725,Vogelsbergkreis,2020-03-26,13,-0.3748,-0.3767,-0.3703
147115,DE725,Vogelsbergkreis,2020-03-27,13,-0.3525,-0.3758,-0.3703
147116,DE725,Vogelsbergkreis,2020-03-28,13,-0.3305,-0.3689,-0.3703
147117,DE725,Vogelsbergkreis,2020-03-29,13,-0.5166,-0.3514,-0.3703
147118,DE725,Vogelsbergkreis,2020-03-30,14,-0.2994,-0.3334,-0.2733
147119,DE725,Vogelsbergkreis,2020-03-31,14,-0.3198,-0.315,-0.2733
147906,DE731,"Kassel, Kreisfreie Stadt",2020-03-01,9,0.1009,0.0342,0.0432
147907,DE731,"Kassel, Kreisfreie Stadt",2020-03-02,10,-0.0089,0.0343,0.0124
147908,DE731,"Kassel, Kreisfreie Stadt",2020-03-03,10,0.0058,0.0262,0.0124
147909,DE731,"Kassel, Kreisfreie Stadt",2020-03-04,10,0.0224,0.0184,0.0124
147910,DE731,"Kassel, Kreisfreie Stadt",2020-03-05,10,0.0181,0.0179,0.0124
147911,DE731,"Kassel, Kreisfreie Stadt",2020-03-06,10,-0.0142,0.0257,0.0124
147912,DE731,"Kassel, Kreisfreie Stadt",2020-03-07,10,0.0047,0.0184,0.0124
147913,DE731,"Kassel, Kreisfreie Stadt",2020-03-08,10,0.0974,0.0134,0.0124
147914,DE731,"Kassel, Kreisfreie Stadt",2020-03-09,11,0.0455,0.0124,-0.04
147915,DE731,"Kassel, Kreisfreie Stadt",2020-03-10,11,-0.0449,0.0072,-0.04
147916,DE731,"Kassel, Kreisfreie Stadt",2020-03-11,11,-0.013,-0.0171,-0.04
147917,DE731,"Kassel, Kreisfreie Stadt",2020-03-12,11,0.0116,-0.0496,-0.04
147918,DE731,"Kassel, Kreisfreie Stadt",2020-03-13,11,-0.051,-0.0767,-0.04
147919,DE731,"Kassel, Kreisfreie Stadt",2020-03-14,11,-0.1651,-0.1065,-0.04
147920,DE731,"Kassel, Kreisfreie Stadt",2020-03-15,11,-0.1305,-0.1493,-0.04
147921,DE731,"Kassel, Kreisfreie Stadt",2020-03-16,12,-0.1439,-0.2034,-0.3351
147922,DE731,"Kassel, Kreisfreie Stadt",2020-03-17,12,-0.2535,-0.2579,-0.3351
147923,DE731,"Kassel, Kreisfreie Stadt",2020-03-18,12,-0.3131,-0.3036,-0.3351
147924,DE731,"Kassel, Kreisfreie Stadt",2020-03-19,12,-0.3667,-0.3431,-0.3351
147925,DE731,"Kassel, Kreisfreie Stadt",2020-03-20,12,-0.4323,-0.3856,-0.3351
147926,DE731,"Kassel, Kreisfreie Stadt",2020-03-21,12,-0.485,-0.4154,-0.3351
147927,DE731,"Kassel, Kreisfreie Stadt",2020-03-22,12,-0.4073,-0.4374,-0.3351
147928,DE731,"Kassel, Kreisfreie Stadt",2020-03-23,13,-0.441,-0.4517,-0.4627
147929,DE731,"Kassel, Kreisfreie Stadt",2020-03-24,13,-0.4625,-0.4555,-0.4627
147930,DE731,"Kassel, Kreisfreie Stadt",2020-03-25,13,-0.4668,-0.449,-0.4627
147931,DE731,"Kassel, Kreisfreie Stadt",2020-03-26,13,-0.4671,-0.4663,-0.4627
147932,DE731,"Kassel, Kreisfreie Stadt",2020-03-27,13,-0.4584,-0.4676,-0.4627
147933,DE731,"Kassel, Kreisfreie Stadt",2020-03-28,13,-0.4401,-0.4627,-0.4627
147934,DE731,"Kassel, Kreisfreie Stadt",2020-03-29,13,-0.528,-0.4554,-0.4627
147935,DE731,"Kassel, Kreisfreie Stadt",2020-03-30,14,-0.4504,-0.4429,-0.3937
147936,DE731,"Kassel, Kreisfreie Stadt",2020-03-31,14,-0.4282,-0.4264,-0.3937
148723,DE732,Fulda,2020-03-01,9,-0.0651,-0.0301,-0.0774
148724,DE732,Fulda,2020-03-02,10,0.0224,-0.0326,-0.0416
148725,DE732,Fulda,2020-03-03,10,-0.0017,-0.0419,-0.0416
148726,DE732,Fulda,2020-03-04,10,-0.0591,-0.0425,-0.0416
148727,DE732,Fulda,2020-03-05,10,-0.0545,-0.0418,-0.0416
148728,DE732,Fulda,2020-03-06,10,-0.0791,-0.0404,-0.0416
148729,DE732,Fulda,2020-03-07,10,-0.0604,-0.0479,-0.0416
148730,DE732,Fulda,2020-03-08,10,-0.0603,-0.0492,-0.0416
148731,DE732,Fulda,2020-03-09,11,0.0326,-0.0502,-0.0717
148732,DE732,Fulda,2020-03-10,11,-0.0547,-0.0499,-0.0717
148733,DE732,Fulda,2020-03-11,11,-0.0682,-0.0649,-0.0717
148734,DE732,Fulda,2020-03-12,11,-0.0615,-0.0763,-0.0717
148735,DE732,Fulda,2020-03-13,11,-0.0768,-0.0928,-0.0717
148736,DE732,Fulda,2020-03-14,11,-0.1653,-0.114,-0.0717
148737,DE732,Fulda,2020-03-15,11,-0.1405,-0.1438,-0.0717
148738,DE732,Fulda,2020-03-16,12,-0.0829,-0.1803,-0.3018
148739,DE732,Fulda,2020-03-17,12,-0.2031,-0.2227,-0.3018
148740,DE732,Fulda,2020-03-18,12,-0.2763,-0.2658,-0.3018
148741,DE732,Fulda,2020-03-19,12,-0.3173,-0.3104,-0.3018
148742,DE732,Fulda,2020-03-20,12,-0.3732,-0.349,-0.3018
148743,DE732,Fulda,2020-03-21,12,-0.4671,-0.3761,-0.3018
148744,DE732,Fulda,2020-03-22,12,-0.4528,-0.3951,-0.3018
148745,DE732,Fulda,2020-03-23,13,-0.3534,-0.4075,-0.4097
148746,DE732,Fulda,2020-03-24,13,-0.3928,-0.411,-0.4097
148747,DE732,Fulda,2020-03-25,13,-0.4093,-0.4019,-0.4097
148748,DE732,Fulda,2020-03-26,13,-0.4037,-0.417,-0.4097
148749,DE732,Fulda,2020-03-27,13,-0.398,-0.4141,-0.4097
148750,DE732,Fulda,2020-03-28,13,-0.4033,-0.4104,-0.4097
148751,DE732,Fulda,2020-03-29,13,-0.5587,-0.4007,-0.4097
148752,DE732,Fulda,2020-03-30,14,-0.3327,-0.3857,-0.3299
148753,DE732,Fulda,2020-03-31,14,-0.3672,-0.3686,-0.3299
149540,DE733,Hersfeld-Rotenburg,2020-03-01,9,0.0327,0.0473,0.0595
149541,DE733,Hersfeld-Rotenburg,2020-03-02,10,0.0347,0.0426,0.0183
149542,DE733,Hersfeld-Rotenburg,2020-03-03,10,0.049,0.033,0.0183
149543,DE733,Hersfeld-Rotenburg,2020-03-04,10,0.0323,0.0211,0.0183
149544,DE733,Hersfeld-Rotenburg,2020-03-05,10,-0.0107,0.0168,0.0183
149545,DE733,Hersfeld-Rotenburg,2020-03-06,10,0.0125,0.0159,0.0183
149546,DE733,Hersfeld-Rotenburg,2020-03-07,10,-0.0028,0.0085,0.0183
149547,DE733,Hersfeld-Rotenburg,2020-03-08,10,0.0028,0.0063,0.0183
149548,DE733,Hersfeld-Rotenburg,2020-03-09,11,0.028,0.0125,-0.0002
149549,DE733,Hersfeld-Rotenburg,2020-03-10,11,-0.0025,0.0157,-0.0002
149550,DE733,Hersfeld-Rotenburg,2020-03-11,11,0.0164,0.0018,-0.0002
149551,DE733,Hersfeld-Rotenburg,2020-03-12,11,0.0331,-0.0073,-0.0002
149552,DE733,Hersfeld-Rotenburg,2020-03-13,11,0.0349,-0.0226,-0.0002
149553,DE733,Hersfeld-Rotenburg,2020-03-14,11,-0.1002,-0.0445,-0.0002
149554,DE733,Hersfeld-Rotenburg,2020-03-15,11,-0.0611,-0.0736,-0.0002
149555,DE733,Hersfeld-Rotenburg,2020-03-16,12,-0.079,-0.1152,-0.2411
149556,DE733,Hersfeld-Rotenburg,2020-03-17,12,-0.1554,-0.1632,-0.2411
149557,DE733,Hersfeld-Rotenburg,2020-03-18,12,-0.1875,-0.2059,-0.2411
149558,DE733,Hersfeld-Rotenburg,2020-03-19,12,-0.2579,-0.2565,-0.2411
149559,DE733,Hersfeld-Rotenburg,2020-03-20,12,-0.3015,-0.2943,-0.2411
149560,DE733,Hersfeld-Rotenburg,2020-03-21,12,-0.3989,-0.3216,-0.2411
149561,DE733,Hersfeld-Rotenburg,2020-03-22,12,-0.4153,-0.3418,-0.2411
149562,DE733,Hersfeld-Rotenburg,2020-03-23,13,-0.3433,-0.3553,-0.3554
149563,DE733,Hersfeld-Rotenburg,2020-03-24,13,-0.3466,-0.3577,-0.3554
149564,DE733,Hersfeld-Rotenburg,2020-03-25,13,-0.3288,-0.351,-0.3554
149565,DE733,Hersfeld-Rotenburg,2020-03-26,13,-0.3531,-0.3662,-0.3554
149566,DE733,Hersfeld-Rotenburg,2020-03-27,13,-0.3177,-0.3628,-0.3554
149567,DE733,Hersfeld-Rotenburg,2020-03-28,13,-0.3524,-0.3565,-0.3554
149568,DE733,Hersfeld-Rotenburg,2020-03-29,13,-0.5215,-0.3524,-0.3554
149569,DE733,Hersfeld-Rotenburg,2020-03-30,14,-0.3196,-0.339,-0.2879
149570,DE733,Hersfeld-Rotenburg,2020-03-31,14,-0.3024,-0.3248,-0.2879
150357,DE734,"Kassel, Landkreis",2020-03-01,9,0.0283,0.0125,0.0059
150358,DE734,"Kassel, Landkreis",2020-03-02,10,0.0114,0.0154,0.0063
150359,DE734,"Kassel, Landkreis",2020-03-03,10,0.0012,0.0099,0.0063
150360,DE734,"Kassel, Landkreis",2020-03-04,10,-0.0013,0.0052,0.0063
150361,DE734,"Kassel, Landkreis",2020-03-05,10,0.0058,0.0093,0.0063
150362,DE734,"Kassel, Landkreis",2020-03-06,10,-0.0139,0.0109,0.0063
150363,DE734,"Kassel, Landkreis",2020-03-07,10,0.0046,0.0074,0.0063
150364,DE734,"Kassel, Landkreis",2020-03-08,10,0.0571,0.0071,0.0063
150365,DE734,"Kassel, Landkreis",2020-03-09,11,0.0228,0.0075,-0.008
150366,DE734,"Kassel, Landkreis",2020-03-10,11,-0.0231,0.0083,-0.008
150367,DE734,"Kassel, Landkreis",2020-03-11,11,-0.0037,0.0,-0.008
150368,DE734,"Kassel, Landkreis",2020-03-12,11,0.0083,-0.0088,-0.008
150369,DE734,"Kassel, Landkreis",2020-03-13,11,-0.0078,-0.0168,-0.008
150370,DE734,"Kassel, Landkreis",2020-03-14,11,-0.0534,-0.0287,-0.008
150371,DE734,"Kassel, Landkreis",2020-03-15,11,-0.0047,-0.0497,-0.008
150372,DE734,"Kassel, Landkreis",2020-03-16,12,-0.0331,-0.0809,-0.1946
150373,DE734,"Kassel, Landkreis",2020-03-17,12,-0.1064,-0.1204,-0.1946
150374,DE734,"Kassel, Landkreis",2020-03-18,12,-0.1506,-0.1619,-0.1946
150375,DE734,"Kassel, Landkreis",2020-03-19,12,-0.2104,-0.2017,-0.1946
150376,DE734,"Kassel, Landkreis",2020-03-20,12,-0.2842,-0.238,-0.1946
150377,DE734,"Kassel, Landkreis",2020-03-21,12,-0.3436,-0.2677,-0.1946
150378,DE734,"Kassel, Landkreis",2020-03-22,12,-0.2834,-0.2904,-0.1946
150379,DE734,"Kassel, Landkreis",2020-03-23,13,-0.2871,-0.3014,-0.3108
150380,DE734,"Kassel, Landkreis",2020-03-24,13,-0.3143,-0.3023,-0.3108
150381,DE734,"Kassel, Landkreis",2020-03-25,13,-0.3101,-0.2935,-0.3108
150382,DE734,"Kassel, Landkreis",2020-03-26,13,-0.2872,-0.3189,-0.3108
150383,DE734,"Kassel, Landkreis",2020-03-27,13,-0.2904,-0.321,-0.3108
150384,DE734,"Kassel, Landkreis",2020-03-28,13,-0.2817,-0.3158,-0.3108
150385,DE734,"Kassel, Landkreis",2020-03-29,13,-0.4615,-0.308,-0.3108
150386,DE734,"Kassel, Landkreis",2020-03-30,14,-0.3015,-0.3016,-0.2543
150387,DE734,"Kassel, Landkreis",2020-03-31,14,-0.2785,-0.2924,-0.2543
151174,DE735,Schwalm-Eder-Kreis,2020-03-01,9,-0.0805,-0.086,-0.1018
151175,DE735,Schwalm-Eder-Kreis,2020-03-02,10,-0.0601,-0.0814,-0.0811
151176,DE735,Schwalm-Eder-Kreis,2020-03-03,10,-0.1004,-0.0856,-0.0811
151177,DE735,Schwalm-Eder-Kreis,2020-03-04,10,-0.091,-0.0833,-0.0811
151178,DE735,Schwalm-Eder-Kreis,2020-03-05,10,-0.0785,-0.0793,-0.0811
151179,DE735,Schwalm-Eder-Kreis,2020-03-06,10,-0.093,-0.0771,-0.0811
151180,DE735,Schwalm-Eder-Kreis,2020-03-07,10,-0.0799,-0.0747,-0.0811
151181,DE735,Schwalm-Eder-Kreis,2020-03-08,10,-0.0521,-0.0791,-0.0811
151182,DE735,Schwalm-Eder-Kreis,2020-03-09,11,-0.0447,-0.0847,-0.1195
151183,DE735,Schwalm-Eder-Kreis,2020-03-10,11,-0.0836,-0.0924,-0.1195
151184,DE735,Schwalm-Eder-Kreis,2020-03-11,11,-0.1221,-0.1081,-0.1195
151185,DE735,Schwalm-Eder-Kreis,2020-03-12,11,-0.1179,-0.1235,-0.1195
151186,DE735,Schwalm-Eder-Kreis,2020-03-13,11,-0.1465,-0.1431,-0.1195
151187,DE735,Schwalm-Eder-Kreis,2020-03-14,11,-0.1902,-0.1625,-0.1195
151188,DE735,Schwalm-Eder-Kreis,2020-03-15,11,-0.1597,-0.1841,-0.1195
151189,DE735,Schwalm-Eder-Kreis,2020-03-16,12,-0.1817,-0.2085,-0.2932
151190,DE735,Schwalm-Eder-Kreis,2020-03-17,12,-0.2191,-0.237,-0.2932
151191,DE735,Schwalm-Eder-Kreis,2020-03-18,12,-0.2733,-0.2671,-0.2932
151192,DE735,Schwalm-Eder-Kreis,2020-03-19,12,-0.2886,-0.3022,-0.2932
151193,DE735,Schwalm-Eder-Kreis,2020-03-20,12,-0.3463,-0.3274,-0.2932
151194,DE735,Schwalm-Eder-Kreis,2020-03-21,12,-0.4009,-0.3536,-0.2932
151195,DE735,Schwalm-Eder-Kreis,2020-03-22,12,-0.4054,-0.369,-0.2932
151196,DE735,Schwalm-Eder-Kreis,2020-03-23,13,-0.3584,-0.379,-0.3725
151197,DE735,Schwalm-Eder-Kreis,2020-03-24,13,-0.4024,-0.3757,-0.3725
151198,DE735,Schwalm-Eder-Kreis,2020-03-25,13,-0.3807,-0.3668,-0.3725
151199,DE735,Schwalm-Eder-Kreis,2020-03-26,13,-0.3591,-0.3784,-0.3725
151200,DE735,Schwalm-Eder-Kreis,2020-03-27,13,-0.3229,-0.3783,-0.3725
151201,DE735,Schwalm-Eder-Kreis,2020-03-28,13,-0.3386,-0.3689,-0.3725
151202,DE735,Schwalm-Eder-Kreis,2020-03-29,13,-0.4865,-0.3511,-0.3725
151203,DE735,Schwalm-Eder-Kreis,2020-03-30,14,-0.3578,-0.3374,-0.2838
151204,DE735,Schwalm-Eder-Kreis,2020-03-31,14,-0.3365,-0.3255,-0.2838
151991,DE736,Waldeck-Frankenberg,2020-03-01,9,-0.1209,-0.114,-0.124
151992,DE736,Waldeck-Frankenberg,2020-03-02,10,-0.0645,-0.1103,-0.1022
151993,DE736,Waldeck-Frankenberg,2020-03-03,10,-0.0817,-0.1145,-0.1022
151994,DE736,Waldeck-Frankenberg,2020-03-04,10,-0.1209,-0.1079,-0.1022
151995,DE736,Waldeck-Frankenberg,2020-03-05,10,-0.0962,-0.1008,-0.1022
151996,DE736,Waldeck-Frankenberg,2020-03-06,10,-0.1335,-0.1006,-0.1022
151997,DE736,Waldeck-Frankenberg,2020-03-07,10,-0.138,-0.1062,-0.1022
151998,DE736,Waldeck-Frankenberg,2020-03-08,10,-0.0706,-0.1009,-0.1022
151999,DE736,Waldeck-Frankenberg,2020-03-09,11,-0.0634,-0.1007,-0.1184
152000,DE736,Waldeck-Frankenberg,2020-03-10,11,-0.1209,-0.1018,-0.1184
152001,DE736,Waldeck-Frankenberg,2020-03-11,11,-0.0834,-0.1119,-0.1184
152002,DE736,Waldeck-Frankenberg,2020-03-12,11,-0.0953,-0.1205,-0.1184
152003,DE736,Waldeck-Frankenberg,2020-03-13,11,-0.1411,-0.1364,-0.1184
152004,DE736,Waldeck-Frankenberg,2020-03-14,11,-0.2089,-0.1549,-0.1184
152005,DE736,Waldeck-Frankenberg,2020-03-15,11,-0.1307,-0.1874,-0.1184
152006,DE736,Waldeck-Frankenberg,2020-03-16,12,-0.1744,-0.2252,-0.3551
152007,DE736,Waldeck-Frankenberg,2020-03-17,12,-0.2501,-0.2646,-0.3551
152008,DE736,Waldeck-Frankenberg,2020-03-18,12,-0.3108,-0.3112,-0.3551
152009,DE736,Waldeck-Frankenberg,2020-03-19,12,-0.3605,-0.3659,-0.3551
152010,DE736,Waldeck-Frankenberg,2020-03-20,12,-0.4165,-0.3991,-0.3551
152011,DE736,Waldeck-Frankenberg,2020-03-21,12,-0.535,-0.4275,-0.3551
152012,DE736,Waldeck-Frankenberg,2020-03-22,12,-0.5142,-0.4494,-0.3551
152013,DE736,Waldeck-Frankenberg,2020-03-23,13,-0.4067,-0.4634,-0.4653
152014,DE736,Waldeck-Frankenberg,2020-03-24,13,-0.4488,-0.4662,-0.4653
152015,DE736,Waldeck-Frankenberg,2020-03-25,13,-0.4638,-0.4579,-0.4653
152016,DE736,Waldeck-Frankenberg,2020-03-26,13,-0.4588,-0.4743,-0.4653
152017,DE736,Waldeck-Frankenberg,2020-03-27,13,-0.4363,-0.4772,-0.4653
152018,DE736,Waldeck-Frankenberg,2020-03-28,13,-0.4765,-0.4743,-0.4653
152019,DE736,Waldeck-Frankenberg,2020-03-29,13,-0.6291,-0.4659,-0.4653
152020,DE736,Waldeck-Frankenberg,2020-03-30,14,-0.4272,-0.4595,-0.4388
152021,DE736,Waldeck-Frankenberg,2020-03-31,14,-0.4285,-0.4572,-0.4388
152808,DE737,Werra-Meißner-Kreis,2020-03-01,9,-0.0939,-0.031,-0.0214
152809,DE737,Werra-Meißner-Kreis,2020-03-02,10,-0.0027,-0.0366,-0.0431
152810,DE737,Werra-Meißner-Kreis,2020-03-03,10,-0.0177,-0.05,-0.0431
152811,DE737,Werra-Meißner-Kreis,2020-03-04,10,-0.0473,-0.052,-0.0431
152812,DE737,Werra-Meißner-Kreis,2020-03-05,10,-0.0649,-0.0418,-0.0431
152813,DE737,Werra-Meißner-Kreis,2020-03-06,10,-0.0775,-0.0393,-0.0431
152814,DE737,Werra-Meißner-Kreis,2020-03-07,10,-0.0601,-0.0421,-0.0431
152815,DE737,Werra-Meißner-Kreis,2020-03-08,10,-0.0226,-0.0372,-0.0431
152816,DE737,Werra-Meißner-Kreis,2020-03-09,11,0.0152,-0.0323,-0.0461
152817,DE737,Werra-Meißner-Kreis,2020-03-10,11,-0.0372,-0.0317,-0.0461
152818,DE737,Werra-Meißner-Kreis,2020-03-11,11,-0.0133,-0.0392,-0.0461
152819,DE737,Werra-Meißner-Kreis,2020-03-12,11,-0.0307,-0.0508,-0.0461
152820,DE737,Werra-Meißner-Kreis,2020-03-13,11,-0.0732,-0.0645,-0.0461
152821,DE737,Werra-Meißner-Kreis,2020-03-14,11,-0.1126,-0.0868,-0.0461
152822,DE737,Werra-Meißner-Kreis,2020-03-15,11,-0.1035,-0.1165,-0.0461
152823,DE737,Werra-Meißner-Kreis,2020-03-16,12,-0.081,-0.1526,-0.2709
152824,DE737,Werra-Meißner-Kreis,2020-03-17,12,-0.1931,-0.1901,-0.2709
152825,DE737,Werra-Meißner-Kreis,2020-03-18,12,-0.2211,-0.2373,-0.2709
152826,DE737,Werra-Meißner-Kreis,2020-03-19,12,-0.2835,-0.2832,-0.2709
152827,DE737,Werra-Meißner-Kreis,2020-03-20,12,-0.336,-0.322,-0.2709
152828,DE737,Werra-Meißner-Kreis,2020-03-21,12,-0.4425,-0.3495,-0.2709
152829,DE737,Werra-Meißner-Kreis,2020-03-22,12,-0.4253,-0.3716,-0.2709
152830,DE737,Werra-Meißner-Kreis,2020-03-23,13,-0.3524,-0.3855,-0.3868
152831,DE737,Werra-Meißner-Kreis,2020-03-24,13,-0.3855,-0.3895,-0.3868
152832,DE737,Werra-Meißner-Kreis,2020-03-25,13,-0.3759,-0.3769,-0.3868
152833,DE737,Werra-Meißner-Kreis,2020-03-26,13,-0.3805,-0.3963,-0.3868
152834,DE737,Werra-Meißner-Kreis,2020-03-27,13,-0.3645,-0.397,-0.3868
152835,DE737,Werra-Meißner-Kreis,2020-03-28,13,-0.3542,-0.3899,-0.3868
152836,DE737,Werra-Meißner-Kreis,2020-03-29,13,-0.5609,-0.3808,-0.3868
152837,DE737,Werra-Meißner-Kreis,2020-03-30,14,-0.3575,-0.3738,-0.3405
152838,DE737,Werra-Meißner-Kreis,2020-03-31,14,-0.3356,-0.3681,-0.3405
153625,DE803,"Rostock, Kreisfreie Stadt",2020-03-01,9,0.1027,0.0785,0.0822
153626,DE803,"Rostock, Kreisfreie Stadt",2020-03-02,10,0.0613,0.0729,0.0544
153627,DE803,"Rostock, Kreisfreie Stadt",2020-03-03,10,0.0518,0.0581,0.0544
153628,DE803,"Rostock, Kreisfreie Stadt",2020-03-04,10,0.0965,0.0572,0.0544
153629,DE803,"Rostock, Kreisfreie Stadt",2020-03-05,10,0.0654,0.0568,0.0544
153630,DE803,"Rostock, Kreisfreie Stadt",2020-03-06,10,0.0026,0.0583,0.0544
153631,DE803,"Rostock, Kreisfreie Stadt",2020-03-07,10,0.0199,0.0512,0.0544
153632,DE803,"Rostock, Kreisfreie Stadt",2020-03-08,10,0.1003,0.0455,0.0544
153633,DE803,"Rostock, Kreisfreie Stadt",2020-03-09,11,0.0714,0.0356,-0.0009
153634,DE803,"Rostock, Kreisfreie Stadt",2020-03-10,11,0.0025,0.0325,-0.0009
153635,DE803,"Rostock, Kreisfreie Stadt",2020-03-11,11,0.0567,0.0193,-0.0009
153636,DE803,"Rostock, Kreisfreie Stadt",2020-03-12,11,-0.0041,-0.0093,-0.0009
153637,DE803,"Rostock, Kreisfreie Stadt",2020-03-13,11,-0.019,-0.0362,-0.0009
153638,DE803,"Rostock, Kreisfreie Stadt",2020-03-14,11,-0.0726,-0.0635,-0.0009
153639,DE803,"Rostock, Kreisfreie Stadt",2020-03-15,11,-0.0999,-0.1061,-0.0009
153640,DE803,"Rostock, Kreisfreie Stadt",2020-03-16,12,-0.117,-0.1447,-0.2606
153641,DE803,"Rostock, Kreisfreie Stadt",2020-03-17,12,-0.1888,-0.1884,-0.2606
153642,DE803,"Rostock, Kreisfreie Stadt",2020-03-18,12,-0.2412,-0.232,-0.2606
153643,DE803,"Rostock, Kreisfreie Stadt",2020-03-19,12,-0.2744,-0.2707,-0.2606
153644,DE803,"Rostock, Kreisfreie Stadt",2020-03-20,12,-0.325,-0.3028,-0.2606
153645,DE803,"Rostock, Kreisfreie Stadt",2020-03-21,12,-0.3777,-0.3286,-0.2606
153646,DE803,"Rostock, Kreisfreie Stadt",2020-03-22,12,-0.3711,-0.3446,-0.2606
153647,DE803,"Rostock, Kreisfreie Stadt",2020-03-23,13,-0.3413,-0.3559,-0.3711
153648,DE803,"Rostock, Kreisfreie Stadt",2020-03-24,13,-0.3694,-0.3616,-0.3711
153649,DE803,"Rostock, Kreisfreie Stadt",2020-03-25,13,-0.3535,-0.3608,-0.3711
153650,DE803,"Rostock, Kreisfreie Stadt",2020-03-26,13,-0.3533,-0.3805,-0.3711
153651,DE803,"Rostock, Kreisfreie Stadt",2020-03-27,13,-0.3653,-0.3883,-0.3711
153652,DE803,"Rostock, Kreisfreie Stadt",2020-03-28,13,-0.372,-0.387,-0.3711
153653,DE803,"Rostock, Kreisfreie Stadt",2020-03-29,13,-0.5085,-0.3938,-0.3711
153654,DE803,"Rostock, Kreisfreie Stadt",2020-03-30,14,-0.3964,-0.3951,-0.3592
153655,DE803,"Rostock, Kreisfreie Stadt",2020-03-31,14,-0.3604,-0.385,-0.3592
154442,DE804,"Schwerin, Kreisfreie Stadt",2020-03-01,9,0.1383,0.1211,0.1247
154443,DE804,"Schwerin, Kreisfreie Stadt",2020-03-02,10,0.1159,0.1241,0.1117
154444,DE804,"Schwerin, Kreisfreie Stadt",2020-03-03,10,0.0826,0.1124,0.1117
154445,DE804,"Schwerin, Kreisfreie Stadt",2020-03-04,10,0.1161,0.1105,0.1117
154446,DE804,"Schwerin, Kreisfreie Stadt",2020-03-05,10,0.1348,0.1191,0.1117
154447,DE804,"Schwerin, Kreisfreie Stadt",2020-03-06,10,0.0642,0.1199,0.1117
154448,DE804,"Schwerin, Kreisfreie Stadt",2020-03-07,10,0.1213,0.1203,0.1117
154449,DE804,"Schwerin, Kreisfreie Stadt",2020-03-08,10,0.1986,0.1298,0.1117
154450,DE804,"Schwerin, Kreisfreie Stadt",2020-03-09,11,0.1216,0.1231,0.0906
154451,DE804,"Schwerin, Kreisfreie Stadt",2020-03-10,11,0.0852,0.1221,0.0906
154452,DE804,"Schwerin, Kreisfreie Stadt",2020-03-11,11,0.1832,0.108,0.0906
154453,DE804,"Schwerin, Kreisfreie Stadt",2020-03-12,11,0.0874,0.0833,0.0906
154454,DE804,"Schwerin, Kreisfreie Stadt",2020-03-13,11,0.057,0.0612,0.0906
154455,DE804,"Schwerin, Kreisfreie Stadt",2020-03-14,11,0.0228,0.0278,0.0906
154456,DE804,"Schwerin, Kreisfreie Stadt",2020-03-15,11,0.0262,-0.0279,0.0906
154457,DE804,"Schwerin, Kreisfreie Stadt",2020-03-16,12,-0.033,-0.0782,-0.2161
154458,DE804,"Schwerin, Kreisfreie Stadt",2020-03-17,12,-0.1488,-0.1283,-0.2161
154459,DE804,"Schwerin, Kreisfreie Stadt",2020-03-18,12,-0.2069,-0.1818,-0.2161
154460,DE804,"Schwerin, Kreisfreie Stadt",2020-03-19,12,-0.2647,-0.2247,-0.2161
154461,DE804,"Schwerin, Kreisfreie Stadt",2020-03-20,12,-0.2936,-0.2633,-0.2161
154462,DE804,"Schwerin, Kreisfreie Stadt",2020-03-21,12,-0.352,-0.2922,-0.2161
154463,DE804,"Schwerin, Kreisfreie Stadt",2020-03-22,12,-0.2741,-0.3102,-0.2161
154464,DE804,"Schwerin, Kreisfreie Stadt",2020-03-23,13,-0.303,-0.3204,-0.3381
154465,DE804,"Schwerin, Kreisfreie Stadt",2020-03-24,13,-0.351,-0.3256,-0.3381
154466,DE804,"Schwerin, Kreisfreie Stadt",2020-03-25,13,-0.3332,-0.3206,-0.3381
154467,DE804,"Schwerin, Kreisfreie Stadt",2020-03-26,13,-0.3358,-0.3463,-0.3381
154468,DE804,"Schwerin, Kreisfreie Stadt",2020-03-27,13,-0.3301,-0.3581,-0.3381
154469,DE804,"Schwerin, Kreisfreie Stadt",2020-03-28,13,-0.3166,-0.3566,-0.3381
154470,DE804,"Schwerin, Kreisfreie Stadt",2020-03-29,13,-0.4542,-0.3612,-0.3381
154471,DE804,"Schwerin, Kreisfreie Stadt",2020-03-30,14,-0.3859,-0.3675,-0.3475
154472,DE804,"Schwerin, Kreisfreie Stadt",2020-03-31,14,-0.34,-0.3608,-0.3475
155259,DE80J,Mecklenburgische Seenplatte,2020-03-01,9,-0.0393,-0.0475,-0.0544
155260,DE80J,Mecklenburgische Seenplatte,2020-03-02,10,-0.0208,-0.0402,-0.0428
155261,DE80J,Mecklenburgische Seenplatte,2020-03-03,10,-0.0385,-0.0502,-0.0428
155262,DE80J,Mecklenburgische Seenplatte,2020-03-04,10,-0.0495,-0.0499,-0.0428
155263,DE80J,Mecklenburgische Seenplatte,2020-03-05,10,-0.0167,-0.0381,-0.0428
155264,DE80J,Mecklenburgische Seenplatte,2020-03-06,10,-0.0904,-0.0371,-0.0428
155265,DE80J,Mecklenburgische Seenplatte,2020-03-07,10,-0.0938,-0.0377,-0.0428
155266,DE80J,Mecklenburgische Seenplatte,2020-03-08,10,0.0427,-0.0355,-0.0428
155267,DE80J,Mecklenburgische Seenplatte,2020-03-09,11,-0.0137,-0.0423,-0.0595
155268,DE80J,Mecklenburgische Seenplatte,2020-03-10,11,-0.0422,-0.0422,-0.0595
155269,DE80J,Mecklenburgische Seenplatte,2020-03-11,11,-0.0344,-0.0403,-0.0595
155270,DE80J,Mecklenburgische Seenplatte,2020-03-12,11,-0.0643,-0.0635,-0.0595
155271,DE80J,Mecklenburgische Seenplatte,2020-03-13,11,-0.0894,-0.0739,-0.0595
155272,DE80J,Mecklenburgische Seenplatte,2020-03-14,11,-0.0812,-0.0893,-0.0595
155273,DE80J,Mecklenburgische Seenplatte,2020-03-15,11,-0.1197,-0.1149,-0.0595
155274,DE80J,Mecklenburgische Seenplatte,2020-03-16,12,-0.0863,-0.1456,-0.2532
155275,DE80J,Mecklenburgische Seenplatte,2020-03-17,12,-0.1497,-0.1767,-0.2532
155276,DE80J,Mecklenburgische Seenplatte,2020-03-18,12,-0.2135,-0.2268,-0.2532
155277,DE80J,Mecklenburgische Seenplatte,2020-03-19,12,-0.2796,-0.2651,-0.2532
155278,DE80J,Mecklenburgische Seenplatte,2020-03-20,12,-0.307,-0.296,-0.2532
155279,DE80J,Mecklenburgische Seenplatte,2020-03-21,12,-0.4317,-0.3248,-0.2532
155280,DE80J,Mecklenburgische Seenplatte,2020-03-22,12,-0.3876,-0.3446,-0.2532
155281,DE80J,Mecklenburgische Seenplatte,2020-03-23,13,-0.3031,-0.3524,-0.3651
155282,DE80J,Mecklenburgische Seenplatte,2020-03-24,13,-0.3509,-0.3582,-0.3651
155283,DE80J,Mecklenburgische Seenplatte,2020-03-25,13,-0.3521,-0.3531,-0.3651
155284,DE80J,Mecklenburgische Seenplatte,2020-03-26,13,-0.3344,-0.3791,-0.3651
155285,DE80J,Mecklenburgische Seenplatte,2020-03-27,13,-0.3478,-0.39,-0.3651
155286,DE80J,Mecklenburgische Seenplatte,2020-03-28,13,-0.396,-0.3881,-0.3651
155287,DE80J,Mecklenburgische Seenplatte,2020-03-29,13,-0.5695,-0.3886,-0.3651
155288,DE80J,Mecklenburgische Seenplatte,2020-03-30,14,-0.379,-0.3832,-0.3442
155289,DE80J,Mecklenburgische Seenplatte,2020-03-31,14,-0.3376,-0.3702,-0.3442
156076,DE80K,Landkreis Rostock,2020-03-01,9,0.0975,0.1145,0.1218
156077,DE80K,Landkreis Rostock,2020-03-02,10,0.1194,0.1143,0.1044
156078,DE80K,Landkreis Rostock,2020-03-03,10,0.0851,0.1005,0.1044
156079,DE80K,Landkreis Rostock,2020-03-04,10,0.1169,0.1011,0.1044
156080,DE80K,Landkreis Rostock,2020-03-05,10,0.116,0.1064,0.1044
156081,DE80K,Landkreis Rostock,2020-03-06,10,0.0675,0.1083,0.1044
156082,DE80K,Landkreis Rostock,2020-03-07,10,0.1052,0.1068,0.1044
156083,DE80K,Landkreis Rostock,2020-03-08,10,0.1352,0.109,0.1044
156084,DE80K,Landkreis Rostock,2020-03-09,11,0.1321,0.103,0.0856
156085,DE80K,Landkreis Rostock,2020-03-10,11,0.075,0.1048,0.0856
156086,DE80K,Landkreis Rostock,2020-03-11,11,0.1323,0.1004,0.0856
156087,DE80K,Landkreis Rostock,2020-03-12,11,0.0734,0.0805,0.0856
156088,DE80K,Landkreis Rostock,2020-03-13,11,0.0804,0.0667,0.0856
156089,DE80K,Landkreis Rostock,2020-03-14,11,0.0742,0.0489,0.0856
156090,DE80K,Landkreis Rostock,2020-03-15,11,-0.0038,0.0165,0.0856
156091,DE80K,Landkreis Rostock,2020-03-16,12,0.0352,-0.0144,-0.1328
156092,DE80K,Landkreis Rostock,2020-03-17,12,-0.0493,-0.0538,-0.1328
156093,DE80K,Landkreis Rostock,2020-03-18,12,-0.0945,-0.1021,-0.1328
156094,DE80K,Landkreis Rostock,2020-03-19,12,-0.1428,-0.1447,-0.1328
156095,DE80K,Landkreis Rostock,2020-03-20,12,-0.1955,-0.1771,-0.1328
156096,DE80K,Landkreis Rostock,2020-03-21,12,-0.2642,-0.2042,-0.1328
156097,DE80K,Landkreis Rostock,2020-03-22,12,-0.302,-0.2229,-0.1328
156098,DE80K,Landkreis Rostock,2020-03-23,13,-0.1916,-0.234,-0.2452
156099,DE80K,Landkreis Rostock,2020-03-24,13,-0.2388,-0.2378,-0.2452
156100,DE80K,Landkreis Rostock,2020-03-25,13,-0.2254,-0.2367,-0.2452
156101,DE80K,Landkreis Rostock,2020-03-26,13,-0.2203,-0.2569,-0.2452
156102,DE80K,Landkreis Rostock,2020-03-27,13,-0.222,-0.2655,-0.2452
156103,DE80K,Landkreis Rostock,2020-03-28,13,-0.2566,-0.2619,-0.2452
156104,DE80K,Landkreis Rostock,2020-03-29,13,-0.4435,-0.2639,-0.2452
156105,DE80K,Landkreis Rostock,2020-03-30,14,-0.2518,-0.2644,-0.2396
156106,DE80K,Landkreis Rostock,2020-03-31,14,-0.2135,-0.2586,-0.2396
156893,DE80L,Vorpommern-Rügen,2020-03-01,9,0.0509,0.0705,0.0857
156894,DE80L,Vorpommern-Rügen,2020-03-02,10,0.0576,0.0727,0.0591
156895,DE80L,Vorpommern-Rügen,2020-03-03,10,0.0368,0.0595,0.0591
156896,DE80L,Vorpommern-Rügen,2020-03-04,10,0.0902,0.0522,0.0591
156897,DE80L,Vorpommern-Rügen,2020-03-05,10,0.0956,0.0617,0.0591
156898,DE80L,Vorpommern-Rügen,2020-03-06,10,0.0298,0.0652,0.0591
156899,DE80L,Vorpommern-Rügen,2020-03-07,10,0.0043,0.0651,0.0591
156900,DE80L,Vorpommern-Rügen,2020-03-08,10,0.1176,0.0689,0.0591
156901,DE80L,Vorpommern-Rügen,2020-03-09,11,0.0819,0.061,0.064
156902,DE80L,Vorpommern-Rügen,2020-03-10,11,0.0366,0.0636,0.064
156903,DE80L,Vorpommern-Rügen,2020-03-11,11,0.1162,0.0745,0.064
156904,DE80L,Vorpommern-Rügen,2020-03-12,11,0.0406,0.0634,0.064
156905,DE80L,Vorpommern-Rügen,2020-03-13,11,0.048,0.0587,0.064
156906,DE80L,Vorpommern-Rügen,2020-03-14,11,0.0803,0.0418,0.064
156907,DE80L,Vorpommern-Rügen,2020-03-15,11,0.0405,0.0028,0.064
156908,DE80L,Vorpommern-Rügen,2020-03-16,12,0.0484,-0.0296,-0.1884
156909,DE80L,Vorpommern-Rügen,2020-03-17,12,-0.0816,-0.0734,-0.1884
156910,DE80L,Vorpommern-Rügen,2020-03-18,12,-0.1564,-0.1369,-0.1884
156911,DE80L,Vorpommern-Rügen,2020-03-19,12,-0.1863,-0.1999,-0.1884
156912,DE80L,Vorpommern-Rügen,2020-03-20,12,-0.2586,-0.2446,-0.1884
156913,DE80L,Vorpommern-Rügen,2020-03-21,12,-0.3645,-0.2791,-0.1884
156914,DE80L,Vorpommern-Rügen,2020-03-22,12,-0.4004,-0.2999,-0.1884
156915,DE80L,Vorpommern-Rügen,2020-03-23,13,-0.2645,-0.316,-0.3308
156916,DE80L,Vorpommern-Rügen,2020-03-24,13,-0.3228,-0.3242,-0.3308
156917,DE80L,Vorpommern-Rügen,2020-03-25,13,-0.3019,-0.3227,-0.3308
156918,DE80L,Vorpommern-Rügen,2020-03-26,13,-0.2994,-0.3409,-0.3308
156919,DE80L,Vorpommern-Rügen,2020-03-27,13,-0.3156,-0.3499,-0.3308
156920,DE80L,Vorpommern-Rügen,2020-03-28,13,-0.3545,-0.3473,-0.3308
156921,DE80L,Vorpommern-Rügen,2020-03-29,13,-0.5279,-0.359,-0.3308
156922,DE80L,Vorpommern-Rügen,2020-03-30,14,-0.3271,-0.3684,-0.3719
156923,DE80L,Vorpommern-Rügen,2020-03-31,14,-0.3049,-0.3701,-0.3719
157710,DE80M,Nordwestmecklenburg,2020-03-01,9,-0.0441,0.024,0.0403
157711,DE80M,Nordwestmecklenburg,2020-03-02,10,0.0239,0.0241,0.0206
157712,DE80M,Nordwestmecklenburg,2020-03-03,10,-0.009,0.0102,0.0206
157713,DE80M,Nordwestmecklenburg,2020-03-04,10,0.0475,0.0121,0.0206
157714,DE80M,Nordwestmecklenburg,2020-03-05,10,0.0405,0.0204,0.0206
157715,DE80M,Nordwestmecklenburg,2020-03-06,10,0.004,0.0261,0.0206
157716,DE80M,Nordwestmecklenburg,2020-03-07,10,0.0218,0.0291,0.0206
157717,DE80M,Nordwestmecklenburg,2020-03-08,10,0.0145,0.0371,0.0206
157718,DE80M,Nordwestmecklenburg,2020-03-09,11,0.0634,0.035,0.0304
157719,DE80M,Nordwestmecklenburg,2020-03-10,11,0.0121,0.0362,0.0304
157720,DE80M,Nordwestmecklenburg,2020-03-11,11,0.1038,0.0365,0.0304
157721,DE80M,Nordwestmecklenburg,2020-03-12,11,0.0255,0.0258,0.0304
157722,DE80M,Nordwestmecklenburg,2020-03-13,11,0.0122,0.0158,0.0304
157723,DE80M,Nordwestmecklenburg,2020-03-14,11,0.0236,-0.0006,0.0304
157724,DE80M,Nordwestmecklenburg,2020-03-15,11,-0.0601,-0.0351,0.0304
157725,DE80M,Nordwestmecklenburg,2020-03-16,12,-0.0065,-0.0635,-0.1817
157726,DE80M,Nordwestmecklenburg,2020-03-17,12,-0.1027,-0.0962,-0.1817
157727,DE80M,Nordwestmecklenburg,2020-03-18,12,-0.138,-0.1476,-0.1817
157728,DE80M,Nordwestmecklenburg,2020-03-19,12,-0.1731,-0.1953,-0.1817
157729,DE80M,Nordwestmecklenburg,2020-03-20,12,-0.2166,-0.2324,-0.1817
157730,DE80M,Nordwestmecklenburg,2020-03-21,12,-0.3363,-0.2623,-0.1817
157731,DE80M,Nordwestmecklenburg,2020-03-22,12,-0.3943,-0.2827,-0.1817
157732,DE80M,Nordwestmecklenburg,2020-03-23,13,-0.2659,-0.2983,-0.3143
157733,DE80M,Nordwestmecklenburg,2020-03-24,13,-0.3119,-0.3098,-0.3143
157734,DE80M,Nordwestmecklenburg,2020-03-25,13,-0.281,-0.3101,-0.3143
157735,DE80M,Nordwestmecklenburg,2020-03-26,13,-0.282,-0.3247,-0.3143
157736,DE80M,Nordwestmecklenburg,2020-03-27,13,-0.2972,-0.3316,-0.3143
157737,DE80M,Nordwestmecklenburg,2020-03-28,13,-0.3384,-0.3266,-0.3143
157738,DE80M,Nordwestmecklenburg,2020-03-29,13,-0.4965,-0.3339,-0.3143
157739,DE80M,Nordwestmecklenburg,2020-03-30,14,-0.3144,-0.3424,-0.3396
157740,DE80M,Nordwestmecklenburg,2020-03-31,14,-0.2765,-0.3408,-0.3396
158527,DE80N,Vorpommern-Greifswald,2020-03-01,9,0.0529,0.072,0.0683
158528,DE80N,Vorpommern-Greifswald,2020-03-02,10,0.093,0.075,0.0651
158529,DE80N,Vorpommern-Greifswald,2020-03-03,10,0.0702,0.0655,0.0651
158530,DE80N,Vorpommern-Greifswald,2020-03-04,10,0.0895,0.0615,0.0651
158531,DE80N,Vorpommern-Greifswald,2020-03-05,10,0.096,0.0642,0.0651
158532,DE80N,Vorpommern-Greifswald,2020-03-06,10,0.0398,0.0646,0.0651
158533,DE80N,Vorpommern-Greifswald,2020-03-07,10,-0.0107,0.0606,0.0651
158534,DE80N,Vorpommern-Greifswald,2020-03-08,10,0.0718,0.0593,0.0651
158535,DE80N,Vorpommern-Greifswald,2020-03-09,11,0.0957,0.0512,0.0377
158536,DE80N,Vorpommern-Greifswald,2020-03-10,11,0.0421,0.0498,0.0377
158537,DE80N,Vorpommern-Greifswald,2020-03-11,11,0.0802,0.0573,0.0377
158538,DE80N,Vorpommern-Greifswald,2020-03-12,11,0.0392,0.0312,0.0377
158539,DE80N,Vorpommern-Greifswald,2020-03-13,11,0.0299,0.0114,0.0377
158540,DE80N,Vorpommern-Greifswald,2020-03-14,11,0.042,-0.0064,0.0377
158541,DE80N,Vorpommern-Greifswald,2020-03-15,11,-0.1108,-0.0371,0.0377
158542,DE80N,Vorpommern-Greifswald,2020-03-16,12,-0.0425,-0.0719,-0.2247
158543,DE80N,Vorpommern-Greifswald,2020-03-17,12,-0.083,-0.1186,-0.2247
158544,DE80N,Vorpommern-Greifswald,2020-03-18,12,-0.1344,-0.1875,-0.2247
158545,DE80N,Vorpommern-Greifswald,2020-03-19,12,-0.2045,-0.2391,-0.2247
158546,DE80N,Vorpommern-Greifswald,2020-03-20,12,-0.2971,-0.2735,-0.2247
158547,DE80N,Vorpommern-Greifswald,2020-03-21,12,-0.4402,-0.3099,-0.2247
158548,DE80N,Vorpommern-Greifswald,2020-03-22,12,-0.4717,-0.3363,-0.2247
158549,DE80N,Vorpommern-Greifswald,2020-03-23,13,-0.284,-0.3498,-0.3642
158550,DE80N,Vorpommern-Greifswald,2020-03-24,13,-0.3376,-0.3595,-0.3642
158551,DE80N,Vorpommern-Greifswald,2020-03-25,13,-0.319,-0.3572,-0.3642
158552,DE80N,Vorpommern-Greifswald,2020-03-26,13,-0.299,-0.3761,-0.3642
158553,DE80N,Vorpommern-Greifswald,2020-03-27,13,-0.3654,-0.3867,-0.3642
158554,DE80N,Vorpommern-Greifswald,2020-03-28,13,-0.4241,-0.3884,-0.3642
158555,DE80N,Vorpommern-Greifswald,2020-03-29,13,-0.6038,-0.4001,-0.3642
158556,DE80N,Vorpommern-Greifswald,2020-03-30,14,-0.3584,-0.4136,-0.4041
158557,DE80N,Vorpommern-Greifswald,2020-03-31,14,-0.3493,-0.4123,-0.4041
159344,DE80O,Ludwigslust-Parchim,2020-03-01,9,0.0113,-0.0054,-0.0184
159345,DE80O,Ludwigslust-Parchim,2020-03-02,10,0.0135,0.0024,0.0059
159346,DE80O,Ludwigslust-Parchim,2020-03-03,10,-0.024,-0.0016,0.0059
159347,DE80O,Ludwigslust-Parchim,2020-03-04,10,0.009,0.0011,0.0059
159348,DE80O,Ludwigslust-Parchim,2020-03-05,10,0.0171,0.0096,0.0059
159349,DE80O,Ludwigslust-Parchim,2020-03-06,10,-0.0069,0.01,0.0059
159350,DE80O,Ludwigslust-Parchim,2020-03-07,10,-0.0124,0.0124,0.0059
159351,DE80O,Ludwigslust-Parchim,2020-03-08,10,0.0708,0.0177,0.0059
159352,DE80O,Ludwigslust-Parchim,2020-03-09,11,0.0167,0.0185,0.0069
159353,DE80O,Ludwigslust-Parchim,2020-03-10,11,-0.0072,0.0214,0.0069
159354,DE80O,Ludwigslust-Parchim,2020-03-11,11,0.0456,0.0226,0.0069
159355,DE80O,Ludwigslust-Parchim,2020-03-12,11,0.0227,0.0014,0.0069
159356,DE80O,Ludwigslust-Parchim,2020-03-13,11,0.0136,-0.0049,0.0069
159357,DE80O,Ludwigslust-Parchim,2020-03-14,11,-0.0038,-0.0194,0.0069
159358,DE80O,Ludwigslust-Parchim,2020-03-15,11,-0.0775,-0.0445,0.0069
159359,DE80O,Ludwigslust-Parchim,2020-03-16,12,-0.0277,-0.0744,-0.1785
159360,DE80O,Ludwigslust-Parchim,2020-03-17,12,-0.1085,-0.1082,-0.1785
159361,DE80O,Ludwigslust-Parchim,2020-03-18,12,-0.1303,-0.1538,-0.1785
159362,DE80O,Ludwigslust-Parchim,2020-03-19,12,-0.1864,-0.1921,-0.1785
159363,DE80O,Ludwigslust-Parchim,2020-03-20,12,-0.2236,-0.2174,-0.1785
159364,DE80O,Ludwigslust-Parchim,2020-03-21,12,-0.3227,-0.2386,-0.1785
159365,DE80O,Ludwigslust-Parchim,2020-03-22,12,-0.3459,-0.254,-0.1785
159366,DE80O,Ludwigslust-Parchim,2020-03-23,13,-0.2044,-0.2582,-0.2513
159367,DE80O,Ludwigslust-Parchim,2020-03-24,13,-0.2567,-0.2565,-0.2513
159368,DE80O,Ludwigslust-Parchim,2020-03-25,13,-0.2381,-0.2492,-0.2513
159369,DE80O,Ludwigslust-Parchim,2020-03-26,13,-0.2159,-0.2645,-0.2513
159370,DE80O,Ludwigslust-Parchim,2020-03-27,13,-0.2118,-0.2684,-0.2513
159371,DE80O,Ludwigslust-Parchim,2020-03-28,13,-0.2713,-0.2673,-0.2513
159372,DE80O,Ludwigslust-Parchim,2020-03-29,13,-0.4531,-0.2588,-0.2513
159373,DE80O,Ludwigslust-Parchim,2020-03-30,14,-0.2321,-0.2558,-0.2351
159374,DE80O,Ludwigslust-Parchim,2020-03-31,14,-0.2488,-0.2472,-0.2351
160161,DE911,"Braunschweig, Kreisfreie Stadt",2020-03-01,9,0.0289,0.062,0.0921
160162,DE911,"Braunschweig, Kreisfreie Stadt",2020-03-02,10,0.0144,0.0592,0.0248
160163,DE911,"Braunschweig, Kreisfreie Stadt",2020-03-03,10,-0.0115,0.0408,0.0248
160164,DE911,"Braunschweig, Kreisfreie Stadt",2020-03-04,10,0.0507,0.0231,0.0248
160165,DE911,"Braunschweig, Kreisfreie Stadt",2020-03-05,10,0.056,0.0262,0.0248
160166,DE911,"Braunschweig, Kreisfreie Stadt",2020-03-06,10,0.0093,0.0363,0.0248
160167,DE911,"Braunschweig, Kreisfreie Stadt",2020-03-07,10,0.0138,0.0356,0.0248
160168,DE911,"Braunschweig, Kreisfreie Stadt",2020-03-08,10,0.051,0.0291,0.0248
160169,DE911,"Braunschweig, Kreisfreie Stadt",2020-03-09,11,0.0846,0.0249,-0.0194
160170,DE911,"Braunschweig, Kreisfreie Stadt",2020-03-10,11,-0.0161,0.0175,-0.0194
160171,DE911,"Braunschweig, Kreisfreie Stadt",2020-03-11,11,0.0048,-0.0009,-0.0194
160172,DE911,"Braunschweig, Kreisfreie Stadt",2020-03-12,11,0.027,-0.0301,-0.0194
160173,DE911,"Braunschweig, Kreisfreie Stadt",2020-03-13,11,-0.0426,-0.0544,-0.0194
160174,DE911,"Braunschweig, Kreisfreie Stadt",2020-03-14,11,-0.1152,-0.0854,-0.0194
160175,DE911,"Braunschweig, Kreisfreie Stadt",2020-03-15,11,-0.1535,-0.1249,-0.0194
160176,DE911,"Braunschweig, Kreisfreie Stadt",2020-03-16,12,-0.0851,-0.1786,-0.3224
160177,DE911,"Braunschweig, Kreisfreie Stadt",2020-03-17,12,-0.2329,-0.2331,-0.3224
160178,DE911,"Braunschweig, Kreisfreie Stadt",2020-03-18,12,-0.272,-0.289,-0.3224
160179,DE911,"Braunschweig, Kreisfreie Stadt",2020-03-19,12,-0.3492,-0.335,-0.3224
160180,DE911,"Braunschweig, Kreisfreie Stadt",2020-03-20,12,-0.4242,-0.383,-0.3224
160181,DE911,"Braunschweig, Kreisfreie Stadt",2020-03-21,12,-0.506,-0.4138,-0.3224
160182,DE911,"Braunschweig, Kreisfreie Stadt",2020-03-22,12,-0.4759,-0.4402,-0.3224
160183,DE911,"Braunschweig, Kreisfreie Stadt",2020-03-23,13,-0.4211,-0.4547,-0.464
160184,DE911,"Braunschweig, Kreisfreie Stadt",2020-03-24,13,-0.4484,-0.4587,-0.464
160185,DE911,"Braunschweig, Kreisfreie Stadt",2020-03-25,13,-0.4569,-0.4531,-0.464
160186,DE911,"Braunschweig, Kreisfreie Stadt",2020-03-26,13,-0.4503,-0.4748,-0.464
160187,DE911,"Braunschweig, Kreisfreie Stadt",2020-03-27,13,-0.4524,-0.4819,-0.464
160188,DE911,"Braunschweig, Kreisfreie Stadt",2020-03-28,13,-0.4667,-0.4805,-0.464
160189,DE911,"Braunschweig, Kreisfreie Stadt",2020-03-29,13,-0.6279,-0.4775,-0.464
160190,DE911,"Braunschweig, Kreisfreie Stadt",2020-03-30,14,-0.471,-0.4787,-0.4325
160191,DE911,"Braunschweig, Kreisfreie Stadt",2020-03-31,14,-0.4382,-0.4673,-0.4325
160978,DE912,"Salzgitter, Kreisfreie Stadt",2020-03-01,9,0.0357,0.0551,0.0674
160979,DE912,"Salzgitter, Kreisfreie Stadt",2020-03-02,10,0.0315,0.054,0.0294
160980,DE912,"Salzgitter, Kreisfreie Stadt",2020-03-03,10,-0.0127,0.0397,0.0294
160981,DE912,"Salzgitter, Kreisfreie Stadt",2020-03-04,10,0.0489,0.0275,0.0294
160982,DE912,"Salzgitter, Kreisfreie Stadt",2020-03-05,10,0.0419,0.0321,0.0294
160983,DE912,"Salzgitter, Kreisfreie Stadt",2020-03-06,10,0.0137,0.0375,0.0294
160984,DE912,"Salzgitter, Kreisfreie Stadt",2020-03-07,10,0.0332,0.0383,0.0294
160985,DE912,"Salzgitter, Kreisfreie Stadt",2020-03-08,10,0.068,0.0317,0.0294
160986,DE912,"Salzgitter, Kreisfreie Stadt",2020-03-09,11,0.0694,0.0289,0.0116
160987,DE912,"Salzgitter, Kreisfreie Stadt",2020-03-10,11,-0.0071,0.0256,0.0116
160988,DE912,"Salzgitter, Kreisfreie Stadt",2020-03-11,11,0.0026,0.0217,0.0116
160989,DE912,"Salzgitter, Kreisfreie Stadt",2020-03-12,11,0.0225,0.0102,0.0116
160990,DE912,"Salzgitter, Kreisfreie Stadt",2020-03-13,11,-0.0093,-0.0046,0.0116
160991,DE912,"Salzgitter, Kreisfreie Stadt",2020-03-14,11,0.0057,-0.0217,0.0116
160992,DE912,"Salzgitter, Kreisfreie Stadt",2020-03-15,11,-0.0126,-0.0443,0.0116
160993,DE912,"Salzgitter, Kreisfreie Stadt",2020-03-16,12,-0.0338,-0.0806,-0.2105
160994,DE912,"Salzgitter, Kreisfreie Stadt",2020-03-17,12,-0.1268,-0.1246,-0.2105
160995,DE912,"Salzgitter, Kreisfreie Stadt",2020-03-18,12,-0.156,-0.1723,-0.2105
160996,DE912,"Salzgitter, Kreisfreie Stadt",2020-03-19,12,-0.2316,-0.2231,-0.2105
160997,DE912,"Salzgitter, Kreisfreie Stadt",2020-03-20,12,-0.3174,-0.2662,-0.2105
160998,DE912,"Salzgitter, Kreisfreie Stadt",2020-03-21,12,-0.3279,-0.3008,-0.2105
160999,DE912,"Salzgitter, Kreisfreie Stadt",2020-03-22,12,-0.3679,-0.3306,-0.2105
161000,DE912,"Salzgitter, Kreisfreie Stadt",2020-03-23,13,-0.3356,-0.351,-0.3699
161001,DE912,"Salzgitter, Kreisfreie Stadt",2020-03-24,13,-0.3692,-0.3589,-0.3699
161002,DE912,"Salzgitter, Kreisfreie Stadt",2020-03-25,13,-0.3649,-0.3557,-0.3699
161003,DE912,"Salzgitter, Kreisfreie Stadt",2020-03-26,13,-0.3744,-0.3773,-0.3699
161004,DE912,"Salzgitter, Kreisfreie Stadt",2020-03-27,13,-0.3724,-0.3847,-0.3699
161005,DE912,"Salzgitter, Kreisfreie Stadt",2020-03-28,13,-0.3054,-0.3821,-0.3699
161006,DE912,"Salzgitter, Kreisfreie Stadt",2020-03-29,13,-0.5192,-0.3808,-0.3699
161007,DE912,"Salzgitter, Kreisfreie Stadt",2020-03-30,14,-0.3871,-0.382,-0.348
161008,DE912,"Salzgitter, Kreisfreie Stadt",2020-03-31,14,-0.3515,-0.3713,-0.348
161795,DE913,"Wolfsburg, Kreisfreie Stadt",2020-03-01,9,0.0886,0.0378,0.0659
161796,DE913,"Wolfsburg, Kreisfreie Stadt",2020-03-02,10,-0.0099,0.0347,0.006
161797,DE913,"Wolfsburg, Kreisfreie Stadt",2020-03-03,10,-0.0121,0.0208,0.006
161798,DE913,"Wolfsburg, Kreisfreie Stadt",2020-03-04,10,-0.0056,0.025,0.006
161799,DE913,"Wolfsburg, Kreisfreie Stadt",2020-03-05,10,0.0221,0.0064,0.006
161800,DE913,"Wolfsburg, Kreisfreie Stadt",2020-03-06,10,-0.0019,0.0132,0.006
161801,DE913,"Wolfsburg, Kreisfreie Stadt",2020-03-07,10,0.0941,0.0122,0.006
161802,DE913,"Wolfsburg, Kreisfreie Stadt",2020-03-08,10,-0.042,0.0084,0.006
161803,DE913,"Wolfsburg, Kreisfreie Stadt",2020-03-09,11,0.0378,0.0051,-0.0492
161804,DE913,"Wolfsburg, Kreisfreie Stadt",2020-03-10,11,-0.0193,-0.001,-0.0492
161805,DE913,"Wolfsburg, Kreisfreie Stadt",2020-03-11,11,-0.0322,-0.0372,-0.0492
161806,DE913,"Wolfsburg, Kreisfreie Stadt",2020-03-12,11,-0.0007,-0.0715,-0.0492
161807,DE913,"Wolfsburg, Kreisfreie Stadt",2020-03-13,11,-0.045,-0.1017,-0.0492
161808,DE913,"Wolfsburg, Kreisfreie Stadt",2020-03-14,11,-0.159,-0.1363,-0.0492
161809,DE913,"Wolfsburg, Kreisfreie Stadt",2020-03-15,11,-0.2825,-0.1795,-0.0492
161810,DE913,"Wolfsburg, Kreisfreie Stadt",2020-03-16,12,-0.1732,-0.2345,-0.3737
161811,DE913,"Wolfsburg, Kreisfreie Stadt",2020-03-17,12,-0.2615,-0.2989,-0.3737
161812,DE913,"Wolfsburg, Kreisfreie Stadt",2020-03-18,12,-0.3347,-0.3553,-0.3737
161813,DE913,"Wolfsburg, Kreisfreie Stadt",2020-03-19,12,-0.3856,-0.3953,-0.3737
161814,DE913,"Wolfsburg, Kreisfreie Stadt",2020-03-20,12,-0.4961,-0.4476,-0.3737
161815,DE913,"Wolfsburg, Kreisfreie Stadt",2020-03-21,12,-0.5536,-0.4926,-0.3737
161816,DE913,"Wolfsburg, Kreisfreie Stadt",2020-03-22,12,-0.5625,-0.5303,-0.3737
161817,DE913,"Wolfsburg, Kreisfreie Stadt",2020-03-23,13,-0.5395,-0.5574,-0.5767
161818,DE913,"Wolfsburg, Kreisfreie Stadt",2020-03-24,13,-0.5762,-0.5671,-0.5767
161819,DE913,"Wolfsburg, Kreisfreie Stadt",2020-03-25,13,-0.5984,-0.5654,-0.5767
161820,DE913,"Wolfsburg, Kreisfreie Stadt",2020-03-26,13,-0.5757,-0.5829,-0.5767
161821,DE913,"Wolfsburg, Kreisfreie Stadt",2020-03-27,13,-0.5638,-0.5906,-0.5767
161822,DE913,"Wolfsburg, Kreisfreie Stadt",2020-03-28,13,-0.5415,-0.5907,-0.5767
161823,DE913,"Wolfsburg, Kreisfreie Stadt",2020-03-29,13,-0.6852,-0.586,-0.5767
161824,DE913,"Wolfsburg, Kreisfreie Stadt",2020-03-30,14,-0.5935,-0.586,-0.5499
161825,DE913,"Wolfsburg, Kreisfreie Stadt",2020-03-31,14,-0.5771,-0.5766,-0.5499
162612,DE914,Gifhorn,2020-03-01,9,-0.0377,-0.0021,0.0264
162613,DE914,Gifhorn,2020-03-02,10,-0.0377,-0.0076,-0.043
162614,DE914,Gifhorn,2020-03-03,10,-0.0591,-0.0255,-0.043
162615,DE914,Gifhorn,2020-03-04,10,-0.0303,-0.0431,-0.043
162616,DE914,Gifhorn,2020-03-05,10,-0.0305,-0.0429,-0.043
162617,DE914,Gifhorn,2020-03-06,10,-0.0507,-0.0394,-0.043
162618,DE914,Gifhorn,2020-03-07,10,-0.0558,-0.0407,-0.043
162619,DE914,Gifhorn,2020-03-08,10,-0.0362,-0.0437,-0.043
162620,DE914,Gifhorn,2020-03-09,11,-0.0134,-0.0456,-0.0625
162621,DE914,Gifhorn,2020-03-10,11,-0.0678,-0.0464,-0.0625
162622,DE914,Gifhorn,2020-03-11,11,-0.0518,-0.0513,-0.0625
162623,DE914,Gifhorn,2020-03-12,11,-0.0433,-0.0689,-0.0625
162624,DE914,Gifhorn,2020-03-13,11,-0.0562,-0.0849,-0.0625
162625,DE914,Gifhorn,2020-03-14,11,-0.09,-0.1059,-0.0625
162626,DE914,Gifhorn,2020-03-15,11,-0.1596,-0.1344,-0.0625
162627,DE914,Gifhorn,2020-03-16,12,-0.1253,-0.1731,-0.294
162628,DE914,Gifhorn,2020-03-17,12,-0.2151,-0.2169,-0.294
162629,DE914,Gifhorn,2020-03-18,12,-0.2514,-0.2633,-0.294
162630,DE914,Gifhorn,2020-03-19,12,-0.3143,-0.3061,-0.294
162631,DE914,Gifhorn,2020-03-20,12,-0.3629,-0.3466,-0.294
162632,DE914,Gifhorn,2020-03-21,12,-0.4148,-0.378,-0.294
162633,DE914,Gifhorn,2020-03-22,12,-0.4588,-0.4042,-0.294
162634,DE914,Gifhorn,2020-03-23,13,-0.409,-0.422,-0.4404
162635,DE914,Gifhorn,2020-03-24,13,-0.4351,-0.431,-0.4404
162636,DE914,Gifhorn,2020-03-25,13,-0.4344,-0.4287,-0.4404
162637,DE914,Gifhorn,2020-03-26,13,-0.4387,-0.4481,-0.4404
162638,DE914,Gifhorn,2020-03-27,13,-0.4265,-0.4555,-0.4404
162639,DE914,Gifhorn,2020-03-28,13,-0.3988,-0.4542,-0.4404
162640,DE914,Gifhorn,2020-03-29,13,-0.5946,-0.4507,-0.4404
162641,DE914,Gifhorn,2020-03-30,14,-0.4604,-0.4482,-0.4129
162642,DE914,Gifhorn,2020-03-31,14,-0.4258,-0.4379,-0.4129
163429,DE916,Goslar,2020-03-01,9,0.0896,0.0479,0.0547
163430,DE916,Goslar,2020-03-02,10,0.0725,0.0446,0.03
163431,DE916,Goslar,2020-03-03,10,0.0317,0.0342,0.03
163432,DE916,Goslar,2020-03-04,10,0.0279,0.0351,0.03
163433,DE916,Goslar,2020-03-05,10,0.0266,0.0322,0.03
163434,DE916,Goslar,2020-03-06,10,-0.0046,0.0286,0.03
163435,DE916,Goslar,2020-03-07,10,0.0023,0.0221,0.03
163436,DE916,Goslar,2020-03-08,10,0.0692,0.0207,0.03
163437,DE916,Goslar,2020-03-09,11,0.0474,0.018,-0.0007
163438,DE916,Goslar,2020-03-10,11,-0.0141,0.0129,-0.0007
163439,DE916,Goslar,2020-03-11,11,0.018,0.0074,-0.0007
163440,DE916,Goslar,2020-03-12,11,0.0079,0.0004,-0.0007
163441,DE916,Goslar,2020-03-13,11,-0.0404,-0.0147,-0.0007
163442,DE916,Goslar,2020-03-14,11,-0.0358,-0.0351,-0.0007
163443,DE916,Goslar,2020-03-15,11,0.0196,-0.0651,-0.0007
163444,DE916,Goslar,2020-03-16,12,-0.0577,-0.1057,-0.2491
163445,DE916,Goslar,2020-03-17,12,-0.1569,-0.1493,-0.2491
163446,DE916,Goslar,2020-03-18,12,-0.192,-0.2029,-0.2491
163447,DE916,Goslar,2020-03-19,12,-0.2768,-0.2551,-0.2491
163448,DE916,Goslar,2020-03-20,12,-0.3455,-0.2916,-0.2491
163449,DE916,Goslar,2020-03-21,12,-0.4112,-0.3182,-0.2491
163450,DE916,Goslar,2020-03-22,12,-0.3457,-0.3414,-0.2491
163451,DE916,Goslar,2020-03-23,13,-0.3131,-0.3524,-0.3641
163452,DE916,Goslar,2020-03-24,13,-0.3431,-0.3533,-0.3641
163453,DE916,Goslar,2020-03-25,13,-0.3547,-0.3445,-0.3641
163454,DE916,Goslar,2020-03-26,13,-0.3532,-0.3741,-0.3641
163455,DE916,Goslar,2020-03-27,13,-0.3522,-0.3841,-0.3641
163456,DE916,Goslar,2020-03-28,13,-0.3495,-0.3826,-0.3641
163457,DE916,Goslar,2020-03-29,13,-0.5529,-0.3802,-0.3641
163458,DE916,Goslar,2020-03-30,14,-0.3831,-0.3816,-0.3533
163459,DE916,Goslar,2020-03-31,14,-0.3329,-0.3781,-0.3533
164246,DE917,Helmstedt,2020-03-01,9,0.0672,0.0851,0.0968
164247,DE917,Helmstedt,2020-03-02,10,0.0869,0.0806,0.0556
164248,DE917,Helmstedt,2020-03-03,10,0.0355,0.0614,0.0556
164249,DE917,Helmstedt,2020-03-04,10,0.0675,0.0553,0.0556
164250,DE917,Helmstedt,2020-03-05,10,0.0592,0.0572,0.0556
164251,DE917,Helmstedt,2020-03-06,10,0.0256,0.06,0.0556
164252,DE917,Helmstedt,2020-03-07,10,0.0449,0.0607,0.0556
164253,DE917,Helmstedt,2020-03-08,10,0.0811,0.0588,0.0556
164254,DE917,Helmstedt,2020-03-09,11,0.1063,0.0581,0.0339
164255,DE917,Helmstedt,2020-03-10,11,0.0401,0.0567,0.0339
164256,DE917,Helmstedt,2020-03-11,11,0.0545,0.049,0.0339
164257,DE917,Helmstedt,2020-03-12,11,0.0543,0.0261,0.0339
164258,DE917,Helmstedt,2020-03-13,11,0.0156,0.0074,0.0339
164259,DE917,Helmstedt,2020-03-14,11,-0.0092,-0.0139,0.0339
164260,DE917,Helmstedt,2020-03-15,11,-0.0793,-0.0426,0.0339
164261,DE917,Helmstedt,2020-03-16,12,-0.0244,-0.0812,-0.1982
164262,DE917,Helmstedt,2020-03-17,12,-0.109,-0.1239,-0.1982
164263,DE917,Helmstedt,2020-03-18,12,-0.1462,-0.1702,-0.1982
164264,DE917,Helmstedt,2020-03-19,12,-0.2157,-0.2107,-0.1982
164265,DE917,Helmstedt,2020-03-20,12,-0.2832,-0.2507,-0.1982
164266,DE917,Helmstedt,2020-03-21,12,-0.3332,-0.2836,-0.1982
164267,DE917,Helmstedt,2020-03-22,12,-0.3631,-0.3125,-0.1982
164268,DE917,Helmstedt,2020-03-23,13,-0.3045,-0.3295,-0.3508
164269,DE917,Helmstedt,2020-03-24,13,-0.339,-0.3378,-0.3508
164270,DE917,Helmstedt,2020-03-25,13,-0.3486,-0.3358,-0.3508
164271,DE917,Helmstedt,2020-03-26,13,-0.335,-0.362,-0.3508
164272,DE917,Helmstedt,2020-03-27,13,-0.3412,-0.3683,-0.3508
164273,DE917,Helmstedt,2020-03-28,13,-0.3192,-0.3641,-0.3508
164274,DE917,Helmstedt,2020-03-29,13,-0.5462,-0.3584,-0.3508
164275,DE917,Helmstedt,2020-03-30,14,-0.3485,-0.3598,-0.3235
164276,DE917,Helmstedt,2020-03-31,14,-0.3101,-0.3506,-0.3235
165063,DE918,Northeim,2020-03-01,9,0.064,0.0781,0.0841
165064,DE918,Northeim,2020-03-02,10,0.0666,0.0785,0.047
165065,DE918,Northeim,2020-03-03,10,0.0612,0.0611,0.047
165066,DE918,Northeim,2020-03-04,10,0.0681,0.0493,0.047
165067,DE918,Northeim,2020-03-05,10,0.0597,0.0462,0.047
165068,DE918,Northeim,2020-03-06,10,0.0091,0.0464,0.047
165069,DE918,Northeim,2020-03-07,10,0.0163,0.0401,0.047
165070,DE918,Northeim,2020-03-08,10,0.0426,0.0375,0.047
165071,DE918,Northeim,2020-03-09,11,0.0677,0.0364,0.0184
165072,DE918,Northeim,2020-03-10,11,0.017,0.0336,0.0184
165073,DE918,Northeim,2020-03-11,11,0.0498,0.0248,0.0184
165074,DE918,Northeim,2020-03-12,11,0.0523,0.0136,0.0184
165075,DE918,Northeim,2020-03-13,11,-0.0106,-0.0044,0.0184
165076,DE918,Northeim,2020-03-14,11,-0.0454,-0.0242,0.0184
165077,DE918,Northeim,2020-03-15,11,-0.0354,-0.0524,0.0184
165078,DE918,Northeim,2020-03-16,12,-0.0584,-0.0902,-0.2037
165079,DE918,Northeim,2020-03-17,12,-0.1216,-0.1305,-0.2037
165080,DE918,Northeim,2020-03-18,12,-0.1477,-0.1738,-0.2037
165081,DE918,Northeim,2020-03-19,12,-0.2121,-0.2131,-0.2037
165082,DE918,Northeim,2020-03-20,12,-0.2929,-0.2467,-0.2037
165083,DE918,Northeim,2020-03-21,12,-0.3485,-0.2719,-0.2037
165084,DE918,Northeim,2020-03-22,12,-0.3104,-0.2942,-0.2037
165085,DE918,Northeim,2020-03-23,13,-0.2935,-0.307,-0.3191
165086,DE918,Northeim,2020-03-24,13,-0.2984,-0.31,-0.3191
165087,DE918,Northeim,2020-03-25,13,-0.3035,-0.3043,-0.3191
165088,DE918,Northeim,2020-03-26,13,-0.3016,-0.3287,-0.3191
165089,DE918,Northeim,2020-03-27,13,-0.314,-0.3316,-0.3191
165090,DE918,Northeim,2020-03-28,13,-0.3086,-0.3278,-0.3191
165091,DE918,Northeim,2020-03-29,13,-0.4817,-0.3204,-0.3191
165092,DE918,Northeim,2020-03-30,14,-0.3134,-0.3168,-0.2701
165093,DE918,Northeim,2020-03-31,14,-0.2715,-0.3029,-0.2701
165880,DE91A,Peine,2020-03-01,9,0.0993,0.0289,0.0544
165881,DE91A,Peine,2020-03-02,10,-0.0198,0.0246,-0.018
165882,DE91A,Peine,2020-03-03,10,-0.0777,0.0072,-0.018
165883,DE91A,Peine,2020-03-04,10,0.0011,-0.002,-0.018
165884,DE91A,Peine,2020-03-05,10,0.0122,-0.0162,-0.018
165885,DE91A,Peine,2020-03-06,10,-0.0341,-0.0086,-0.018
165886,DE91A,Peine,2020-03-07,10,0.0047,-0.0016,-0.018
165887,DE91A,Peine,2020-03-08,10,-0.0001,-0.0062,-0.018
165888,DE91A,Peine,2020-03-09,11,0.0337,-0.0084,-0.0237
165889,DE91A,Peine,2020-03-10,11,-0.0288,-0.0086,-0.0237
165890,DE91A,Peine,2020-03-11,11,-0.0309,-0.0155,-0.0237
165891,DE91A,Peine,2020-03-12,11,-0.0036,-0.0279,-0.0237
165892,DE91A,Peine,2020-03-13,11,-0.0353,-0.0427,-0.0237
165893,DE91A,Peine,2020-03-14,11,-0.0434,-0.0619,-0.0237
165894,DE91A,Peine,2020-03-15,11,-0.0872,-0.0836,-0.0237
165895,DE91A,Peine,2020-03-16,12,-0.0696,-0.1181,-0.2342
165896,DE91A,Peine,2020-03-17,12,-0.1635,-0.1579,-0.2342
165897,DE91A,Peine,2020-03-18,12,-0.183,-0.2024,-0.2342
165898,DE91A,Peine,2020-03-19,12,-0.2451,-0.2456,-0.2342
165899,DE91A,Peine,2020-03-20,12,-0.3137,-0.2718,-0.2342
165900,DE91A,Peine,2020-03-21,12,-0.3545,-0.2997,-0.2342
165901,DE91A,Peine,2020-03-22,12,-0.3895,-0.3228,-0.2342
165902,DE91A,Peine,2020-03-23,13,-0.2536,-0.3374,-0.3551
165903,DE91A,Peine,2020-03-24,13,-0.3583,-0.345,-0.3551
165904,DE91A,Peine,2020-03-25,13,-0.3447,-0.3433,-0.3551
165905,DE91A,Peine,2020-03-26,13,-0.3477,-0.3665,-0.3551
165906,DE91A,Peine,2020-03-27,13,-0.3667,-0.3839,-0.3551
165907,DE91A,Peine,2020-03-28,13,-0.3428,-0.3818,-0.3551
165908,DE91A,Peine,2020-03-29,13,-0.5515,-0.3775,-0.3551
165909,DE91A,Peine,2020-03-30,14,-0.3755,-0.3757,-0.3255
165910,DE91A,Peine,2020-03-31,14,-0.3439,-0.3604,-0.3255
166697,DE91B,Wolfenbüttel,2020-03-01,9,-0.0216,-0.0002,0.0314
166698,DE91B,Wolfenbüttel,2020-03-02,10,-0.0367,-0.0047,-0.0346
166699,DE91B,Wolfenbüttel,2020-03-03,10,-0.09,-0.0227,-0.0346
166700,DE91B,Wolfenbüttel,2020-03-04,10,-0.0216,-0.0356,-0.0346
166701,DE91B,Wolfenbüttel,2020-03-05,10,-0.0106,-0.0325,-0.0346
166702,DE91B,Wolfenbüttel,2020-03-06,10,-0.0352,-0.0252,-0.0346
166703,DE91B,Wolfenbüttel,2020-03-07,10,-0.0335,-0.0213,-0.0346
166704,DE91B,Wolfenbüttel,2020-03-08,10,-0.0,-0.0294,-0.0346
166705,DE91B,Wolfenbüttel,2020-03-09,11,0.0142,-0.0314,-0.0473
166706,DE91B,Wolfenbüttel,2020-03-10,11,-0.0622,-0.0327,-0.0473
166707,DE91B,Wolfenbüttel,2020-03-11,11,-0.0785,-0.0384,-0.0473
166708,DE91B,Wolfenbüttel,2020-03-12,11,-0.0246,-0.05,-0.0473
166709,DE91B,Wolfenbüttel,2020-03-13,11,-0.0442,-0.0697,-0.0473
166710,DE91B,Wolfenbüttel,2020-03-14,11,-0.0738,-0.0914,-0.0473
166711,DE91B,Wolfenbüttel,2020-03-15,11,-0.0807,-0.1144,-0.0473
166712,DE91B,Wolfenbüttel,2020-03-16,12,-0.1238,-0.1543,-0.2814
166713,DE91B,Wolfenbüttel,2020-03-17,12,-0.2144,-0.2005,-0.2814
166714,DE91B,Wolfenbüttel,2020-03-18,12,-0.2394,-0.2466,-0.2814
166715,DE91B,Wolfenbüttel,2020-03-19,12,-0.3041,-0.2902,-0.2814
166716,DE91B,Wolfenbüttel,2020-03-20,12,-0.367,-0.3283,-0.2814
166717,DE91B,Wolfenbüttel,2020-03-21,12,-0.3971,-0.3567,-0.2814
166718,DE91B,Wolfenbüttel,2020-03-22,12,-0.3855,-0.3785,-0.2814
166719,DE91B,Wolfenbüttel,2020-03-23,13,-0.3902,-0.3901,-0.4
166720,DE91B,Wolfenbüttel,2020-03-24,13,-0.4134,-0.393,-0.4
166721,DE91B,Wolfenbüttel,2020-03-25,13,-0.3922,-0.3839,-0.4
166722,DE91B,Wolfenbüttel,2020-03-26,13,-0.3855,-0.4074,-0.4
166723,DE91B,Wolfenbüttel,2020-03-27,13,-0.3868,-0.4114,-0.4
166724,DE91B,Wolfenbüttel,2020-03-28,13,-0.3341,-0.4043,-0.4
166725,DE91B,Wolfenbüttel,2020-03-29,13,-0.5495,-0.3981,-0.4
166726,DE91B,Wolfenbüttel,2020-03-30,14,-0.4186,-0.395,-0.3495
166727,DE91B,Wolfenbüttel,2020-03-31,14,-0.3635,-0.3811,-0.3495
167514,DE91C,Göttingen,2020-03-01,9,0.021,0.0211,0.0459
167515,DE91C,Göttingen,2020-03-02,10,0.0061,0.0123,-0.0183
167516,DE91C,Göttingen,2020-03-03,10,-0.0104,-0.0063,-0.0183
167517,DE91C,Göttingen,2020-03-04,10,-0.024,-0.0156,-0.0183
167518,DE91C,Göttingen,2020-03-05,10,-0.0295,-0.0151,-0.0183
167519,DE91C,Göttingen,2020-03-06,10,-0.0567,-0.0161,-0.0183
167520,DE91C,Göttingen,2020-03-07,10,-0.0157,-0.025,-0.0183
167521,DE91C,Göttingen,2020-03-08,10,0.0242,-0.0298,-0.0183
167522,DE91C,Göttingen,2020-03-09,11,-0.0005,-0.0321,-0.0618
167523,DE91C,Göttingen,2020-03-10,11,-0.0729,-0.0362,-0.0618
167524,DE91C,Göttingen,2020-03-11,11,-0.0577,-0.0495,-0.0618
167525,DE91C,Göttingen,2020-03-12,11,-0.0452,-0.0638,-0.0618
167526,DE91C,Göttingen,2020-03-13,11,-0.0856,-0.085,-0.0618
167527,DE91C,Göttingen,2020-03-14,11,-0.1091,-0.1105,-0.0618
167528,DE91C,Göttingen,2020-03-15,11,-0.0759,-0.1427,-0.0618
167529,DE91C,Göttingen,2020-03-16,12,-0.1489,-0.1835,-0.3062
167530,DE91C,Göttingen,2020-03-17,12,-0.251,-0.2267,-0.3062
167531,DE91C,Göttingen,2020-03-18,12,-0.283,-0.271,-0.3062
167532,DE91C,Göttingen,2020-03-19,12,-0.3312,-0.3122,-0.3062
167533,DE91C,Göttingen,2020-03-20,12,-0.388,-0.3464,-0.3062
167534,DE91C,Göttingen,2020-03-21,12,-0.4194,-0.3694,-0.3062
167535,DE91C,Göttingen,2020-03-22,12,-0.3642,-0.3879,-0.3062
167536,DE91C,Göttingen,2020-03-23,13,-0.3882,-0.3993,-0.4104
167537,DE91C,Göttingen,2020-03-24,13,-0.4121,-0.4007,-0.4104
167538,DE91C,Göttingen,2020-03-25,13,-0.4125,-0.3933,-0.4104
167539,DE91C,Göttingen,2020-03-26,13,-0.4105,-0.4166,-0.4104
167540,DE91C,Göttingen,2020-03-27,13,-0.3981,-0.4198,-0.4104
167541,DE91C,Göttingen,2020-03-28,13,-0.3675,-0.418,-0.4104
167542,DE91C,Göttingen,2020-03-29,13,-0.5274,-0.4151,-0.4104
167543,DE91C,Göttingen,2020-03-30,14,-0.4107,-0.414,-0.3855
167544,DE91C,Göttingen,2020-03-31,14,-0.3994,-0.4075,-0.3855
168331,DE922,Diepholz,2020-03-01,9,-0.0391,-0.0172,-0.0071
168332,DE922,Diepholz,2020-03-02,10,-0.0446,-0.0172,-0.0284
168333,DE922,Diepholz,2020-03-03,10,-0.0544,-0.03,-0.0284
168334,DE922,Diepholz,2020-03-04,10,-0.0203,-0.0327,-0.0284
168335,DE922,Diepholz,2020-03-05,10,-0.0154,-0.0253,-0.0284
168336,DE922,Diepholz,2020-03-06,10,-0.055,-0.0192,-0.0284
168337,DE922,Diepholz,2020-03-07,10,-0.0003,-0.0204,-0.0284
168338,DE922,Diepholz,2020-03-08,10,0.013,-0.0229,-0.0284
168339,DE922,Diepholz,2020-03-09,11,-0.0022,-0.0254,-0.0663
168340,DE922,Diepholz,2020-03-10,11,-0.0626,-0.0322,-0.0663
168341,DE922,Diepholz,2020-03-11,11,-0.0374,-0.0466,-0.0663
168342,DE922,Diepholz,2020-03-12,11,-0.0332,-0.0721,-0.0663
168343,DE922,Diepholz,2020-03-13,11,-0.1026,-0.0891,-0.0663
168344,DE922,Diepholz,2020-03-14,11,-0.101,-0.1101,-0.0663
168345,DE922,Diepholz,2020-03-15,11,-0.1654,-0.1407,-0.0663
168346,DE922,Diepholz,2020-03-16,12,-0.1217,-0.1784,-0.2813
168347,DE922,Diepholz,2020-03-17,12,-0.2092,-0.2127,-0.2813
168348,DE922,Diepholz,2020-03-18,12,-0.2516,-0.2545,-0.2813
168349,DE922,Diepholz,2020-03-19,12,-0.2973,-0.29,-0.2813
168350,DE922,Diepholz,2020-03-20,12,-0.3427,-0.3209,-0.2813
168351,DE922,Diepholz,2020-03-21,12,-0.3936,-0.3415,-0.2813
168352,DE922,Diepholz,2020-03-22,12,-0.4136,-0.3557,-0.2813
168353,DE922,Diepholz,2020-03-23,13,-0.3382,-0.3613,-0.3671
168354,DE922,Diepholz,2020-03-24,13,-0.3534,-0.3628,-0.3671
168355,DE922,Diepholz,2020-03-25,13,-0.3511,-0.3594,-0.3671
168356,DE922,Diepholz,2020-03-26,13,-0.3364,-0.3765,-0.3671
168357,DE922,Diepholz,2020-03-27,13,-0.3535,-0.3772,-0.3671
168358,DE922,Diepholz,2020-03-28,13,-0.3696,-0.3723,-0.3671
168359,DE922,Diepholz,2020-03-29,13,-0.5331,-0.3707,-0.3671
168360,DE922,Diepholz,2020-03-30,14,-0.3437,-0.3696,-0.3261
168361,DE922,Diepholz,2020-03-31,14,-0.3187,-0.3563,-0.3261
169148,DE923,Hameln-Pyrmont,2020-03-01,9,-0.1421,-0.0957,-0.0688
169149,DE923,Hameln-Pyrmont,2020-03-02,10,-0.1257,-0.0974,-0.1073
169150,DE923,Hameln-Pyrmont,2020-03-03,10,-0.1431,-0.1146,-0.1073
169151,DE923,Hameln-Pyrmont,2020-03-04,10,-0.1143,-0.1197,-0.1073
169152,DE923,Hameln-Pyrmont,2020-03-05,10,-0.0991,-0.1003,-0.1073
169153,DE923,Hameln-Pyrmont,2020-03-06,10,-0.1359,-0.0933,-0.1073
169154,DE923,Hameln-Pyrmont,2020-03-07,10,-0.0776,-0.0943,-0.1073
169155,DE923,Hameln-Pyrmont,2020-03-08,10,-0.006,-0.0964,-0.1073
169156,DE923,Hameln-Pyrmont,2020-03-09,11,-0.0774,-0.0989,-0.1501
169157,DE923,Hameln-Pyrmont,2020-03-10,11,-0.1498,-0.1039,-0.1501
169158,DE923,Hameln-Pyrmont,2020-03-11,11,-0.1294,-0.124,-0.1501
169159,DE923,Hameln-Pyrmont,2020-03-12,11,-0.1166,-0.1562,-0.1501
169160,DE923,Hameln-Pyrmont,2020-03-13,11,-0.1706,-0.1767,-0.1501
169161,DE923,Hameln-Pyrmont,2020-03-14,11,-0.2184,-0.1981,-0.1501
169162,DE923,Hameln-Pyrmont,2020-03-15,11,-0.2314,-0.2272,-0.1501
169163,DE923,Hameln-Pyrmont,2020-03-16,12,-0.2209,-0.2671,-0.3782
169164,DE923,Hameln-Pyrmont,2020-03-17,12,-0.2991,-0.3082,-0.3782
169165,DE923,Hameln-Pyrmont,2020-03-18,12,-0.3332,-0.349,-0.3782
169166,DE923,Hameln-Pyrmont,2020-03-19,12,-0.3964,-0.3871,-0.3782
169167,DE923,Hameln-Pyrmont,2020-03-20,12,-0.4579,-0.4185,-0.3782
169168,DE923,Hameln-Pyrmont,2020-03-21,12,-0.5039,-0.4421,-0.3782
169169,DE923,Hameln-Pyrmont,2020-03-22,12,-0.4985,-0.4595,-0.3782
169170,DE923,Hameln-Pyrmont,2020-03-23,13,-0.4409,-0.4684,-0.4731
169171,DE923,Hameln-Pyrmont,2020-03-24,13,-0.4643,-0.4693,-0.4731
169172,DE923,Hameln-Pyrmont,2020-03-25,13,-0.4546,-0.4642,-0.4731
169173,DE923,Hameln-Pyrmont,2020-03-26,13,-0.4589,-0.4826,-0.4731
169174,DE923,Hameln-Pyrmont,2020-03-27,13,-0.4638,-0.4864,-0.4731
169175,DE923,Hameln-Pyrmont,2020-03-28,13,-0.4682,-0.4812,-0.4731
169176,DE923,Hameln-Pyrmont,2020-03-29,13,-0.6272,-0.4767,-0.4731
169177,DE923,Hameln-Pyrmont,2020-03-30,14,-0.4676,-0.475,-0.4315
169178,DE923,Hameln-Pyrmont,2020-03-31,14,-0.428,-0.4625,-0.4315
169965,DE925,Hildesheim,2020-03-01,9,0.0428,0.0364,0.0457
169966,DE925,Hildesheim,2020-03-02,10,0.0127,0.0364,0.0099
169967,DE925,Hildesheim,2020-03-03,10,-0.0117,0.0198,0.0099
169968,DE925,Hildesheim,2020-03-04,10,0.0338,0.0111,0.0099
169969,DE925,Hildesheim,2020-03-05,10,0.0267,0.0123,0.0099
169970,DE925,Hildesheim,2020-03-06,10,-0.0188,0.0179,0.0099
169971,DE925,Hildesheim,2020-03-07,10,-0.008,0.0175,0.0099
169972,DE925,Hildesheim,2020-03-08,10,0.0515,0.0103,0.0099
169973,DE925,Hildesheim,2020-03-09,11,0.0518,0.0099,-0.0151
169974,DE925,Hildesheim,2020-03-10,11,-0.0147,0.008,-0.0151
169975,DE925,Hildesheim,2020-03-11,11,-0.0165,-0.0014,-0.0151
169976,DE925,Hildesheim,2020-03-12,11,0.024,-0.0209,-0.0151
169977,DE925,Hildesheim,2020-03-13,11,-0.032,-0.0434,-0.0151
169978,DE925,Hildesheim,2020-03-14,11,-0.074,-0.0696,-0.0151
169979,DE925,Hildesheim,2020-03-15,11,-0.0848,-0.0984,-0.0151
169980,DE925,Hildesheim,2020-03-16,12,-0.1056,-0.1429,-0.2695
169981,DE925,Hildesheim,2020-03-17,12,-0.1986,-0.1903,-0.2695
169982,DE925,Hildesheim,2020-03-18,12,-0.218,-0.2365,-0.2695
169983,DE925,Hildesheim,2020-03-19,12,-0.2875,-0.2788,-0.2695
169984,DE925,Hildesheim,2020-03-20,12,-0.3633,-0.3134,-0.2695
169985,DE925,Hildesheim,2020-03-21,12,-0.398,-0.3368,-0.2695
169986,DE925,Hildesheim,2020-03-22,12,-0.3805,-0.3584,-0.2695
169987,DE925,Hildesheim,2020-03-23,13,-0.348,-0.369,-0.3692
169988,DE925,Hildesheim,2020-03-24,13,-0.3624,-0.3674,-0.3692
169989,DE925,Hildesheim,2020-03-25,13,-0.369,-0.3575,-0.3692
169990,DE925,Hildesheim,2020-03-26,13,-0.3615,-0.3781,-0.3692
169991,DE925,Hildesheim,2020-03-27,13,-0.3523,-0.3827,-0.3692
169992,DE925,Hildesheim,2020-03-28,13,-0.329,-0.3771,-0.3692
169993,DE925,Hildesheim,2020-03-29,13,-0.5243,-0.3704,-0.3692
169994,DE925,Hildesheim,2020-03-30,14,-0.3804,-0.3712,-0.3348
169995,DE925,Hildesheim,2020-03-31,14,-0.3234,-0.3613,-0.3348
170782,DE926,Holzminden,2020-03-01,9,0.1456,0.1236,0.0949
170783,DE926,Holzminden,2020-03-02,10,0.1442,0.1321,0.0994
170784,DE926,Holzminden,2020-03-03,10,0.1097,0.1185,0.0994
170785,DE926,Holzminden,2020-03-04,10,0.0804,0.1024,0.0994
170786,DE926,Holzminden,2020-03-05,10,0.0932,0.1018,0.0994
170787,DE926,Holzminden,2020-03-06,10,0.0653,0.0978,0.0994
170788,DE926,Holzminden,2020-03-07,10,0.0787,0.0943,0.0994
170789,DE926,Holzminden,2020-03-08,10,0.1408,0.0953,0.0994
170790,DE926,Holzminden,2020-03-09,11,0.1164,0.0893,0.0587
170791,DE926,Holzminden,2020-03-10,11,0.0851,0.0818,0.0587
170792,DE926,Holzminden,2020-03-11,11,0.0875,0.0715,0.0587
170793,DE926,Holzminden,2020-03-12,11,0.0516,0.0562,0.0587
170794,DE926,Holzminden,2020-03-13,11,0.0126,0.0431,0.0587
170795,DE926,Holzminden,2020-03-14,11,0.0066,0.0121,0.0587
170796,DE926,Holzminden,2020-03-15,11,0.0335,-0.0234,0.0587
170797,DE926,Holzminden,2020-03-16,12,0.0247,-0.0649,-0.191
170798,DE926,Holzminden,2020-03-17,12,-0.1319,-0.1067,-0.191
170799,DE926,Holzminden,2020-03-18,12,-0.161,-0.1527,-0.191
170800,DE926,Holzminden,2020-03-19,12,-0.2391,-0.1988,-0.191
170801,DE926,Holzminden,2020-03-20,12,-0.2795,-0.2398,-0.191
170802,DE926,Holzminden,2020-03-21,12,-0.3152,-0.2626,-0.191
170803,DE926,Holzminden,2020-03-22,12,-0.2897,-0.2809,-0.191
170804,DE926,Holzminden,2020-03-23,13,-0.2623,-0.2881,-0.3035
170805,DE926,Holzminden,2020-03-24,13,-0.2913,-0.2903,-0.3035
170806,DE926,Holzminden,2020-03-25,13,-0.2889,-0.2867,-0.3035
170807,DE926,Holzminden,2020-03-26,13,-0.2901,-0.3137,-0.3035
170808,DE926,Holzminden,2020-03-27,13,-0.2947,-0.3172,-0.3035
170809,DE926,Holzminden,2020-03-28,13,-0.2898,-0.3122,-0.3035
170810,DE926,Holzminden,2020-03-29,13,-0.4791,-0.3082,-0.3035
170811,DE926,Holzminden,2020-03-30,14,-0.2866,-0.3088,-0.2882
170812,DE926,Holzminden,2020-03-31,14,-0.256,-0.3018,-0.2882
171599,DE927,Nienburg (Weser),2020-03-01,9,-0.1266,-0.0896,-0.0759
171600,DE927,Nienburg (Weser),2020-03-02,10,-0.1053,-0.0923,-0.1174
171601,DE927,Nienburg (Weser),2020-03-03,10,-0.1379,-0.1109,-0.1174
171602,DE927,Nienburg (Weser),2020-03-04,10,-0.1212,-0.1189,-0.1174
171603,DE927,Nienburg (Weser),2020-03-05,10,-0.1124,-0.1166,-0.1174
171604,DE927,Nienburg (Weser),2020-03-06,10,-0.1244,-0.1135,-0.1174
171605,DE927,Nienburg (Weser),2020-03-07,10,-0.1044,-0.1133,-0.1174
171606,DE927,Nienburg (Weser),2020-03-08,10,-0.1106,-0.1095,-0.1174
171607,DE927,Nienburg (Weser),2020-03-09,11,-0.0835,-0.1043,-0.1312
171608,DE927,Nienburg (Weser),2020-03-10,11,-0.1362,-0.1091,-0.1312
171609,DE927,Nienburg (Weser),2020-03-11,11,-0.095,-0.1195,-0.1312
171610,DE927,Nienburg (Weser),2020-03-12,11,-0.0759,-0.1378,-0.1312
171611,DE927,Nienburg (Weser),2020-03-13,11,-0.1581,-0.1545,-0.1312
171612,DE927,Nienburg (Weser),2020-03-14,11,-0.1774,-0.1741,-0.1312
171613,DE927,Nienburg (Weser),2020-03-15,11,-0.2387,-0.2008,-0.1312
171614,DE927,Nienburg (Weser),2020-03-16,12,-0.2001,-0.2406,-0.3285
171615,DE927,Nienburg (Weser),2020-03-17,12,-0.2733,-0.2726,-0.3285
171616,DE927,Nienburg (Weser),2020-03-18,12,-0.2824,-0.3066,-0.3285
171617,DE927,Nienburg (Weser),2020-03-19,12,-0.3542,-0.3362,-0.3285
171618,DE927,Nienburg (Weser),2020-03-20,12,-0.3819,-0.3638,-0.3285
171619,DE927,Nienburg (Weser),2020-03-21,12,-0.4158,-0.384,-0.3285
171620,DE927,Nienburg (Weser),2020-03-22,12,-0.4455,-0.4003,-0.3285
171621,DE927,Nienburg (Weser),2020-03-23,13,-0.3931,-0.4056,-0.4106
171622,DE927,Nienburg (Weser),2020-03-24,13,-0.4153,-0.4054,-0.4106
171623,DE927,Nienburg (Weser),2020-03-25,13,-0.3964,-0.4035,-0.4106
171624,DE927,Nienburg (Weser),2020-03-26,13,-0.3911,-0.418,-0.4106
171625,DE927,Nienburg (Weser),2020-03-27,13,-0.3806,-0.421,-0.4106
171626,DE927,Nienburg (Weser),2020-03-28,13,-0.4024,-0.4156,-0.4106
171627,DE927,Nienburg (Weser),2020-03-29,13,-0.5473,-0.4148,-0.4106
171628,DE927,Nienburg (Weser),2020-03-30,14,-0.4137,-0.4143,-0.3842
171629,DE927,Nienburg (Weser),2020-03-31,14,-0.3776,-0.4051,-0.3842
172416,DE928,Schaumburg,2020-03-01,9,-0.1226,-0.0663,-0.0483
172417,DE928,Schaumburg,2020-03-02,10,-0.0803,-0.068,-0.0871
172418,DE928,Schaumburg,2020-03-03,10,-0.106,-0.0822,-0.0871
172419,DE928,Schaumburg,2020-03-04,10,-0.063,-0.0902,-0.0871
172420,DE928,Schaumburg,2020-03-05,10,-0.0642,-0.0883,-0.0871
172421,DE928,Schaumburg,2020-03-06,10,-0.1023,-0.085,-0.0871
172422,DE928,Schaumburg,2020-03-07,10,-0.0932,-0.0859,-0.0871
172423,DE928,Schaumburg,2020-03-08,10,-0.109,-0.0895,-0.0871
172424,DE928,Schaumburg,2020-03-09,11,-0.0576,-0.0911,-0.1098
172425,DE928,Schaumburg,2020-03-10,11,-0.1118,-0.097,-0.1098
172426,DE928,Schaumburg,2020-03-11,11,-0.0888,-0.1024,-0.1098
172427,DE928,Schaumburg,2020-03-12,11,-0.0753,-0.1142,-0.1098
172428,DE928,Schaumburg,2020-03-13,11,-0.1434,-0.1282,-0.1098
172429,DE928,Schaumburg,2020-03-14,11,-0.1308,-0.147,-0.1098
172430,DE928,Schaumburg,2020-03-15,11,-0.1918,-0.1732,-0.1098
172431,DE928,Schaumburg,2020-03-16,12,-0.1556,-0.2082,-0.3099
172432,DE928,Schaumburg,2020-03-17,12,-0.2436,-0.241,-0.3099
172433,DE928,Schaumburg,2020-03-18,12,-0.2719,-0.2809,-0.3099
172434,DE928,Schaumburg,2020-03-19,12,-0.3202,-0.3191,-0.3099
172435,DE928,Schaumburg,2020-03-20,12,-0.3734,-0.3515,-0.3099
172436,DE928,Schaumburg,2020-03-21,12,-0.4102,-0.3736,-0.3099
172437,DE928,Schaumburg,2020-03-22,12,-0.4587,-0.3927,-0.3099
172438,DE928,Schaumburg,2020-03-23,13,-0.3823,-0.4029,-0.4107
172439,DE928,Schaumburg,2020-03-24,13,-0.3989,-0.4051,-0.4107
172440,DE928,Schaumburg,2020-03-25,13,-0.4051,-0.4011,-0.4107
172441,DE928,Schaumburg,2020-03-26,13,-0.3917,-0.4194,-0.4107
172442,DE928,Schaumburg,2020-03-27,13,-0.3891,-0.4235,-0.4107
172443,DE928,Schaumburg,2020-03-28,13,-0.3818,-0.421,-0.4107
172444,DE928,Schaumburg,2020-03-29,13,-0.5869,-0.4144,-0.4107
172445,DE928,Schaumburg,2020-03-30,14,-0.4112,-0.4122,-0.3741
172446,DE928,Schaumburg,2020-03-31,14,-0.3814,-0.4021,-0.3741
173233,DE929,Region Hannover,2020-03-01,9,-0.0409,-0.0185,-0.0016
173234,DE929,Region Hannover,2020-03-02,10,-0.0326,-0.0194,-0.0358
173235,DE929,Region Hannover,2020-03-03,10,-0.0621,-0.0322,-0.0358
173236,DE929,Region Hannover,2020-03-04,10,-0.0232,-0.0381,-0.0358
173237,DE929,Region Hannover,2020-03-05,10,-0.0197,-0.0342,-0.0358
173238,DE929,Region Hannover,2020-03-06,10,-0.0573,-0.0286,-0.0358
173239,DE929,Region Hannover,2020-03-07,10,-0.0313,-0.0291,-0.0358
173240,DE929,Region Hannover,2020-03-08,10,-0.0135,-0.0318,-0.0358
173241,DE929,Region Hannover,2020-03-09,11,0.0067,-0.0348,-0.0716
173242,DE929,Region Hannover,2020-03-10,11,-0.0657,-0.0417,-0.0716
173243,DE929,Region Hannover,2020-03-11,11,-0.0418,-0.0566,-0.0716
173244,DE929,Region Hannover,2020-03-12,11,-0.0409,-0.0787,-0.0716
173245,DE929,Region Hannover,2020-03-13,11,-0.1056,-0.1005,-0.0716
173246,DE929,Region Hannover,2020-03-14,11,-0.1354,-0.1273,-0.0716
173247,DE929,Region Hannover,2020-03-15,11,-0.1682,-0.1622,-0.0716
173248,DE929,Region Hannover,2020-03-16,12,-0.1457,-0.2064,-0.3241
173249,DE929,Region Hannover,2020-03-17,12,-0.2537,-0.2486,-0.3241
173250,DE929,Region Hannover,2020-03-18,12,-0.2855,-0.2935,-0.3241
173251,DE929,Region Hannover,2020-03-19,12,-0.3506,-0.3339,-0.3241
173252,DE929,Region Hannover,2020-03-20,12,-0.4009,-0.3709,-0.3241
173253,DE929,Region Hannover,2020-03-21,12,-0.45,-0.3957,-0.3241
173254,DE929,Region Hannover,2020-03-22,12,-0.4508,-0.4162,-0.3241
173255,DE929,Region Hannover,2020-03-23,13,-0.4047,-0.4269,-0.4369
173256,DE929,Region Hannover,2020-03-24,13,-0.4276,-0.4301,-0.4369
173257,DE929,Region Hannover,2020-03-25,13,-0.429,-0.426,-0.4369
173258,DE929,Region Hannover,2020-03-26,13,-0.4256,-0.4458,-0.4369
173259,DE929,Region Hannover,2020-03-27,13,-0.4233,-0.4519,-0.4369
173260,DE929,Region Hannover,2020-03-28,13,-0.4212,-0.4501,-0.4369
173261,DE929,Region Hannover,2020-03-29,13,-0.589,-0.4491,-0.4369
173262,DE929,Region Hannover,2020-03-30,14,-0.4475,-0.4501,-0.408
173263,DE929,Region Hannover,2020-03-31,14,-0.4153,-0.4406,-0.408
174050,DE931,Celle,2020-03-01,9,0.0408,0.0549,0.0621
174051,DE931,Celle,2020-03-02,10,0.0319,0.0534,0.0261
174052,DE931,Celle,2020-03-03,10,0.0132,0.0369,0.0261
174053,DE931,Celle,2020-03-04,10,0.0416,0.0282,0.0261
174054,DE931,Celle,2020-03-05,10,0.0331,0.027,0.0261
174055,DE931,Celle,2020-03-06,10,-0.0004,0.0303,0.0261
174056,DE931,Celle,2020-03-07,10,0.0373,0.0276,0.0261
174057,DE931,Celle,2020-03-08,10,0.0325,0.0262,0.0261
174058,DE931,Celle,2020-03-09,11,0.0549,0.0246,0.002
174059,DE931,Celle,2020-03-10,11,-0.0057,0.0238,0.002
174060,DE931,Celle,2020-03-11,11,0.0315,0.0123,0.002
174061,DE931,Celle,2020-03-12,11,0.0221,-0.0049,0.002
174062,DE931,Celle,2020-03-13,11,-0.0062,-0.0232,0.002
174063,DE931,Celle,2020-03-14,11,-0.043,-0.0498,0.002
174064,DE931,Celle,2020-03-15,11,-0.0877,-0.0872,0.002
174065,DE931,Celle,2020-03-16,12,-0.0731,-0.1319,-0.262
174066,DE931,Celle,2020-03-17,12,-0.192,-0.1791,-0.262
174067,DE931,Celle,2020-03-18,12,-0.2306,-0.2293,-0.262
174068,DE931,Celle,2020-03-19,12,-0.2909,-0.2733,-0.262
174069,DE931,Celle,2020-03-20,12,-0.3362,-0.3146,-0.262
174070,DE931,Celle,2020-03-21,12,-0.3945,-0.3448,-0.262
174071,DE931,Celle,2020-03-22,12,-0.396,-0.3677,-0.262
174072,DE931,Celle,2020-03-23,13,-0.362,-0.3801,-0.3962
174073,DE931,Celle,2020-03-24,13,-0.4034,-0.3874,-0.3962
174074,DE931,Celle,2020-03-25,13,-0.3911,-0.385,-0.3962
174075,DE931,Celle,2020-03-26,13,-0.3778,-0.4043,-0.3962
174076,DE931,Celle,2020-03-27,13,-0.3874,-0.4091,-0.3962
174077,DE931,Celle,2020-03-28,13,-0.3774,-0.4063,-0.3962
174078,DE931,Celle,2020-03-29,13,-0.531,-0.4033,-0.3962
174079,DE931,Celle,2020-03-30,14,-0.3953,-0.4027,-0.3683
174080,DE931,Celle,2020-03-31,14,-0.3841,-0.3918,-0.3683
174867,DE932,Cuxhaven,2020-03-01,9,-0.0394,0.0421,0.0552
174868,DE932,Cuxhaven,2020-03-02,10,0.0312,0.0381,0.019
174869,DE932,Cuxhaven,2020-03-03,10,0.0276,0.017,0.019
174870,DE932,Cuxhaven,2020-03-04,10,0.0354,0.0164,0.019
174871,DE932,Cuxhaven,2020-03-05,10,0.0247,0.0181,0.019
174872,DE932,Cuxhaven,2020-03-06,10,-0.0269,0.0211,0.019
174873,DE932,Cuxhaven,2020-03-07,10,0.062,0.0156,0.019
174874,DE932,Cuxhaven,2020-03-08,10,-0.0273,0.02,0.019
174875,DE932,Cuxhaven,2020-03-09,11,0.0521,0.0161,-0.0081
174876,DE932,Cuxhaven,2020-03-10,11,-0.0111,0.0147,-0.0081
174877,DE932,Cuxhaven,2020-03-11,11,0.0664,0.0024,-0.0081
174878,DE932,Cuxhaven,2020-03-12,11,-0.0022,-0.0133,-0.0081
174879,DE932,Cuxhaven,2020-03-13,11,-0.0371,-0.0288,-0.0081
174880,DE932,Cuxhaven,2020-03-14,11,-0.024,-0.0459,-0.0081
174881,DE932,Cuxhaven,2020-03-15,11,-0.1369,-0.0828,-0.0081
174882,DE932,Cuxhaven,2020-03-16,12,-0.057,-0.1146,-0.2256
174883,DE932,Cuxhaven,2020-03-17,12,-0.1303,-0.1503,-0.2256
174884,DE932,Cuxhaven,2020-03-18,12,-0.1921,-0.1966,-0.2256
174885,DE932,Cuxhaven,2020-03-19,12,-0.2248,-0.2332,-0.2256
174886,DE932,Cuxhaven,2020-03-20,12,-0.2872,-0.2679,-0.2256
174887,DE932,Cuxhaven,2020-03-21,12,-0.3478,-0.2961,-0.2256
174888,DE932,Cuxhaven,2020-03-22,12,-0.3932,-0.3107,-0.2256
174889,DE932,Cuxhaven,2020-03-23,13,-0.2999,-0.3226,-0.3351
174890,DE932,Cuxhaven,2020-03-24,13,-0.3272,-0.3271,-0.3351
174891,DE932,Cuxhaven,2020-03-25,13,-0.2945,-0.329,-0.3351
174892,DE932,Cuxhaven,2020-03-26,13,-0.3082,-0.3419,-0.3351
174893,DE932,Cuxhaven,2020-03-27,13,-0.3189,-0.3442,-0.3351
174894,DE932,Cuxhaven,2020-03-28,13,-0.3611,-0.3379,-0.3351
174895,DE932,Cuxhaven,2020-03-29,13,-0.4836,-0.3434,-0.3351
174896,DE932,Cuxhaven,2020-03-30,14,-0.3158,-0.3474,-0.3231
174897,DE932,Cuxhaven,2020-03-31,14,-0.2829,-0.34,-0.3231
175684,DE933,Harburg,2020-03-01,9,-0.0298,0.0005,0.0184
175685,DE933,Harburg,2020-03-02,10,-0.0217,-0.0018,-0.0297
175686,DE933,Harburg,2020-03-03,10,-0.0437,-0.019,-0.0297
175687,DE933,Harburg,2020-03-04,10,-0.0132,-0.0264,-0.0297
175688,DE933,Harburg,2020-03-05,10,-0.0095,-0.0309,-0.0297
175689,DE933,Harburg,2020-03-06,10,-0.049,-0.0282,-0.0297
175690,DE933,Harburg,2020-03-07,10,-0.018,-0.0306,-0.0297
175691,DE933,Harburg,2020-03-08,10,-0.0613,-0.0311,-0.0297
175692,DE933,Harburg,2020-03-09,11,-0.0029,-0.0346,-0.0546
175693,DE933,Harburg,2020-03-10,11,-0.0605,-0.0375,-0.0546
175694,DE933,Harburg,2020-03-11,11,-0.0168,-0.046,-0.0546
175695,DE933,Harburg,2020-03-12,11,-0.0335,-0.0604,-0.0546
175696,DE933,Harburg,2020-03-13,11,-0.0698,-0.0778,-0.0546
175697,DE933,Harburg,2020-03-14,11,-0.0774,-0.1005,-0.0546
175698,DE933,Harburg,2020-03-15,11,-0.1618,-0.1338,-0.0546
175699,DE933,Harburg,2020-03-16,12,-0.1248,-0.172,-0.2724
175700,DE933,Harburg,2020-03-17,12,-0.2194,-0.2075,-0.2724
175701,DE933,Harburg,2020-03-18,12,-0.25,-0.2474,-0.2724
175702,DE933,Harburg,2020-03-19,12,-0.3006,-0.2789,-0.2724
175703,DE933,Harburg,2020-03-20,12,-0.3184,-0.3094,-0.2724
175704,DE933,Harburg,2020-03-21,12,-0.3567,-0.3287,-0.2724
175705,DE933,Harburg,2020-03-22,12,-0.3825,-0.3426,-0.2724
175706,DE933,Harburg,2020-03-23,13,-0.3381,-0.3479,-0.3611
175707,DE933,Harburg,2020-03-24,13,-0.3543,-0.3522,-0.3611
175708,DE933,Harburg,2020-03-25,13,-0.3479,-0.3491,-0.3611
175709,DE933,Harburg,2020-03-26,13,-0.3377,-0.3691,-0.3611
175710,DE933,Harburg,2020-03-27,13,-0.348,-0.3745,-0.3611
175711,DE933,Harburg,2020-03-28,13,-0.3355,-0.3712,-0.3611
175712,DE933,Harburg,2020-03-29,13,-0.5221,-0.3719,-0.3611
175713,DE933,Harburg,2020-03-30,14,-0.3759,-0.3723,-0.3374
175714,DE933,Harburg,2020-03-31,14,-0.3314,-0.363,-0.3374
176501,DE934,Lüchow-Dannenberg,2020-03-01,9,0.1013,0.0917,0.0767
176502,DE934,Lüchow-Dannenberg,2020-03-02,10,0.0951,0.1001,0.0818
176503,DE934,Lüchow-Dannenberg,2020-03-03,10,0.0862,0.0879,0.0818
176504,DE934,Lüchow-Dannenberg,2020-03-04,10,0.0799,0.0826,0.0818
176505,DE934,Lüchow-Dannenberg,2020-03-05,10,0.1007,0.0827,0.0818
176506,DE934,Lüchow-Dannenberg,2020-03-06,10,0.0506,0.0855,0.0818
176507,DE934,Lüchow-Dannenberg,2020-03-07,10,0.0646,0.0887,0.0818
176508,DE934,Lüchow-Dannenberg,2020-03-08,10,0.1017,0.0963,0.0818
176509,DE934,Lüchow-Dannenberg,2020-03-09,11,0.1145,0.0966,0.0712
176510,DE934,Lüchow-Dannenberg,2020-03-10,11,0.109,0.0972,0.0712
176511,DE934,Lüchow-Dannenberg,2020-03-11,11,0.1332,0.0827,0.0712
176512,DE934,Lüchow-Dannenberg,2020-03-12,11,0.1025,0.0636,0.0712
176513,DE934,Lüchow-Dannenberg,2020-03-13,11,0.0547,0.0444,0.0712
176514,DE934,Lüchow-Dannenberg,2020-03-14,11,-0.0367,0.0155,0.0712
176515,DE934,Lüchow-Dannenberg,2020-03-15,11,-0.032,-0.0156,0.0712
176516,DE934,Lüchow-Dannenberg,2020-03-16,12,-0.0202,-0.0517,-0.1449
176517,DE934,Lüchow-Dannenberg,2020-03-17,12,-0.0933,-0.0886,-0.1449
176518,DE934,Lüchow-Dannenberg,2020-03-18,12,-0.0846,-0.1233,-0.1449
176519,DE934,Lüchow-Dannenberg,2020-03-19,12,-0.1498,-0.1516,-0.1449
176520,DE934,Lüchow-Dannenberg,2020-03-20,12,-0.2035,-0.1838,-0.1449
176521,DE934,Lüchow-Dannenberg,2020-03-21,12,-0.28,-0.2037,-0.1449
176522,DE934,Lüchow-Dannenberg,2020-03-22,12,-0.2295,-0.2265,-0.1449
176523,DE934,Lüchow-Dannenberg,2020-03-23,13,-0.2457,-0.2339,-0.2393
176524,DE934,Lüchow-Dannenberg,2020-03-24,13,-0.233,-0.2305,-0.2393
176525,DE934,Lüchow-Dannenberg,2020-03-25,13,-0.2438,-0.2212,-0.2393
176526,DE934,Lüchow-Dannenberg,2020-03-26,13,-0.2021,-0.2494,-0.2393
176527,DE934,Lüchow-Dannenberg,2020-03-27,13,-0.1797,-0.254,-0.2393
176528,DE934,Lüchow-Dannenberg,2020-03-28,13,-0.2145,-0.2551,-0.2393
176529,DE934,Lüchow-Dannenberg,2020-03-29,13,-0.4268,-0.2578,-0.2393
176530,DE934,Lüchow-Dannenberg,2020-03-30,14,-0.2778,-0.267,-0.2666
176531,DE934,Lüchow-Dannenberg,2020-03-31,14,-0.2409,-0.27,-0.2666
177318,DE935,"Lüneburg, Landkreis",2020-03-01,9,-0.0069,-0.0205,-0.0141
177319,DE935,"Lüneburg, Landkreis",2020-03-02,10,-0.0441,-0.0206,-0.0448
177320,DE935,"Lüneburg, Landkreis",2020-03-03,10,-0.0503,-0.0358,-0.0448
177321,DE935,"Lüneburg, Landkreis",2020-03-04,10,-0.036,-0.04,-0.0448
177322,DE935,"Lüneburg, Landkreis",2020-03-05,10,-0.0369,-0.0436,-0.0448
177323,DE935,"Lüneburg, Landkreis",2020-03-06,10,-0.0715,-0.0389,-0.0448
177324,DE935,"Lüneburg, Landkreis",2020-03-07,10,-0.0343,-0.0422,-0.0448
177325,DE935,"Lüneburg, Landkreis",2020-03-08,10,-0.032,-0.0408,-0.0448
177326,DE935,"Lüneburg, Landkreis",2020-03-09,11,-0.0113,-0.0439,-0.0685
177327,DE935,"Lüneburg, Landkreis",2020-03-10,11,-0.0732,-0.0466,-0.0685
177328,DE935,"Lüneburg, Landkreis",2020-03-11,11,-0.0264,-0.0574,-0.0685
177329,DE935,"Lüneburg, Landkreis",2020-03-12,11,-0.0583,-0.0739,-0.0685
177330,DE935,"Lüneburg, Landkreis",2020-03-13,11,-0.0904,-0.0967,-0.0685
177331,DE935,"Lüneburg, Landkreis",2020-03-14,11,-0.1099,-0.1242,-0.0685
177332,DE935,"Lüneburg, Landkreis",2020-03-15,11,-0.1479,-0.1631,-0.0685
177333,DE935,"Lüneburg, Landkreis",2020-03-16,12,-0.1705,-0.208,-0.3298
177334,DE935,"Lüneburg, Landkreis",2020-03-17,12,-0.2656,-0.251,-0.3298
177335,DE935,"Lüneburg, Landkreis",2020-03-18,12,-0.299,-0.2986,-0.3298
177336,DE935,"Lüneburg, Landkreis",2020-03-19,12,-0.3729,-0.336,-0.3298
177337,DE935,"Lüneburg, Landkreis",2020-03-20,12,-0.3912,-0.3703,-0.3298
177338,DE935,"Lüneburg, Landkreis",2020-03-21,12,-0.4434,-0.3935,-0.3298
177339,DE935,"Lüneburg, Landkreis",2020-03-22,12,-0.4096,-0.4103,-0.3298
177340,DE935,"Lüneburg, Landkreis",2020-03-23,13,-0.4106,-0.4133,-0.4153
177341,DE935,"Lüneburg, Landkreis",2020-03-24,13,-0.4282,-0.4151,-0.4153
177342,DE935,"Lüneburg, Landkreis",2020-03-25,13,-0.4166,-0.407,-0.4153
177343,DE935,"Lüneburg, Landkreis",2020-03-26,13,-0.3936,-0.4198,-0.4153
177344,DE935,"Lüneburg, Landkreis",2020-03-27,13,-0.404,-0.4216,-0.4153
177345,DE935,"Lüneburg, Landkreis",2020-03-28,13,-0.3865,-0.4162,-0.4153
177346,DE935,"Lüneburg, Landkreis",2020-03-29,13,-0.4991,-0.4138,-0.4153
177347,DE935,"Lüneburg, Landkreis",2020-03-30,14,-0.4233,-0.4142,-0.3911
177348,DE935,"Lüneburg, Landkreis",2020-03-31,14,-0.3903,-0.4074,-0.3911
178135,DE936,Osterholz,2020-03-01,9,0.0069,-0.0053,-0.0144
178136,DE936,Osterholz,2020-03-02,10,-0.0223,0.0002,-0.0177
178137,DE936,Osterholz,2020-03-03,10,-0.0256,-0.0087,-0.0177
178138,DE936,Osterholz,2020-03-04,10,0.0164,-0.0093,-0.0177
178139,DE936,Osterholz,2020-03-05,10,0.0129,-0.0198,-0.0177
178140,DE936,Osterholz,2020-03-06,10,-0.0366,-0.0149,-0.0177
178141,DE936,Osterholz,2020-03-07,10,-0.0169,-0.0173,-0.0177
178142,DE936,Osterholz,2020-03-08,10,-0.0666,-0.0177,-0.0177
178143,DE936,Osterholz,2020-03-09,11,0.012,-0.0236,-0.0453
178144,DE936,Osterholz,2020-03-10,11,-0.0423,-0.0273,-0.0453
178145,DE936,Osterholz,2020-03-11,11,0.0136,-0.0371,-0.0453
178146,DE936,Osterholz,2020-03-12,11,-0.0284,-0.0514,-0.0453
178147,DE936,Osterholz,2020-03-13,11,-0.0629,-0.0686,-0.0453
178148,DE936,Osterholz,2020-03-14,11,-0.0851,-0.0889,-0.0453
178149,DE936,Osterholz,2020-03-15,11,-0.1666,-0.1259,-0.0453
178150,DE936,Osterholz,2020-03-16,12,-0.1084,-0.1599,-0.2515
178151,DE936,Osterholz,2020-03-17,12,-0.1845,-0.1937,-0.2515
178152,DE936,Osterholz,2020-03-18,12,-0.2455,-0.2279,-0.2515
178153,DE936,Osterholz,2020-03-19,12,-0.2666,-0.2581,-0.2515
178154,DE936,Osterholz,2020-03-20,12,-0.2993,-0.288,-0.2515
178155,DE936,Osterholz,2020-03-21,12,-0.3241,-0.3097,-0.2515
178156,DE936,Osterholz,2020-03-22,12,-0.3784,-0.3198,-0.2515
178157,DE936,Osterholz,2020-03-23,13,-0.3179,-0.3262,-0.338
178158,DE936,Osterholz,2020-03-24,13,-0.336,-0.3273,-0.338
178159,DE936,Osterholz,2020-03-25,13,-0.3159,-0.3294,-0.338
178160,DE936,Osterholz,2020-03-26,13,-0.3118,-0.3455,-0.338
178161,DE936,Osterholz,2020-03-27,13,-0.3069,-0.3493,-0.338
178162,DE936,Osterholz,2020-03-28,13,-0.3392,-0.3451,-0.338
178163,DE936,Osterholz,2020-03-29,13,-0.4907,-0.347,-0.338
178164,DE936,Osterholz,2020-03-30,14,-0.3447,-0.3478,-0.3151
178165,DE936,Osterholz,2020-03-31,14,-0.3064,-0.3389,-0.3151
178952,DE937,Rotenburg (Wümme),2020-03-01,9,-0.0728,-0.0124,0.0097
178953,DE937,Rotenburg (Wümme),2020-03-02,10,-0.0358,-0.0148,-0.0369
178954,DE937,Rotenburg (Wümme),2020-03-03,10,-0.041,-0.0271,-0.0369
178955,DE937,Rotenburg (Wümme),2020-03-04,10,-0.0164,-0.0382,-0.0369
178956,DE937,Rotenburg (Wümme),2020-03-05,10,-0.0139,-0.0393,-0.0369
178957,DE937,Rotenburg (Wümme),2020-03-06,10,-0.0433,-0.0382,-0.0369
178958,DE937,Rotenburg (Wümme),2020-03-07,10,-0.044,-0.0401,-0.0369
178959,DE937,Rotenburg (Wümme),2020-03-08,10,-0.0808,-0.0413,-0.0369
178960,DE937,Rotenburg (Wümme),2020-03-09,11,-0.0279,-0.0451,-0.0702
178961,DE937,Rotenburg (Wümme),2020-03-10,11,-0.0545,-0.0493,-0.0702
178962,DE937,Rotenburg (Wümme),2020-03-11,11,-0.0245,-0.0608,-0.0702
178963,DE937,Rotenburg (Wümme),2020-03-12,11,-0.041,-0.0784,-0.0702
178964,DE937,Rotenburg (Wümme),2020-03-13,11,-0.0726,-0.0935,-0.0702
178965,DE937,Rotenburg (Wümme),2020-03-14,11,-0.1245,-0.118,-0.0702
178966,DE937,Rotenburg (Wümme),2020-03-15,11,-0.2037,-0.1511,-0.0702
178967,DE937,Rotenburg (Wümme),2020-03-16,12,-0.1339,-0.1881,-0.286
178968,DE937,Rotenburg (Wümme),2020-03-17,12,-0.2256,-0.2248,-0.286
178969,DE937,Rotenburg (Wümme),2020-03-18,12,-0.2566,-0.2626,-0.286
178970,DE937,Rotenburg (Wümme),2020-03-19,12,-0.3,-0.2957,-0.286
178971,DE937,Rotenburg (Wümme),2020-03-20,12,-0.3291,-0.3286,-0.286
178972,DE937,Rotenburg (Wümme),2020-03-21,12,-0.3896,-0.3494,-0.286
178973,DE937,Rotenburg (Wümme),2020-03-22,12,-0.4352,-0.3649,-0.286
178974,DE937,Rotenburg (Wümme),2020-03-23,13,-0.3639,-0.3741,-0.3847
178975,DE937,Rotenburg (Wümme),2020-03-24,13,-0.3717,-0.378,-0.3847
178976,DE937,Rotenburg (Wümme),2020-03-25,13,-0.3647,-0.377,-0.3847
178977,DE937,Rotenburg (Wümme),2020-03-26,13,-0.3645,-0.3934,-0.3847
178978,DE937,Rotenburg (Wümme),2020-03-27,13,-0.3564,-0.3956,-0.3847
178979,DE937,Rotenburg (Wümme),2020-03-28,13,-0.3828,-0.3931,-0.3847
178980,DE937,Rotenburg (Wümme),2020-03-29,13,-0.55,-0.3876,-0.3847
178981,DE937,Rotenburg (Wümme),2020-03-30,14,-0.3789,-0.3812,-0.3384
178982,DE937,Rotenburg (Wümme),2020-03-31,14,-0.3542,-0.368,-0.3384
179769,DE938,Heidekreis,2020-03-01,9,-0.0212,0.0373,0.0492
179770,DE938,Heidekreis,2020-03-02,10,0.0433,0.0344,0.0214
179771,DE938,Heidekreis,2020-03-03,10,0.0149,0.0218,0.0214
179772,DE938,Heidekreis,2020-03-04,10,0.0235,0.0162,0.0214
179773,DE938,Heidekreis,2020-03-05,10,0.0302,0.0215,0.0214
179774,DE938,Heidekreis,2020-03-06,10,-0.0051,0.0235,0.0214
179775,DE938,Heidekreis,2020-03-07,10,0.0279,0.0214,0.0214
179776,DE938,Heidekreis,2020-03-08,10,0.0162,0.0242,0.0214
179777,DE938,Heidekreis,2020-03-09,11,0.0573,0.0265,-0.0018
179778,DE938,Heidekreis,2020-03-10,11,-0.0004,0.023,-0.0018
179779,DE938,Heidekreis,2020-03-11,11,0.0435,0.0122,-0.0018
179780,DE938,Heidekreis,2020-03-12,11,0.0459,-0.0104,-0.0018
179781,DE938,Heidekreis,2020-03-13,11,-0.0296,-0.031,-0.0018
179782,DE938,Heidekreis,2020-03-14,11,-0.0476,-0.0584,-0.0018
179783,DE938,Heidekreis,2020-03-15,11,-0.1418,-0.0987,-0.0018
179784,DE938,Heidekreis,2020-03-16,12,-0.0868,-0.1482,-0.2705
179785,DE938,Heidekreis,2020-03-17,12,-0.1923,-0.1903,-0.2705
179786,DE938,Heidekreis,2020-03-18,12,-0.2385,-0.2392,-0.2705
179787,DE938,Heidekreis,2020-03-19,12,-0.3008,-0.2816,-0.2705
179788,DE938,Heidekreis,2020-03-20,12,-0.3246,-0.3178,-0.2705
179789,DE938,Heidekreis,2020-03-21,12,-0.3897,-0.3426,-0.2705
179790,DE938,Heidekreis,2020-03-22,12,-0.4388,-0.3614,-0.2705
179791,DE938,Heidekreis,2020-03-23,13,-0.3398,-0.371,-0.381
179792,DE938,Heidekreis,2020-03-24,13,-0.3663,-0.3757,-0.381
179793,DE938,Heidekreis,2020-03-25,13,-0.3696,-0.3745,-0.381
179794,DE938,Heidekreis,2020-03-26,13,-0.3684,-0.3904,-0.381
179795,DE938,Heidekreis,2020-03-27,13,-0.3573,-0.3932,-0.381
179796,DE938,Heidekreis,2020-03-28,13,-0.3811,-0.3908,-0.381
179797,DE938,Heidekreis,2020-03-29,13,-0.5499,-0.3916,-0.381
179798,DE938,Heidekreis,2020-03-30,14,-0.3599,-0.3943,-0.382
179799,DE938,Heidekreis,2020-03-31,14,-0.3491,-0.3907,-0.382
180586,DE939,Stade,2020-03-01,9,-0.0365,-0.0134,-0.0201
180587,DE939,Stade,2020-03-02,10,-0.0135,-0.0081,-0.0212
180588,DE939,Stade,2020-03-03,10,-0.0249,-0.021,-0.0212
180589,DE939,Stade,2020-03-04,10,0.0033,-0.0219,-0.0212
180590,DE939,Stade,2020-03-05,10,-0.0032,-0.0213,-0.0212
180591,DE939,Stade,2020-03-06,10,-0.0611,-0.0192,-0.0212
180592,DE939,Stade,2020-03-07,10,-0.0173,-0.0233,-0.0212
180593,DE939,Stade,2020-03-08,10,-0.0328,-0.0247,-0.0212
180594,DE939,Stade,2020-03-09,11,0.0016,-0.0296,-0.0578
180595,DE939,Stade,2020-03-10,11,-0.0533,-0.0338,-0.0578
180596,DE939,Stade,2020-03-11,11,-0.0067,-0.0446,-0.0578
180597,DE939,Stade,2020-03-12,11,-0.0379,-0.064,-0.0578
180598,DE939,Stade,2020-03-13,11,-0.0899,-0.0831,-0.0578
180599,DE939,Stade,2020-03-14,11,-0.0933,-0.106,-0.0578
180600,DE939,Stade,2020-03-15,11,-0.1687,-0.1421,-0.0578
180601,DE939,Stade,2020-03-16,12,-0.132,-0.1786,-0.2726
180602,DE939,Stade,2020-03-17,12,-0.2138,-0.2132,-0.2726
180603,DE939,Stade,2020-03-18,12,-0.259,-0.2519,-0.2726
180604,DE939,Stade,2020-03-19,12,-0.2936,-0.2771,-0.2726
180605,DE939,Stade,2020-03-20,12,-0.332,-0.3072,-0.2726
180606,DE939,Stade,2020-03-21,12,-0.3642,-0.3281,-0.2726
180607,DE939,Stade,2020-03-22,12,-0.3452,-0.3398,-0.2726
180608,DE939,Stade,2020-03-23,13,-0.3426,-0.3476,-0.3621
180609,DE939,Stade,2020-03-24,13,-0.3603,-0.3515,-0.3621
180610,DE939,Stade,2020-03-25,13,-0.3409,-0.3511,-0.3621
180611,DE939,Stade,2020-03-26,13,-0.3483,-0.3674,-0.3621
180612,DE939,Stade,2020-03-27,13,-0.359,-0.3716,-0.3621
180613,DE939,Stade,2020-03-28,13,-0.3611,-0.3656,-0.3621
180614,DE939,Stade,2020-03-29,13,-0.4599,-0.3663,-0.3621
180615,DE939,Stade,2020-03-30,14,-0.3719,-0.3631,-0.3305
180616,DE939,Stade,2020-03-31,14,-0.318,-0.3521,-0.3305
181403,DE93A,Uelzen,2020-03-01,9,-0.0532,0.0068,0.0314
181404,DE93A,Uelzen,2020-03-02,10,-0.0352,0.0089,-0.0215
181405,DE93A,Uelzen,2020-03-03,10,-0.041,-0.0096,-0.0215
181406,DE93A,Uelzen,2020-03-04,10,0.0007,-0.0253,-0.0215
181407,DE93A,Uelzen,2020-03-05,10,0.0058,-0.0214,-0.0215
181408,DE93A,Uelzen,2020-03-06,10,-0.0452,-0.0138,-0.0215
181409,DE93A,Uelzen,2020-03-07,10,-0.0088,-0.0113,-0.0215
181410,DE93A,Uelzen,2020-03-08,10,-0.0261,-0.0139,-0.0215
181411,DE93A,Uelzen,2020-03-09,11,0.0181,-0.0202,-0.0483
181412,DE93A,Uelzen,2020-03-10,11,-0.0233,-0.0238,-0.0483
181413,DE93A,Uelzen,2020-03-11,11,-0.0175,-0.0369,-0.0483
181414,DE93A,Uelzen,2020-03-12,11,-0.0388,-0.0565,-0.0483
181415,DE93A,Uelzen,2020-03-13,11,-0.0705,-0.0807,-0.0483
181416,DE93A,Uelzen,2020-03-14,11,-0.1003,-0.1118,-0.0483
181417,DE93A,Uelzen,2020-03-15,11,-0.1632,-0.1483,-0.0483
181418,DE93A,Uelzen,2020-03-16,12,-0.1516,-0.1895,-0.305
181419,DE93A,Uelzen,2020-03-17,12,-0.241,-0.2306,-0.305
181420,DE93A,Uelzen,2020-03-18,12,-0.273,-0.2758,-0.305
181421,DE93A,Uelzen,2020-03-19,12,-0.3267,-0.3157,-0.305
181422,DE93A,Uelzen,2020-03-20,12,-0.3586,-0.3472,-0.305
181423,DE93A,Uelzen,2020-03-21,12,-0.4169,-0.3706,-0.305
181424,DE93A,Uelzen,2020-03-22,12,-0.4423,-0.3885,-0.305
181425,DE93A,Uelzen,2020-03-23,13,-0.3721,-0.3982,-0.4121
181426,DE93A,Uelzen,2020-03-24,13,-0.4048,-0.4028,-0.4121
181427,DE93A,Uelzen,2020-03-25,13,-0.398,-0.4023,-0.4121
181428,DE93A,Uelzen,2020-03-26,13,-0.3949,-0.4229,-0.4121
181429,DE93A,Uelzen,2020-03-27,13,-0.3906,-0.4307,-0.4121
181430,DE93A,Uelzen,2020-03-28,13,-0.4135,-0.429,-0.4121
181431,DE93A,Uelzen,2020-03-29,13,-0.5861,-0.4255,-0.4121
181432,DE93A,Uelzen,2020-03-30,14,-0.4269,-0.4234,-0.389
181433,DE93A,Uelzen,2020-03-31,14,-0.393,-0.4138,-0.389
182220,DE93B,Verden,2020-03-01,9,-0.1211,-0.1046,-0.0856
182221,DE93B,Verden,2020-03-02,10,-0.1491,-0.1066,-0.1201
182222,DE93B,Verden,2020-03-03,10,-0.1406,-0.1165,-0.1201
182223,DE93B,Verden,2020-03-04,10,-0.0947,-0.1179,-0.1201
182224,DE93B,Verden,2020-03-05,10,-0.0991,-0.1208,-0.1201
182225,DE93B,Verden,2020-03-06,10,-0.1247,-0.1109,-0.1201
182226,DE93B,Verden,2020-03-07,10,-0.0957,-0.1093,-0.1201
182227,DE93B,Verden,2020-03-08,10,-0.1414,-0.1117,-0.1201
182228,DE93B,Verden,2020-03-09,11,-0.08,-0.1124,-0.1307
182229,DE93B,Verden,2020-03-10,11,-0.1294,-0.1145,-0.1307
182230,DE93B,Verden,2020-03-11,11,-0.1117,-0.1246,-0.1307
182231,DE93B,Verden,2020-03-12,11,-0.1043,-0.1364,-0.1307
182232,DE93B,Verden,2020-03-13,11,-0.139,-0.1545,-0.1307
182233,DE93B,Verden,2020-03-14,11,-0.1667,-0.1755,-0.1307
182234,DE93B,Verden,2020-03-15,11,-0.2237,-0.2041,-0.1307
182235,DE93B,Verden,2020-03-16,12,-0.2064,-0.2402,-0.3397
182236,DE93B,Verden,2020-03-17,12,-0.277,-0.2755,-0.3397
182237,DE93B,Verden,2020-03-18,12,-0.3115,-0.3137,-0.3397
182238,DE93B,Verden,2020-03-19,12,-0.3569,-0.3477,-0.3397
182239,DE93B,Verden,2020-03-20,12,-0.3861,-0.3776,-0.3397
182240,DE93B,Verden,2020-03-21,12,-0.434,-0.3985,-0.3397
182241,DE93B,Verden,2020-03-22,12,-0.4622,-0.413,-0.3397
182242,DE93B,Verden,2020-03-23,13,-0.4154,-0.4203,-0.4337
182243,DE93B,Verden,2020-03-24,13,-0.4236,-0.4242,-0.4337
182244,DE93B,Verden,2020-03-25,13,-0.4131,-0.4248,-0.4337
182245,DE93B,Verden,2020-03-26,13,-0.4078,-0.4419,-0.4337
182246,DE93B,Verden,2020-03-27,13,-0.4134,-0.4459,-0.4337
182247,DE93B,Verden,2020-03-28,13,-0.438,-0.4415,-0.4337
182248,DE93B,Verden,2020-03-29,13,-0.5825,-0.4397,-0.4337
182249,DE93B,Verden,2020-03-30,14,-0.4428,-0.4367,-0.3915
182250,DE93B,Verden,2020-03-31,14,-0.3929,-0.4234,-0.3915
183037,DE941,"Delmenhorst, Kreisfreie Stadt",2020-03-01,9,0.1421,0.1227,0.1275
183038,DE941,"Delmenhorst, Kreisfreie Stadt",2020-03-02,10,0.1001,0.1028,0.0656
183039,DE941,"Delmenhorst, Kreisfreie Stadt",2020-03-03,10,0.1166,0.0821,0.0656
183040,DE941,"Delmenhorst, Kreisfreie Stadt",2020-03-04,10,0.0794,0.0734,0.0656
183041,DE941,"Delmenhorst, Kreisfreie Stadt",2020-03-05,10,-0.0277,0.0692,0.0656
183042,DE941,"Delmenhorst, Kreisfreie Stadt",2020-03-06,10,0.0193,0.0677,0.0656
183043,DE941,"Delmenhorst, Kreisfreie Stadt",2020-03-07,10,0.0836,0.0541,0.0656
183044,DE941,"Delmenhorst, Kreisfreie Stadt",2020-03-08,10,0.1128,0.0557,0.0656
183045,DE941,"Delmenhorst, Kreisfreie Stadt",2020-03-09,11,0.09,0.0693,0.051
183046,DE941,"Delmenhorst, Kreisfreie Stadt",2020-03-10,11,0.0215,0.0709,0.051
183047,DE941,"Delmenhorst, Kreisfreie Stadt",2020-03-11,11,0.0907,0.0647,0.051
183048,DE941,"Delmenhorst, Kreisfreie Stadt",2020-03-12,11,0.0673,0.0483,0.051
183049,DE941,"Delmenhorst, Kreisfreie Stadt",2020-03-13,11,0.0302,0.0347,0.051
183050,DE941,"Delmenhorst, Kreisfreie Stadt",2020-03-14,11,0.0401,0.0157,0.051
183051,DE941,"Delmenhorst, Kreisfreie Stadt",2020-03-15,11,-0.002,-0.0177,0.051
183052,DE941,"Delmenhorst, Kreisfreie Stadt",2020-03-16,12,-0.0048,-0.056,-0.1692
183053,DE941,"Delmenhorst, Kreisfreie Stadt",2020-03-17,12,-0.1115,-0.0959,-0.1692
183054,DE941,"Delmenhorst, Kreisfreie Stadt",2020-03-18,12,-0.1432,-0.1371,-0.1692
183055,DE941,"Delmenhorst, Kreisfreie Stadt",2020-03-19,12,-0.2006,-0.1749,-0.1692
183056,DE941,"Delmenhorst, Kreisfreie Stadt",2020-03-20,12,-0.249,-0.2113,-0.1692
183057,DE941,"Delmenhorst, Kreisfreie Stadt",2020-03-21,12,-0.2485,-0.2361,-0.1692
183058,DE941,"Delmenhorst, Kreisfreie Stadt",2020-03-22,12,-0.2668,-0.2539,-0.1692
183059,DE941,"Delmenhorst, Kreisfreie Stadt",2020-03-23,13,-0.2598,-0.2649,-0.2856
183060,DE941,"Delmenhorst, Kreisfreie Stadt",2020-03-24,13,-0.2848,-0.27,-0.2856
183061,DE941,"Delmenhorst, Kreisfreie Stadt",2020-03-25,13,-0.2676,-0.2735,-0.2856
183062,DE941,"Delmenhorst, Kreisfreie Stadt",2020-03-26,13,-0.2776,-0.291,-0.2856
183063,DE941,"Delmenhorst, Kreisfreie Stadt",2020-03-27,13,-0.2852,-0.2942,-0.2856
183064,DE941,"Delmenhorst, Kreisfreie Stadt",2020-03-28,13,-0.2729,-0.2901,-0.2856
183065,DE941,"Delmenhorst, Kreisfreie Stadt",2020-03-29,13,-0.389,-0.2924,-0.2856
183066,DE941,"Delmenhorst, Kreisfreie Stadt",2020-03-30,14,-0.2825,-0.2937,-0.2731
183067,DE941,"Delmenhorst, Kreisfreie Stadt",2020-03-31,14,-0.2562,-0.2843,-0.2731
183854,DE942,"Emden, Kreisfreie Stadt",2020-03-01,9,0.1946,0.1459,0.1389
183855,DE942,"Emden, Kreisfreie Stadt",2020-03-02,10,0.1192,0.1446,0.1089
183856,DE942,"Emden, Kreisfreie Stadt",2020-03-03,10,0.1123,0.128,0.1089
183857,DE942,"Emden, Kreisfreie Stadt",2020-03-04,10,0.1364,0.1214,0.1089
183858,DE942,"Emden, Kreisfreie Stadt",2020-03-05,10,0.1083,0.11,0.1089
183859,DE942,"Emden, Kreisfreie Stadt",2020-03-06,10,0.0601,0.1145,0.1089
183860,DE942,"Emden, Kreisfreie Stadt",2020-03-07,10,0.1192,0.1128,0.1089
183861,DE942,"Emden, Kreisfreie Stadt",2020-03-08,10,0.1147,0.1189,0.1089
183862,DE942,"Emden, Kreisfreie Stadt",2020-03-09,11,0.1502,0.1198,0.1008
183863,DE942,"Emden, Kreisfreie Stadt",2020-03-10,11,0.1002,0.1194,0.1008
183864,DE942,"Emden, Kreisfreie Stadt",2020-03-11,11,0.1797,0.1099,0.1008
183865,DE942,"Emden, Kreisfreie Stadt",2020-03-12,11,0.1141,0.0916,0.1008
183866,DE942,"Emden, Kreisfreie Stadt",2020-03-13,11,0.0573,0.0677,0.1008
183867,DE942,"Emden, Kreisfreie Stadt",2020-03-14,11,0.0528,0.035,0.1008
183868,DE942,"Emden, Kreisfreie Stadt",2020-03-15,11,-0.0129,-0.0211,0.1008
183869,DE942,"Emden, Kreisfreie Stadt",2020-03-16,12,-0.0175,-0.0719,-0.192
183870,DE942,"Emden, Kreisfreie Stadt",2020-03-17,12,-0.1282,-0.1221,-0.192
183871,DE942,"Emden, Kreisfreie Stadt",2020-03-18,12,-0.2135,-0.1661,-0.192
183872,DE942,"Emden, Kreisfreie Stadt",2020-03-19,12,-0.2413,-0.195,-0.192
183873,DE942,"Emden, Kreisfreie Stadt",2020-03-20,12,-0.294,-0.2427,-0.192
183874,DE942,"Emden, Kreisfreie Stadt",2020-03-21,12,-0.2552,-0.2751,-0.192
183875,DE942,"Emden, Kreisfreie Stadt",2020-03-22,12,-0.2155,-0.291,-0.192
183876,DE942,"Emden, Kreisfreie Stadt",2020-03-23,13,-0.351,-0.3022,-0.3232
183877,DE942,"Emden, Kreisfreie Stadt",2020-03-24,13,-0.3554,-0.3056,-0.3232
183878,DE942,"Emden, Kreisfreie Stadt",2020-03-25,13,-0.3243,-0.3086,-0.3232
183879,DE942,"Emden, Kreisfreie Stadt",2020-03-26,13,-0.3196,-0.3192,-0.3232
183880,DE942,"Emden, Kreisfreie Stadt",2020-03-27,13,-0.3183,-0.3184,-0.3232
183881,DE942,"Emden, Kreisfreie Stadt",2020-03-28,13,-0.276,-0.3181,-0.3232
183882,DE942,"Emden, Kreisfreie Stadt",2020-03-29,13,-0.2896,-0.3283,-0.3232
183883,DE942,"Emden, Kreisfreie Stadt",2020-03-30,14,-0.3453,-0.3369,-0.3053
183884,DE942,"Emden, Kreisfreie Stadt",2020-03-31,14,-0.3535,-0.3217,-0.3053
184671,DE943,"Oldenburg (Oldenburg), Kreisfreie Stadt",2020-03-01,9,0.0099,0.0298,0.0403
184672,DE943,"Oldenburg (Oldenburg), Kreisfreie Stadt",2020-03-02,10,0.0039,0.0298,0.0136
184673,DE943,"Oldenburg (Oldenburg), Kreisfreie Stadt",2020-03-03,10,0.0309,0.016,0.0136
184674,DE943,"Oldenburg (Oldenburg), Kreisfreie Stadt",2020-03-04,10,0.0215,0.014,0.0136
184675,DE943,"Oldenburg (Oldenburg), Kreisfreie Stadt",2020-03-05,10,0.0212,0.0137,0.0136
184676,DE943,"Oldenburg (Oldenburg), Kreisfreie Stadt",2020-03-06,10,-0.0153,0.0198,0.0136
184677,DE943,"Oldenburg (Oldenburg), Kreisfreie Stadt",2020-03-07,10,0.0259,0.0133,0.0136
184678,DE943,"Oldenburg (Oldenburg), Kreisfreie Stadt",2020-03-08,10,0.0078,0.0152,0.0136
184679,DE943,"Oldenburg (Oldenburg), Kreisfreie Stadt",2020-03-09,11,0.0466,0.0127,-0.0315
184680,DE943,"Oldenburg (Oldenburg), Kreisfreie Stadt",2020-03-10,11,-0.0146,0.0067,-0.0315
184681,DE943,"Oldenburg (Oldenburg), Kreisfreie Stadt",2020-03-11,11,0.0345,-0.0142,-0.0315
184682,DE943,"Oldenburg (Oldenburg), Kreisfreie Stadt",2020-03-12,11,0.0039,-0.0442,-0.0315
184683,DE943,"Oldenburg (Oldenburg), Kreisfreie Stadt",2020-03-13,11,-0.0571,-0.0727,-0.0315
184684,DE943,"Oldenburg (Oldenburg), Kreisfreie Stadt",2020-03-14,11,-0.1206,-0.111,-0.0315
184685,DE943,"Oldenburg (Oldenburg), Kreisfreie Stadt",2020-03-15,11,-0.2022,-0.1636,-0.0315
184686,DE943,"Oldenburg (Oldenburg), Kreisfreie Stadt",2020-03-16,12,-0.153,-0.2193,-0.3516
184687,DE943,"Oldenburg (Oldenburg), Kreisfreie Stadt",2020-03-17,12,-0.2823,-0.2714,-0.3516
184688,DE943,"Oldenburg (Oldenburg), Kreisfreie Stadt",2020-03-18,12,-0.3341,-0.3245,-0.3516
184689,DE943,"Oldenburg (Oldenburg), Kreisfreie Stadt",2020-03-19,12,-0.3859,-0.36,-0.3516
184690,DE943,"Oldenburg (Oldenburg), Kreisfreie Stadt",2020-03-20,12,-0.4213,-0.4003,-0.3516
184691,DE943,"Oldenburg (Oldenburg), Kreisfreie Stadt",2020-03-21,12,-0.4923,-0.4255,-0.3516
184692,DE943,"Oldenburg (Oldenburg), Kreisfreie Stadt",2020-03-22,12,-0.4509,-0.4427,-0.3516
184693,DE943,"Oldenburg (Oldenburg), Kreisfreie Stadt",2020-03-23,13,-0.4351,-0.4533,-0.467
184694,DE943,"Oldenburg (Oldenburg), Kreisfreie Stadt",2020-03-24,13,-0.4586,-0.4588,-0.467
184695,DE943,"Oldenburg (Oldenburg), Kreisfreie Stadt",2020-03-25,13,-0.4547,-0.4593,-0.467
184696,DE943,"Oldenburg (Oldenburg), Kreisfreie Stadt",2020-03-26,13,-0.4599,-0.4726,-0.467
184697,DE943,"Oldenburg (Oldenburg), Kreisfreie Stadt",2020-03-27,13,-0.4602,-0.4767,-0.467
184698,DE943,"Oldenburg (Oldenburg), Kreisfreie Stadt",2020-03-28,13,-0.496,-0.4726,-0.467
184699,DE943,"Oldenburg (Oldenburg), Kreisfreie Stadt",2020-03-29,13,-0.5439,-0.4752,-0.467
184700,DE943,"Oldenburg (Oldenburg), Kreisfreie Stadt",2020-03-30,14,-0.4637,-0.4746,-0.441
184701,DE943,"Oldenburg (Oldenburg), Kreisfreie Stadt",2020-03-31,14,-0.4301,-0.4645,-0.441
185488,DE944,"Osnabrück, Kreisfreie Stadt",2020-03-01,9,-0.0831,-0.0925,-0.0848
185489,DE944,"Osnabrück, Kreisfreie Stadt",2020-03-02,10,-0.129,-0.09,-0.1057
185490,DE944,"Osnabrück, Kreisfreie Stadt",2020-03-03,10,-0.118,-0.099,-0.1057
185491,DE944,"Osnabrück, Kreisfreie Stadt",2020-03-04,10,-0.1036,-0.104,-0.1057
185492,DE944,"Osnabrück, Kreisfreie Stadt",2020-03-05,10,-0.0867,-0.1044,-0.1057
185493,DE944,"Osnabrück, Kreisfreie Stadt",2020-03-06,10,-0.1097,-0.0987,-0.1057
185494,DE944,"Osnabrück, Kreisfreie Stadt",2020-03-07,10,-0.0979,-0.1042,-0.1057
185495,DE944,"Osnabrück, Kreisfreie Stadt",2020-03-08,10,-0.0856,-0.1075,-0.1057
185496,DE944,"Osnabrück, Kreisfreie Stadt",2020-03-09,11,-0.0896,-0.1144,-0.168
185497,DE944,"Osnabrück, Kreisfreie Stadt",2020-03-10,11,-0.1562,-0.1255,-0.168
185498,DE944,"Osnabrück, Kreisfreie Stadt",2020-03-11,11,-0.1264,-0.1491,-0.168
185499,DE944,"Osnabrück, Kreisfreie Stadt",2020-03-12,11,-0.1356,-0.1777,-0.168
185500,DE944,"Osnabrück, Kreisfreie Stadt",2020-03-13,11,-0.1873,-0.204,-0.168
185501,DE944,"Osnabrück, Kreisfreie Stadt",2020-03-14,11,-0.2626,-0.2359,-0.168
185502,DE944,"Osnabrück, Kreisfreie Stadt",2020-03-15,11,-0.2862,-0.2745,-0.168
185503,DE944,"Osnabrück, Kreisfreie Stadt",2020-03-16,12,-0.2739,-0.3209,-0.4431
185504,DE944,"Osnabrück, Kreisfreie Stadt",2020-03-17,12,-0.3792,-0.3681,-0.4431
185505,DE944,"Osnabrück, Kreisfreie Stadt",2020-03-18,12,-0.3966,-0.4147,-0.4431
185506,DE944,"Osnabrück, Kreisfreie Stadt",2020-03-19,12,-0.4601,-0.4524,-0.4431
185507,DE944,"Osnabrück, Kreisfreie Stadt",2020-03-20,12,-0.5182,-0.4861,-0.4431
185508,DE944,"Osnabrück, Kreisfreie Stadt",2020-03-21,12,-0.5889,-0.5081,-0.4431
185509,DE944,"Osnabrück, Kreisfreie Stadt",2020-03-22,12,-0.5501,-0.5272,-0.4431
185510,DE944,"Osnabrück, Kreisfreie Stadt",2020-03-23,13,-0.5095,-0.5375,-0.5465
185511,DE944,"Osnabrück, Kreisfreie Stadt",2020-03-24,13,-0.5334,-0.5406,-0.5465
185512,DE944,"Osnabrück, Kreisfreie Stadt",2020-03-25,13,-0.5304,-0.5383,-0.5465
185513,DE944,"Osnabrück, Kreisfreie Stadt",2020-03-26,13,-0.5318,-0.5548,-0.5465
185514,DE944,"Osnabrück, Kreisfreie Stadt",2020-03-27,13,-0.54,-0.5593,-0.5465
185515,DE944,"Osnabrück, Kreisfreie Stadt",2020-03-28,13,-0.5727,-0.556,-0.5465
185516,DE944,"Osnabrück, Kreisfreie Stadt",2020-03-29,13,-0.6657,-0.5539,-0.5465
185517,DE944,"Osnabrück, Kreisfreie Stadt",2020-03-30,14,-0.541,-0.5521,-0.5119
185518,DE944,"Osnabrück, Kreisfreie Stadt",2020-03-31,14,-0.5102,-0.5413,-0.5119
186305,DE945,"Wilhelmshaven, Kreisfreie Stadt",2020-03-01,9,-0.0102,0.0014,0.0042
186306,DE945,"Wilhelmshaven, Kreisfreie Stadt",2020-03-02,10,-0.029,0.0041,-0.0191
186307,DE945,"Wilhelmshaven, Kreisfreie Stadt",2020-03-03,10,-0.031,-0.012,-0.0191
186308,DE945,"Wilhelmshaven, Kreisfreie Stadt",2020-03-04,10,-0.0126,-0.0152,-0.0191
186309,DE945,"Wilhelmshaven, Kreisfreie Stadt",2020-03-05,10,0.0177,-0.0196,-0.0191
186310,DE945,"Wilhelmshaven, Kreisfreie Stadt",2020-03-06,10,-0.0509,-0.0179,-0.0191
186311,DE945,"Wilhelmshaven, Kreisfreie Stadt",2020-03-07,10,0.0094,-0.0217,-0.0191
186312,DE945,"Wilhelmshaven, Kreisfreie Stadt",2020-03-08,10,-0.0406,-0.0185,-0.0191
186313,DE945,"Wilhelmshaven, Kreisfreie Stadt",2020-03-09,11,-0.0176,-0.023,-0.0425
186314,DE945,"Wilhelmshaven, Kreisfreie Stadt",2020-03-10,11,-0.0571,-0.024,-0.0425
186315,DE945,"Wilhelmshaven, Kreisfreie Stadt",2020-03-11,11,0.0097,-0.034,-0.0425
186316,DE945,"Wilhelmshaven, Kreisfreie Stadt",2020-03-12,11,-0.014,-0.0502,-0.0425
186317,DE945,"Wilhelmshaven, Kreisfreie Stadt",2020-03-13,11,-0.0577,-0.0664,-0.0425
186318,DE945,"Wilhelmshaven, Kreisfreie Stadt",2020-03-14,11,-0.0603,-0.0917,-0.0425
186319,DE945,"Wilhelmshaven, Kreisfreie Stadt",2020-03-15,11,-0.1541,-0.1335,-0.0425
186320,DE945,"Wilhelmshaven, Kreisfreie Stadt",2020-03-16,12,-0.1311,-0.177,-0.2922
186321,DE945,"Wilhelmshaven, Kreisfreie Stadt",2020-03-17,12,-0.2341,-0.2183,-0.2922
186322,DE945,"Wilhelmshaven, Kreisfreie Stadt",2020-03-18,12,-0.283,-0.2672,-0.2922
186323,DE945,"Wilhelmshaven, Kreisfreie Stadt",2020-03-19,12,-0.3189,-0.3018,-0.2922
186324,DE945,"Wilhelmshaven, Kreisfreie Stadt",2020-03-20,12,-0.3465,-0.3379,-0.2922
186325,DE945,"Wilhelmshaven, Kreisfreie Stadt",2020-03-21,12,-0.4029,-0.3635,-0.2922
186326,DE945,"Wilhelmshaven, Kreisfreie Stadt",2020-03-22,12,-0.3962,-0.3786,-0.2922
186327,DE945,"Wilhelmshaven, Kreisfreie Stadt",2020-03-23,13,-0.3834,-0.3877,-0.4042
186328,DE945,"Wilhelmshaven, Kreisfreie Stadt",2020-03-24,13,-0.4133,-0.3953,-0.4042
186329,DE945,"Wilhelmshaven, Kreisfreie Stadt",2020-03-25,13,-0.389,-0.3975,-0.4042
186330,DE945,"Wilhelmshaven, Kreisfreie Stadt",2020-03-26,13,-0.3824,-0.4096,-0.4042
186331,DE945,"Wilhelmshaven, Kreisfreie Stadt",2020-03-27,13,-0.4001,-0.4117,-0.4042
186332,DE945,"Wilhelmshaven, Kreisfreie Stadt",2020-03-28,13,-0.4181,-0.4036,-0.4042
186333,DE945,"Wilhelmshaven, Kreisfreie Stadt",2020-03-29,13,-0.4806,-0.4062,-0.4042
186334,DE945,"Wilhelmshaven, Kreisfreie Stadt",2020-03-30,14,-0.3983,-0.4084,-0.3846
186335,DE945,"Wilhelmshaven, Kreisfreie Stadt",2020-03-31,14,-0.3564,-0.4017,-0.3846
187122,DE946,Ammerland,2020-03-01,9,-0.0615,-0.0087,0.0008
187123,DE946,Ammerland,2020-03-02,10,-0.0246,-0.0072,-0.0202
187124,DE946,Ammerland,2020-03-03,10,-0.0115,-0.0225,-0.0202
187125,DE946,Ammerland,2020-03-04,10,-0.0123,-0.0229,-0.0202
187126,DE946,Ammerland,2020-03-05,10,-0.0059,-0.0205,-0.0202
187127,DE946,Ammerland,2020-03-06,10,-0.0493,-0.0168,-0.0202
187128,DE946,Ammerland,2020-03-07,10,0.0047,-0.0208,-0.0202
187129,DE946,Ammerland,2020-03-08,10,-0.0442,-0.017,-0.0202
187130,DE946,Ammerland,2020-03-09,11,0.0007,-0.0193,-0.0493
187131,DE946,Ammerland,2020-03-10,11,-0.0389,-0.0215,-0.0493
187132,DE946,Ammerland,2020-03-11,11,0.0137,-0.0359,-0.0493
187133,DE946,Ammerland,2020-03-12,11,-0.0215,-0.0571,-0.0493
187134,DE946,Ammerland,2020-03-13,11,-0.065,-0.0758,-0.0493
187135,DE946,Ammerland,2020-03-14,11,-0.0959,-0.0993,-0.0493
187136,DE946,Ammerland,2020-03-15,11,-0.1929,-0.1383,-0.0493
187137,DE946,Ammerland,2020-03-16,12,-0.13,-0.1784,-0.2889
187138,DE946,Ammerland,2020-03-17,12,-0.2034,-0.216,-0.2889
187139,DE946,Ammerland,2020-03-18,12,-0.259,-0.2605,-0.2889
187140,DE946,Ammerland,2020-03-19,12,-0.3027,-0.2996,-0.2889
187141,DE946,Ammerland,2020-03-20,12,-0.328,-0.3293,-0.2889
187142,DE946,Ammerland,2020-03-21,12,-0.4072,-0.3514,-0.2889
187143,DE946,Ammerland,2020-03-22,12,-0.4672,-0.3636,-0.2889
187144,DE946,Ammerland,2020-03-23,13,-0.3374,-0.3701,-0.3746
187145,DE946,Ammerland,2020-03-24,13,-0.3583,-0.374,-0.3746
187146,DE946,Ammerland,2020-03-25,13,-0.3443,-0.3725,-0.3746
187147,DE946,Ammerland,2020-03-26,13,-0.3482,-0.3835,-0.3746
187148,DE946,Ammerland,2020-03-27,13,-0.3557,-0.3883,-0.3746
187149,DE946,Ammerland,2020-03-28,13,-0.3961,-0.3848,-0.3746
187150,DE946,Ammerland,2020-03-29,13,-0.5446,-0.3894,-0.3746
187151,DE946,Ammerland,2020-03-30,14,-0.3706,-0.3907,-0.3659
187152,DE946,Ammerland,2020-03-31,14,-0.3337,-0.3856,-0.3659
187939,DE947,Aurich,2020-03-01,9,-0.1051,-0.0377,-0.0416
187940,DE947,Aurich,2020-03-02,10,-0.0433,-0.0362,-0.0441
187941,DE947,Aurich,2020-03-03,10,-0.0296,-0.0488,-0.0441
187942,DE947,Aurich,2020-03-04,10,-0.008,-0.0452,-0.0441
187943,DE947,Aurich,2020-03-05,10,-0.0285,-0.0464,-0.0441
187944,DE947,Aurich,2020-03-06,10,-0.0735,-0.0425,-0.0441
187945,DE947,Aurich,2020-03-07,10,-0.0282,-0.0464,-0.0441
187946,DE947,Aurich,2020-03-08,10,-0.114,-0.045,-0.0441
187947,DE947,Aurich,2020-03-09,11,-0.0156,-0.0482,-0.0745
187948,DE947,Aurich,2020-03-10,11,-0.0568,-0.0517,-0.0745
187949,DE947,Aurich,2020-03-11,11,0.0015,-0.0648,-0.0745
187950,DE947,Aurich,2020-03-12,11,-0.0505,-0.0812,-0.0745
187951,DE947,Aurich,2020-03-13,11,-0.0982,-0.0974,-0.0745
187952,DE947,Aurich,2020-03-14,11,-0.12,-0.12,-0.0745
187953,DE947,Aurich,2020-03-15,11,-0.2289,-0.1612,-0.0745
187954,DE947,Aurich,2020-03-16,12,-0.1288,-0.2008,-0.3067
187955,DE947,Aurich,2020-03-17,12,-0.2152,-0.2378,-0.3067
187956,DE947,Aurich,2020-03-18,12,-0.2866,-0.2831,-0.3067
187957,DE947,Aurich,2020-03-19,12,-0.3281,-0.3134,-0.3067
187958,DE947,Aurich,2020-03-20,12,-0.357,-0.3512,-0.3067
187959,DE947,Aurich,2020-03-21,12,-0.4374,-0.3793,-0.3067
187960,DE947,Aurich,2020-03-22,12,-0.4405,-0.3921,-0.3067
187961,DE947,Aurich,2020-03-23,13,-0.3937,-0.4001,-0.4142
187962,DE947,Aurich,2020-03-24,13,-0.4115,-0.4064,-0.4142
187963,DE947,Aurich,2020-03-25,13,-0.3766,-0.4095,-0.4142
187964,DE947,Aurich,2020-03-26,13,-0.3839,-0.4188,-0.4142
187965,DE947,Aurich,2020-03-27,13,-0.4013,-0.4185,-0.4142
187966,DE947,Aurich,2020-03-28,13,-0.4593,-0.4112,-0.4142
187967,DE947,Aurich,2020-03-29,13,-0.5055,-0.4124,-0.4142
187968,DE947,Aurich,2020-03-30,14,-0.3911,-0.4121,-0.3844
187969,DE947,Aurich,2020-03-31,14,-0.361,-0.4047,-0.3844
188756,DE948,Cloppenburg,2020-03-01,9,-0.0851,-0.0229,-0.0193
188757,DE948,Cloppenburg,2020-03-02,10,-0.0157,-0.0232,-0.0327
188758,DE948,Cloppenburg,2020-03-03,10,-0.036,-0.0404,-0.0327
188759,DE948,Cloppenburg,2020-03-04,10,-0.0325,-0.0422,-0.0327
188760,DE948,Cloppenburg,2020-03-05,10,-0.0246,-0.0306,-0.0327
188761,DE948,Cloppenburg,2020-03-06,10,-0.0794,-0.0308,-0.0327
188762,DE948,Cloppenburg,2020-03-07,10,-0.0222,-0.0331,-0.0327
188763,DE948,Cloppenburg,2020-03-08,10,-0.0034,-0.0311,-0.0327
188764,DE948,Cloppenburg,2020-03-09,11,-0.0176,-0.0335,-0.0651
188765,DE948,Cloppenburg,2020-03-10,11,-0.0522,-0.0339,-0.0651
188766,DE948,Cloppenburg,2020-03-11,11,-0.0183,-0.0468,-0.0651
188767,DE948,Cloppenburg,2020-03-12,11,-0.0411,-0.0705,-0.0651
188768,DE948,Cloppenburg,2020-03-13,11,-0.0826,-0.0846,-0.0651
188769,DE948,Cloppenburg,2020-03-14,11,-0.1124,-0.1045,-0.0651
188770,DE948,Cloppenburg,2020-03-15,11,-0.1695,-0.1324,-0.0651
188771,DE948,Cloppenburg,2020-03-16,12,-0.1158,-0.1634,-0.2648
188772,DE948,Cloppenburg,2020-03-17,12,-0.1918,-0.197,-0.2648
188773,DE948,Cloppenburg,2020-03-18,12,-0.2138,-0.2365,-0.2648
188774,DE948,Cloppenburg,2020-03-19,12,-0.2579,-0.2738,-0.2648
188775,DE948,Cloppenburg,2020-03-20,12,-0.318,-0.3036,-0.2648
188776,DE948,Cloppenburg,2020-03-21,12,-0.3886,-0.3259,-0.2648
188777,DE948,Cloppenburg,2020-03-22,12,-0.4307,-0.343,-0.2648
188778,DE948,Cloppenburg,2020-03-23,13,-0.3246,-0.3529,-0.3683
188779,DE948,Cloppenburg,2020-03-24,13,-0.348,-0.3588,-0.3683
188780,DE948,Cloppenburg,2020-03-25,13,-0.3334,-0.3609,-0.3683
188781,DE948,Cloppenburg,2020-03-26,13,-0.327,-0.3774,-0.3683
188782,DE948,Cloppenburg,2020-03-27,13,-0.3593,-0.3825,-0.3683
188783,DE948,Cloppenburg,2020-03-28,13,-0.4032,-0.3793,-0.3683
188784,DE948,Cloppenburg,2020-03-29,13,-0.5464,-0.3771,-0.3683
188785,DE948,Cloppenburg,2020-03-30,14,-0.3605,-0.3757,-0.3279
188786,DE948,Cloppenburg,2020-03-31,14,-0.3252,-0.3623,-0.3279
189573,DE949,Emsland,2020-03-01,9,0.0218,0.0527,0.0415
189574,DE949,Emsland,2020-03-02,10,0.0681,0.0538,0.0493
189575,DE949,Emsland,2020-03-03,10,0.0601,0.0462,0.0493
189576,DE949,Emsland,2020-03-04,10,0.0618,0.0509,0.0493
189577,DE949,Emsland,2020-03-05,10,0.0429,0.0471,0.0493
189578,DE949,Emsland,2020-03-06,10,0.0321,0.0498,0.0493
189579,DE949,Emsland,2020-03-07,10,0.0692,0.0475,0.0493
189580,DE949,Emsland,2020-03-08,10,-0.0048,0.0485,0.0493
189581,DE949,Emsland,2020-03-09,11,0.0875,0.0476,0.0138
189582,DE949,Emsland,2020-03-10,11,0.0437,0.0441,0.0138
189583,DE949,Emsland,2020-03-11,11,0.0687,0.024,0.0138
189584,DE949,Emsland,2020-03-12,11,0.0369,0.0034,0.0138
189585,DE949,Emsland,2020-03-13,11,0.0073,-0.019,0.0138
189586,DE949,Emsland,2020-03-14,11,-0.0716,-0.0483,0.0138
189587,DE949,Emsland,2020-03-15,11,-0.1486,-0.0853,0.0138
189588,DE949,Emsland,2020-03-16,12,-0.0696,-0.1288,-0.2464
189589,DE949,Emsland,2020-03-17,12,-0.161,-0.1744,-0.2464
189590,DE949,Emsland,2020-03-18,12,-0.1902,-0.22,-0.2464
189591,DE949,Emsland,2020-03-19,12,-0.2675,-0.2569,-0.2464
189592,DE949,Emsland,2020-03-20,12,-0.3125,-0.2921,-0.2464
189593,DE949,Emsland,2020-03-21,12,-0.3903,-0.318,-0.2464
189594,DE949,Emsland,2020-03-22,12,-0.4069,-0.3382,-0.2464
189595,DE949,Emsland,2020-03-23,13,-0.3161,-0.3514,-0.3715
189596,DE949,Emsland,2020-03-24,13,-0.3421,-0.3594,-0.3715
189597,DE949,Emsland,2020-03-25,13,-0.3317,-0.3633,-0.3715
189598,DE949,Emsland,2020-03-26,13,-0.3598,-0.381,-0.3715
189599,DE949,Emsland,2020-03-27,13,-0.3691,-0.3877,-0.3715
189600,DE949,Emsland,2020-03-28,13,-0.4172,-0.3878,-0.3715
189601,DE949,Emsland,2020-03-29,13,-0.5306,-0.3892,-0.3715
189602,DE949,Emsland,2020-03-30,14,-0.3632,-0.3876,-0.3515
189603,DE949,Emsland,2020-03-31,14,-0.3429,-0.3793,-0.3515
190390,DE94A,Friesland (DE),2020-03-01,9,0.0288,0.0607,0.062
190391,DE94A,Friesland (DE),2020-03-02,10,0.0528,0.0644,0.0591
190392,DE94A,Friesland (DE),2020-03-03,10,0.0572,0.0545,0.0591
190393,DE94A,Friesland (DE),2020-03-04,10,0.0713,0.0601,0.0591
190394,DE94A,Friesland (DE),2020-03-05,10,0.087,0.0573,0.0591
190395,DE94A,Friesland (DE),2020-03-06,10,0.0441,0.0645,0.0591
190396,DE94A,Friesland (DE),2020-03-07,10,0.0795,0.0636,0.0591
190397,DE94A,Friesland (DE),2020-03-08,10,0.0095,0.0694,0.0591
190398,DE94A,Friesland (DE),2020-03-09,11,0.1028,0.0682,0.0524
190399,DE94A,Friesland (DE),2020-03-10,11,0.0508,0.0686,0.0524
190400,DE94A,Friesland (DE),2020-03-11,11,0.1121,0.0599,0.0524
190401,DE94A,Friesland (DE),2020-03-12,11,0.0785,0.0455,0.0524
190402,DE94A,Friesland (DE),2020-03-13,11,0.047,0.0265,0.0524
190403,DE94A,Friesland (DE),2020-03-14,11,0.0185,0.0052,0.0524
190404,DE94A,Friesland (DE),2020-03-15,11,-0.0914,-0.0356,0.0524
190405,DE94A,Friesland (DE),2020-03-16,12,-0.0298,-0.0785,-0.218
190406,DE94A,Friesland (DE),2020-03-17,12,-0.0985,-0.126,-0.218
190407,DE94A,Friesland (DE),2020-03-18,12,-0.1735,-0.1822,-0.218
190408,DE94A,Friesland (DE),2020-03-19,12,-0.2214,-0.2289,-0.218
190409,DE94A,Friesland (DE),2020-03-20,12,-0.286,-0.2653,-0.218
190410,DE94A,Friesland (DE),2020-03-21,12,-0.3744,-0.2949,-0.218
190411,DE94A,Friesland (DE),2020-03-22,12,-0.4185,-0.3096,-0.218
190412,DE94A,Friesland (DE),2020-03-23,13,-0.2846,-0.3167,-0.3146
190413,DE94A,Friesland (DE),2020-03-24,13,-0.3059,-0.3187,-0.3146
190414,DE94A,Friesland (DE),2020-03-25,13,-0.2764,-0.317,-0.3146
190415,DE94A,Friesland (DE),2020-03-26,13,-0.2714,-0.3218,-0.3146
190416,DE94A,Friesland (DE),2020-03-27,13,-0.2996,-0.3239,-0.3146
190417,DE94A,Friesland (DE),2020-03-28,13,-0.3624,-0.3177,-0.3146
190418,DE94A,Friesland (DE),2020-03-29,13,-0.4522,-0.3204,-0.3146
190419,DE94A,Friesland (DE),2020-03-30,14,-0.2998,-0.3234,-0.2996
190420,DE94A,Friesland (DE),2020-03-31,14,-0.2621,-0.316,-0.2996
191207,DE94B,Grafschaft Bentheim,2020-03-01,9,0.1181,0.1653,0.1726
191208,DE94B,Grafschaft Bentheim,2020-03-02,10,0.1566,0.1633,0.1458
191209,DE94B,Grafschaft Bentheim,2020-03-03,10,0.1492,0.1515,0.1458
191210,DE94B,Grafschaft Bentheim,2020-03-04,10,0.191,0.151,0.1458
191211,DE94B,Grafschaft Bentheim,2020-03-05,10,0.1513,0.1432,0.1458
191212,DE94B,Grafschaft Bentheim,2020-03-06,10,0.1154,0.1357,0.1458
191213,DE94B,Grafschaft Bentheim,2020-03-07,10,0.175,0.1205,0.1458
191214,DE94B,Grafschaft Bentheim,2020-03-08,10,0.0637,0.1095,0.1458
191215,DE94B,Grafschaft Bentheim,2020-03-09,11,0.1039,0.1046,0.0638
191216,DE94B,Grafschaft Bentheim,2020-03-10,11,0.0429,0.0972,0.0638
191217,DE94B,Grafschaft Bentheim,2020-03-11,11,0.1141,0.0764,0.0638
191218,DE94B,Grafschaft Bentheim,2020-03-12,11,0.1173,0.058,0.0638
191219,DE94B,Grafschaft Bentheim,2020-03-13,11,0.0634,0.049,0.0638
191220,DE94B,Grafschaft Bentheim,2020-03-14,11,0.0291,0.0324,0.0638
191221,DE94B,Grafschaft Bentheim,2020-03-15,11,-0.065,-0.0039,0.0638
191222,DE94B,Grafschaft Bentheim,2020-03-16,12,0.041,-0.0543,-0.2113
191223,DE94B,Grafschaft Bentheim,2020-03-17,12,-0.0728,-0.1054,-0.2113
191224,DE94B,Grafschaft Bentheim,2020-03-18,12,-0.1402,-0.1679,-0.2113
191225,DE94B,Grafschaft Bentheim,2020-03-19,12,-0.2355,-0.22,-0.2113
191226,DE94B,Grafschaft Bentheim,2020-03-20,12,-0.2945,-0.2639,-0.2113
191227,DE94B,Grafschaft Bentheim,2020-03-21,12,-0.4082,-0.2936,-0.2113
191228,DE94B,Grafschaft Bentheim,2020-03-22,12,-0.4295,-0.3107,-0.2113
191229,DE94B,Grafschaft Bentheim,2020-03-23,13,-0.2668,-0.3167,-0.3181
191230,DE94B,Grafschaft Bentheim,2020-03-24,13,-0.2805,-0.3168,-0.3181
191231,DE94B,Grafschaft Bentheim,2020-03-25,13,-0.2602,-0.3139,-0.3181
191232,DE94B,Grafschaft Bentheim,2020-03-26,13,-0.2769,-0.3281,-0.3181
191233,DE94B,Grafschaft Bentheim,2020-03-27,13,-0.2957,-0.3316,-0.3181
191234,DE94B,Grafschaft Bentheim,2020-03-28,13,-0.3878,-0.3288,-0.3181
191235,DE94B,Grafschaft Bentheim,2020-03-29,13,-0.5286,-0.3349,-0.3181
191236,DE94B,Grafschaft Bentheim,2020-03-30,14,-0.2917,-0.3397,-0.3303
191237,DE94B,Grafschaft Bentheim,2020-03-31,14,-0.2604,-0.3428,-0.3303
192024,DE94C,Leer,2020-03-01,9,-0.1113,-0.0895,-0.0827
192025,DE94C,Leer,2020-03-02,10,-0.1118,-0.0912,-0.1159
192026,DE94C,Leer,2020-03-03,10,-0.1009,-0.106,-0.1159
192027,DE94C,Leer,2020-03-04,10,-0.1062,-0.1114,-0.1159
192028,DE94C,Leer,2020-03-05,10,-0.1087,-0.1174,-0.1159
192029,DE94C,Leer,2020-03-06,10,-0.1385,-0.1157,-0.1159
192030,DE94C,Leer,2020-03-07,10,-0.1022,-0.1189,-0.1159
192031,DE94C,Leer,2020-03-08,10,-0.1537,-0.1165,-0.1159
192032,DE94C,Leer,2020-03-09,11,-0.0998,-0.1169,-0.1405
192033,DE94C,Leer,2020-03-10,11,-0.1234,-0.1189,-0.1405
192034,DE94C,Leer,2020-03-11,11,-0.0896,-0.1335,-0.1405
192035,DE94C,Leer,2020-03-12,11,-0.1112,-0.1468,-0.1405
192036,DE94C,Leer,2020-03-13,11,-0.1524,-0.1635,-0.1405
192037,DE94C,Leer,2020-03-14,11,-0.2044,-0.1882,-0.1405
192038,DE94C,Leer,2020-03-15,11,-0.2473,-0.225,-0.1405
192039,DE94C,Leer,2020-03-16,12,-0.2166,-0.2677,-0.3813
192040,DE94C,Leer,2020-03-17,12,-0.2958,-0.3106,-0.3813
192041,DE94C,Leer,2020-03-18,12,-0.3473,-0.3537,-0.3813
192042,DE94C,Leer,2020-03-19,12,-0.4101,-0.3871,-0.3813
192043,DE94C,Leer,2020-03-20,12,-0.453,-0.4205,-0.3813
192044,DE94C,Leer,2020-03-21,12,-0.5059,-0.4434,-0.3813
192045,DE94C,Leer,2020-03-22,12,-0.4814,-0.4573,-0.3813
192046,DE94C,Leer,2020-03-23,13,-0.45,-0.4611,-0.4651
192047,DE94C,Leer,2020-03-24,13,-0.4563,-0.4624,-0.4651
192048,DE94C,Leer,2020-03-25,13,-0.4444,-0.4617,-0.4651
192049,DE94C,Leer,2020-03-26,13,-0.4367,-0.4694,-0.4651
192050,DE94C,Leer,2020-03-27,13,-0.4617,-0.469,-0.4651
192051,DE94C,Leer,2020-03-28,13,-0.501,-0.4631,-0.4651
192052,DE94C,Leer,2020-03-29,13,-0.5353,-0.4591,-0.4651
192053,DE94C,Leer,2020-03-30,14,-0.4473,-0.455,-0.4245
192054,DE94C,Leer,2020-03-31,14,-0.4153,-0.4433,-0.4245
192841,DE94D,"Oldenburg, Landkreis",2020-03-01,9,-0.0232,0.0005,-0.002
192842,DE94D,"Oldenburg, Landkreis",2020-03-02,10,-0.0089,0.0057,-0.0107
192843,DE94D,"Oldenburg, Landkreis",2020-03-03,10,-0.0,-0.0066,-0.0107
192844,DE94D,"Oldenburg, Landkreis",2020-03-04,10,0.0181,-0.0091,-0.0107
192845,DE94D,"Oldenburg, Landkreis",2020-03-05,10,0.0196,-0.0121,-0.0107
192846,DE94D,"Oldenburg, Landkreis",2020-03-06,10,-0.0458,-0.0101,-0.0107
192847,DE94D,"Oldenburg, Landkreis",2020-03-07,10,-0.0237,-0.0166,-0.0107
192848,DE94D,"Oldenburg, Landkreis",2020-03-08,10,-0.0442,-0.0191,-0.0107
192849,DE94D,"Oldenburg, Landkreis",2020-03-09,11,0.0051,-0.0231,-0.0455
192850,DE94D,"Oldenburg, Landkreis",2020-03-10,11,-0.0455,-0.0238,-0.0455
192851,DE94D,"Oldenburg, Landkreis",2020-03-11,11,0.0004,-0.0351,-0.0455
192852,DE94D,"Oldenburg, Landkreis",2020-03-12,11,-0.0077,-0.0517,-0.0455
192853,DE94D,"Oldenburg, Landkreis",2020-03-13,11,-0.0506,-0.068,-0.0455
192854,DE94D,"Oldenburg, Landkreis",2020-03-14,11,-0.1031,-0.0875,-0.0455
192855,DE94D,"Oldenburg, Landkreis",2020-03-15,11,-0.1602,-0.1185,-0.0455
192856,DE94D,"Oldenburg, Landkreis",2020-03-16,12,-0.1095,-0.1562,-0.2616
192857,DE94D,"Oldenburg, Landkreis",2020-03-17,12,-0.1818,-0.1921,-0.2616
192858,DE94D,"Oldenburg, Landkreis",2020-03-18,12,-0.2162,-0.2337,-0.2616
192859,DE94D,"Oldenburg, Landkreis",2020-03-19,12,-0.2717,-0.2699,-0.2616
192860,DE94D,"Oldenburg, Landkreis",2020-03-20,12,-0.3025,-0.3016,-0.2616
192861,DE94D,"Oldenburg, Landkreis",2020-03-21,12,-0.3939,-0.3241,-0.2616
192862,DE94D,"Oldenburg, Landkreis",2020-03-22,12,-0.4137,-0.3401,-0.2616
192863,DE94D,"Oldenburg, Landkreis",2020-03-23,13,-0.3315,-0.3466,-0.3604
192864,DE94D,"Oldenburg, Landkreis",2020-03-24,13,-0.3391,-0.3515,-0.3604
192865,DE94D,"Oldenburg, Landkreis",2020-03-25,13,-0.3285,-0.3513,-0.3604
192866,DE94D,"Oldenburg, Landkreis",2020-03-26,13,-0.3172,-0.3698,-0.3604
192867,DE94D,"Oldenburg, Landkreis",2020-03-27,13,-0.3363,-0.372,-0.3604
192868,DE94D,"Oldenburg, Landkreis",2020-03-28,13,-0.3928,-0.3687,-0.3604
192869,DE94D,"Oldenburg, Landkreis",2020-03-29,13,-0.5435,-0.3665,-0.3604
192870,DE94D,"Oldenburg, Landkreis",2020-03-30,14,-0.3464,-0.3633,-0.3138
192871,DE94D,"Oldenburg, Landkreis",2020-03-31,14,-0.3158,-0.351,-0.3138
193658,DE94E,"Osnabrück, Landkreis",2020-03-01,9,-0.0524,-0.0082,0.0023
193659,DE94E,"Osnabrück, Landkreis",2020-03-02,10,-0.0187,-0.0084,-0.0195
193660,DE94E,"Osnabrück, Landkreis",2020-03-03,10,-0.0215,-0.02,-0.0195
193661,DE94E,"Osnabrück, Landkreis",2020-03-04,10,-0.0144,-0.0215,-0.0195
193662,DE94E,"Osnabrück, Landkreis",2020-03-05,10,-0.0092,-0.02,-0.0195
193663,DE94E,"Osnabrück, Landkreis",2020-03-06,10,-0.0378,-0.0198,-0.0195
193664,DE94E,"Osnabrück, Landkreis",2020-03-07,10,0.0033,-0.0249,-0.0195
193665,DE94E,"Osnabrück, Landkreis",2020-03-08,10,-0.0415,-0.0272,-0.0195
193666,DE94E,"Osnabrück, Landkreis",2020-03-09,11,-0.0173,-0.0303,-0.058
193667,DE94E,"Osnabrück, Landkreis",2020-03-10,11,-0.0577,-0.0341,-0.058
193668,DE94E,"Osnabrück, Landkreis",2020-03-11,11,-0.0299,-0.0487,-0.058
193669,DE94E,"Osnabrück, Landkreis",2020-03-12,11,-0.0313,-0.0627,-0.058
193670,DE94E,"Osnabrück, Landkreis",2020-03-13,11,-0.0644,-0.0755,-0.058
193671,DE94E,"Osnabrück, Landkreis",2020-03-14,11,-0.0988,-0.0941,-0.058
193672,DE94E,"Osnabrück, Landkreis",2020-03-15,11,-0.1394,-0.1202,-0.058
193673,DE94E,"Osnabrück, Landkreis",2020-03-16,12,-0.1069,-0.157,-0.2771
193674,DE94E,"Osnabrück, Landkreis",2020-03-17,12,-0.1882,-0.1975,-0.2771
193675,DE94E,"Osnabrück, Landkreis",2020-03-18,12,-0.2128,-0.2439,-0.2771
193676,DE94E,"Osnabrück, Landkreis",2020-03-19,12,-0.2888,-0.2868,-0.2771
193677,DE94E,"Osnabrück, Landkreis",2020-03-20,12,-0.348,-0.3199,-0.2771
193678,DE94E,"Osnabrück, Landkreis",2020-03-21,12,-0.4231,-0.3432,-0.2771
193679,DE94E,"Osnabrück, Landkreis",2020-03-22,12,-0.4396,-0.3619,-0.2771
193680,DE94E,"Osnabrück, Landkreis",2020-03-23,13,-0.3387,-0.3703,-0.3713
193681,DE94E,"Osnabrück, Landkreis",2020-03-24,13,-0.3516,-0.3699,-0.3713
193682,DE94E,"Osnabrück, Landkreis",2020-03-25,13,-0.3437,-0.3623,-0.3713
193683,DE94E,"Osnabrück, Landkreis",2020-03-26,13,-0.3473,-0.3813,-0.3713
193684,DE94E,"Osnabrück, Landkreis",2020-03-27,13,-0.3456,-0.3836,-0.3713
193685,DE94E,"Osnabrück, Landkreis",2020-03-28,13,-0.37,-0.3781,-0.3713
193686,DE94E,"Osnabrück, Landkreis",2020-03-29,13,-0.5725,-0.3731,-0.3713
193687,DE94E,"Osnabrück, Landkreis",2020-03-30,14,-0.3548,-0.3688,-0.3207
193688,DE94E,"Osnabrück, Landkreis",2020-03-31,14,-0.313,-0.3577,-0.3207
194475,DE94F,Vechta,2020-03-01,9,-0.1667,-0.166,-0.1654
194476,DE94F,Vechta,2020-03-02,10,-0.1793,-0.1635,-0.1727
194477,DE94F,Vechta,2020-03-03,10,-0.1827,-0.1726,-0.1727
194478,DE94F,Vechta,2020-03-04,10,-0.173,-0.1729,-0.1727
194479,DE94F,Vechta,2020-03-05,10,-0.1673,-0.1711,-0.1727
194480,DE94F,Vechta,2020-03-06,10,-0.1876,-0.1678,-0.1727
194481,DE94F,Vechta,2020-03-07,10,-0.1535,-0.1694,-0.1727
194482,DE94F,Vechta,2020-03-08,10,-0.1543,-0.1693,-0.1727
194483,DE94F,Vechta,2020-03-09,11,-0.156,-0.169,-0.1981
194484,DE94F,Vechta,2020-03-10,11,-0.1941,-0.173,-0.1981
194485,DE94F,Vechta,2020-03-11,11,-0.1724,-0.1867,-0.1981
194486,DE94F,Vechta,2020-03-12,11,-0.1651,-0.2033,-0.1981
194487,DE94F,Vechta,2020-03-13,11,-0.2154,-0.2172,-0.1981
194488,DE94F,Vechta,2020-03-14,11,-0.2498,-0.236,-0.1981
194489,DE94F,Vechta,2020-03-15,11,-0.2708,-0.2615,-0.1981
194490,DE94F,Vechta,2020-03-16,12,-0.2532,-0.2964,-0.3999
194491,DE94F,Vechta,2020-03-17,12,-0.3254,-0.3281,-0.3999
194492,DE94F,Vechta,2020-03-18,12,-0.3511,-0.3705,-0.3999
194493,DE94F,Vechta,2020-03-19,12,-0.4089,-0.412,-0.3999
194494,DE94F,Vechta,2020-03-20,12,-0.4377,-0.4412,-0.3999
194495,DE94F,Vechta,2020-03-21,12,-0.5467,-0.462,-0.3999
194496,DE94F,Vechta,2020-03-22,12,-0.561,-0.4781,-0.3999
194497,DE94F,Vechta,2020-03-23,13,-0.4572,-0.4862,-0.4892
194498,DE94F,Vechta,2020-03-24,13,-0.4713,-0.4909,-0.4892
194499,DE94F,Vechta,2020-03-25,13,-0.4642,-0.487,-0.4892
194500,DE94F,Vechta,2020-03-26,13,-0.4655,-0.4987,-0.4892
194501,DE94F,Vechta,2020-03-27,13,-0.4704,-0.5005,-0.4892
194502,DE94F,Vechta,2020-03-28,13,-0.5198,-0.4976,-0.4892
194503,DE94F,Vechta,2020-03-29,13,-0.6424,-0.4915,-0.4892
194504,DE94F,Vechta,2020-03-30,14,-0.47,-0.4843,-0.4309
194505,DE94F,Vechta,2020-03-31,14,-0.4512,-0.4693,-0.4309
195292,DE94G,Wesermarsch,2020-03-01,9,0.0555,0.1267,0.1214
195293,DE94G,Wesermarsch,2020-03-02,10,0.1392,0.1296,0.1122
195294,DE94G,Wesermarsch,2020-03-03,10,0.1234,0.1113,0.1122
195295,DE94G,Wesermarsch,2020-03-04,10,0.1523,0.1137,0.1122
195296,DE94G,Wesermarsch,2020-03-05,10,0.139,0.1071,0.1122
195297,DE94G,Wesermarsch,2020-03-06,10,0.0734,0.107,0.1122
195298,DE94G,Wesermarsch,2020-03-07,10,0.1133,0.1017,0.1122
195299,DE94G,Wesermarsch,2020-03-08,10,0.0092,0.1023,0.1122
195300,DE94G,Wesermarsch,2020-03-09,11,0.1382,0.0972,0.0951
195301,DE94G,Wesermarsch,2020-03-10,11,0.0864,0.0999,0.0951
195302,DE94G,Wesermarsch,2020-03-11,11,0.1563,0.0944,0.0951
195303,DE94G,Wesermarsch,2020-03-12,11,0.1033,0.0879,0.0951
195304,DE94G,Wesermarsch,2020-03-13,11,0.0925,0.074,0.0951
195305,DE94G,Wesermarsch,2020-03-14,11,0.0752,0.0538,0.0951
195306,DE94G,Wesermarsch,2020-03-15,11,-0.0365,0.0191,0.0951
195307,DE94G,Wesermarsch,2020-03-16,12,0.0407,-0.0178,-0.1156
195308,DE94G,Wesermarsch,2020-03-17,12,-0.0546,-0.0553,-0.1156
195309,DE94G,Wesermarsch,2020-03-18,12,-0.0871,-0.095,-0.1156
195310,DE94G,Wesermarsch,2020-03-19,12,-0.1549,-0.1228,-0.1156
195311,DE94G,Wesermarsch,2020-03-20,12,-0.17,-0.1532,-0.1156
195312,DE94G,Wesermarsch,2020-03-21,12,-0.2025,-0.174,-0.1156
195313,DE94G,Wesermarsch,2020-03-22,12,-0.2311,-0.1863,-0.1156
195314,DE94G,Wesermarsch,2020-03-23,13,-0.1722,-0.1912,-0.205
195315,DE94G,Wesermarsch,2020-03-24,13,-0.2003,-0.1949,-0.205
195316,DE94G,Wesermarsch,2020-03-25,13,-0.1728,-0.1969,-0.205
195317,DE94G,Wesermarsch,2020-03-26,13,-0.1893,-0.2124,-0.205
195318,DE94G,Wesermarsch,2020-03-27,13,-0.1964,-0.2168,-0.205
195319,DE94G,Wesermarsch,2020-03-28,13,-0.2165,-0.213,-0.205
195320,DE94G,Wesermarsch,2020-03-29,13,-0.3394,-0.2189,-0.205
195321,DE94G,Wesermarsch,2020-03-30,14,-0.203,-0.2239,-0.2052
195322,DE94G,Wesermarsch,2020-03-31,14,-0.1739,-0.2182,-0.2052
196109,DE94H,Wittmund,2020-03-01,9,-0.1795,-0.0885,-0.0819
196110,DE94H,Wittmund,2020-03-02,10,-0.0899,-0.0854,-0.0932
196111,DE94H,Wittmund,2020-03-03,10,-0.0767,-0.1017,-0.0932
196112,DE94H,Wittmund,2020-03-04,10,-0.055,-0.1019,-0.0932
196113,DE94H,Wittmund,2020-03-05,10,-0.0639,-0.094,-0.0932
196114,DE94H,Wittmund,2020-03-06,10,-0.138,-0.089,-0.0932
196115,DE94H,Wittmund,2020-03-07,10,-0.1103,-0.0934,-0.0932
196116,DE94H,Wittmund,2020-03-08,10,-0.1245,-0.0919,-0.0932
196117,DE94H,Wittmund,2020-03-09,11,-0.0549,-0.0955,-0.1124
196118,DE94H,Wittmund,2020-03-10,11,-0.1071,-0.092,-0.1124
196119,DE94H,Wittmund,2020-03-11,11,-0.0445,-0.1009,-0.1124
196120,DE94H,Wittmund,2020-03-12,11,-0.0891,-0.1179,-0.1124
196121,DE94H,Wittmund,2020-03-13,11,-0.1134,-0.1333,-0.1124
196122,DE94H,Wittmund,2020-03-14,11,-0.1725,-0.1487,-0.1124
196123,DE94H,Wittmund,2020-03-15,11,-0.2435,-0.1826,-0.1124
196124,DE94H,Wittmund,2020-03-16,12,-0.1627,-0.2153,-0.3233
196125,DE94H,Wittmund,2020-03-17,12,-0.215,-0.2536,-0.3233
196126,DE94H,Wittmund,2020-03-18,12,-0.2823,-0.2943,-0.3233
196127,DE94H,Wittmund,2020-03-19,12,-0.318,-0.3307,-0.3233
196128,DE94H,Wittmund,2020-03-20,12,-0.3814,-0.3646,-0.3233
196129,DE94H,Wittmund,2020-03-21,12,-0.4575,-0.3911,-0.3233
196130,DE94H,Wittmund,2020-03-22,12,-0.4982,-0.406,-0.3233
196131,DE94H,Wittmund,2020-03-23,13,-0.3997,-0.4169,-0.4289
196132,DE94H,Wittmund,2020-03-24,13,-0.4002,-0.4234,-0.4289
196133,DE94H,Wittmund,2020-03-25,13,-0.3868,-0.4262,-0.4289
196134,DE94H,Wittmund,2020-03-26,13,-0.3942,-0.4342,-0.4289
196135,DE94H,Wittmund,2020-03-27,13,-0.427,-0.4333,-0.4289
196136,DE94H,Wittmund,2020-03-28,13,-0.477,-0.4274,-0.4289
196137,DE94H,Wittmund,2020-03-29,13,-0.5545,-0.4323,-0.4289
196138,DE94H,Wittmund,2020-03-30,14,-0.3932,-0.4363,-0.4248
196139,DE94H,Wittmund,2020-03-31,14,-0.3592,-0.4319,-0.4248
196926,DEA11,"Düsseldorf, Kreisfreie Stadt",2020-03-01,9,-0.1151,-0.0592,-0.1075
196927,DEA11,"Düsseldorf, Kreisfreie Stadt",2020-03-02,10,-0.0688,-0.061,-0.065
196928,DEA11,"Düsseldorf, Kreisfreie Stadt",2020-03-03,10,-0.075,-0.0678,-0.065
196929,DEA11,"Düsseldorf, Kreisfreie Stadt",2020-03-04,10,-0.0281,-0.0667,-0.065
196930,DEA11,"Düsseldorf, Kreisfreie Stadt",2020-03-05,10,-0.0691,-0.0683,-0.065
196931,DEA11,"Düsseldorf, Kreisfreie Stadt",2020-03-06,10,-0.0546,-0.0548,-0.065
196932,DEA11,"Düsseldorf, Kreisfreie Stadt",2020-03-07,10,-0.0565,-0.0608,-0.065
196933,DEA11,"Düsseldorf, Kreisfreie Stadt",2020-03-08,10,-0.1263,-0.0744,-0.065
196934,DEA11,"Düsseldorf, Kreisfreie Stadt",2020-03-09,11,0.0263,-0.0744,-0.1147
196935,DEA11,"Düsseldorf, Kreisfreie Stadt",2020-03-10,11,-0.1171,-0.0799,-0.1147
196936,DEA11,"Düsseldorf, Kreisfreie Stadt",2020-03-11,11,-0.1233,-0.1035,-0.1147
196937,DEA11,"Düsseldorf, Kreisfreie Stadt",2020-03-12,11,-0.0691,-0.1251,-0.1147
196938,DEA11,"Düsseldorf, Kreisfreie Stadt",2020-03-13,11,-0.0935,-0.1537,-0.1147
196939,DEA11,"Düsseldorf, Kreisfreie Stadt",2020-03-14,11,-0.2218,-0.1828,-0.1147
196940,DEA11,"Düsseldorf, Kreisfreie Stadt",2020-03-15,11,-0.2773,-0.2186,-0.1147
196941,DEA11,"Düsseldorf, Kreisfreie Stadt",2020-03-16,12,-0.1739,-0.2725,-0.4041
196942,DEA11,"Düsseldorf, Kreisfreie Stadt",2020-03-17,12,-0.3209,-0.3299,-0.4041
196943,DEA11,"Düsseldorf, Kreisfreie Stadt",2020-03-18,12,-0.3737,-0.3738,-0.4041
196944,DEA11,"Düsseldorf, Kreisfreie Stadt",2020-03-19,12,-0.4463,-0.4119,-0.4041
196945,DEA11,"Düsseldorf, Kreisfreie Stadt",2020-03-20,12,-0.4955,-0.4553,-0.4041
196946,DEA11,"Düsseldorf, Kreisfreie Stadt",2020-03-21,12,-0.5287,-0.4842,-0.4041
196947,DEA11,"Düsseldorf, Kreisfreie Stadt",2020-03-22,12,-0.5444,-0.505,-0.4041
196948,DEA11,"Düsseldorf, Kreisfreie Stadt",2020-03-23,13,-0.4775,-0.5152,-0.5295
196949,DEA11,"Düsseldorf, Kreisfreie Stadt",2020-03-24,13,-0.523,-0.5179,-0.5295
196950,DEA11,"Düsseldorf, Kreisfreie Stadt",2020-03-25,13,-0.5196,-0.5176,-0.5295
196951,DEA11,"Düsseldorf, Kreisfreie Stadt",2020-03-26,13,-0.5173,-0.5376,-0.5295
196952,DEA11,"Düsseldorf, Kreisfreie Stadt",2020-03-27,13,-0.5145,-0.5389,-0.5295
196953,DEA11,"Düsseldorf, Kreisfreie Stadt",2020-03-28,13,-0.5268,-0.536,-0.5295
196954,DEA11,"Düsseldorf, Kreisfreie Stadt",2020-03-29,13,-0.6845,-0.5297,-0.5295
196955,DEA11,"Düsseldorf, Kreisfreie Stadt",2020-03-30,14,-0.4868,-0.5232,-0.4642
196956,DEA11,"Düsseldorf, Kreisfreie Stadt",2020-03-31,14,-0.5026,-0.5091,-0.4642
197743,DEA12,"Duisburg, Kreisfreie Stadt",2020-03-01,9,0.0626,0.0478,-0.0098
197744,DEA12,"Duisburg, Kreisfreie Stadt",2020-03-02,10,0.0482,0.0506,0.0462
197745,DEA12,"Duisburg, Kreisfreie Stadt",2020-03-03,10,0.036,0.0453,0.0462
197746,DEA12,"Duisburg, Kreisfreie Stadt",2020-03-04,10,0.058,0.0497,0.0462
197747,DEA12,"Duisburg, Kreisfreie Stadt",2020-03-05,10,0.0354,0.0465,0.0462
197748,DEA12,"Duisburg, Kreisfreie Stadt",2020-03-06,10,0.0394,0.0604,0.0462
197749,DEA12,"Duisburg, Kreisfreie Stadt",2020-03-07,10,0.0685,0.0544,0.0462
197750,DEA12,"Duisburg, Kreisfreie Stadt",2020-03-08,10,0.04,0.0464,0.0462
197751,DEA12,"Duisburg, Kreisfreie Stadt",2020-03-09,11,0.1458,0.0474,0.0154
197752,DEA12,"Duisburg, Kreisfreie Stadt",2020-03-10,11,-0.0065,0.0437,0.0154
197753,DEA12,"Duisburg, Kreisfreie Stadt",2020-03-11,11,0.002,0.0286,0.0154
197754,DEA12,"Duisburg, Kreisfreie Stadt",2020-03-12,11,0.0425,0.0087,0.0154
197755,DEA12,"Duisburg, Kreisfreie Stadt",2020-03-13,11,0.0136,-0.0158,0.0154
197756,DEA12,"Duisburg, Kreisfreie Stadt",2020-03-14,11,-0.0373,-0.0367,0.0154
197757,DEA12,"Duisburg, Kreisfreie Stadt",2020-03-15,11,-0.0992,-0.0677,0.0154
197758,DEA12,"Duisburg, Kreisfreie Stadt",2020-03-16,12,-0.0257,-0.1166,-0.2508
197759,DEA12,"Duisburg, Kreisfreie Stadt",2020-03-17,12,-0.153,-0.1707,-0.2508
197760,DEA12,"Duisburg, Kreisfreie Stadt",2020-03-18,12,-0.215,-0.217,-0.2508
197761,DEA12,"Duisburg, Kreisfreie Stadt",2020-03-19,12,-0.2997,-0.2579,-0.2508
197762,DEA12,"Duisburg, Kreisfreie Stadt",2020-03-20,12,-0.3648,-0.2986,-0.2508
197763,DEA12,"Duisburg, Kreisfreie Stadt",2020-03-21,12,-0.3614,-0.3283,-0.2508
197764,DEA12,"Duisburg, Kreisfreie Stadt",2020-03-22,12,-0.3854,-0.3496,-0.2508
197765,DEA12,"Duisburg, Kreisfreie Stadt",2020-03-23,13,-0.311,-0.3604,-0.37
197766,DEA12,"Duisburg, Kreisfreie Stadt",2020-03-24,13,-0.3607,-0.361,-0.37
197767,DEA12,"Duisburg, Kreisfreie Stadt",2020-03-25,13,-0.3643,-0.359,-0.37
197768,DEA12,"Duisburg, Kreisfreie Stadt",2020-03-26,13,-0.3749,-0.3771,-0.37
197769,DEA12,"Duisburg, Kreisfreie Stadt",2020-03-27,13,-0.3693,-0.3786,-0.37
197770,DEA12,"Duisburg, Kreisfreie Stadt",2020-03-28,13,-0.3476,-0.3744,-0.37
197771,DEA12,"Duisburg, Kreisfreie Stadt",2020-03-29,13,-0.5118,-0.3679,-0.37
197772,DEA12,"Duisburg, Kreisfreie Stadt",2020-03-30,14,-0.3215,-0.3587,-0.2979
197773,DEA12,"Duisburg, Kreisfreie Stadt",2020-03-31,14,-0.3314,-0.34,-0.2979
198560,DEA13,"Essen, Kreisfreie Stadt",2020-03-01,9,0.0326,0.0153,-0.0276
198561,DEA13,"Essen, Kreisfreie Stadt",2020-03-02,10,-0.005,0.0148,0.0018
198562,DEA13,"Essen, Kreisfreie Stadt",2020-03-03,10,-0.0105,0.0075,0.0018
198563,DEA13,"Essen, Kreisfreie Stadt",2020-03-04,10,0.0193,0.0077,0.0018
198564,DEA13,"Essen, Kreisfreie Stadt",2020-03-05,10,-0.0065,0.0017,0.0018
198565,DEA13,"Essen, Kreisfreie Stadt",2020-03-06,10,-0.0027,0.0144,0.0018
198566,DEA13,"Essen, Kreisfreie Stadt",2020-03-07,10,0.0268,0.0081,0.0018
198567,DEA13,"Essen, Kreisfreie Stadt",2020-03-08,10,-0.0097,-0.0018,0.0018
198568,DEA13,"Essen, Kreisfreie Stadt",2020-03-09,11,0.0842,-0.0005,-0.0331
198569,DEA13,"Essen, Kreisfreie Stadt",2020-03-10,11,-0.055,-0.0035,-0.0331
198570,DEA13,"Essen, Kreisfreie Stadt",2020-03-11,11,-0.0498,-0.022,-0.0331
198571,DEA13,"Essen, Kreisfreie Stadt",2020-03-12,11,0.003,-0.0393,-0.0331
198572,DEA13,"Essen, Kreisfreie Stadt",2020-03-13,11,-0.0242,-0.0626,-0.0331
198573,DEA13,"Essen, Kreisfreie Stadt",2020-03-14,11,-0.1026,-0.0846,-0.0331
198574,DEA13,"Essen, Kreisfreie Stadt",2020-03-15,11,-0.1309,-0.1159,-0.0331
198575,DEA13,"Essen, Kreisfreie Stadt",2020-03-16,12,-0.0785,-0.1653,-0.2937
198576,DEA13,"Essen, Kreisfreie Stadt",2020-03-17,12,-0.2089,-0.2179,-0.2937
198577,DEA13,"Essen, Kreisfreie Stadt",2020-03-18,12,-0.2693,-0.2608,-0.2937
198578,DEA13,"Essen, Kreisfreie Stadt",2020-03-19,12,-0.3431,-0.2993,-0.2937
198579,DEA13,"Essen, Kreisfreie Stadt",2020-03-20,12,-0.3922,-0.3388,-0.2937
198580,DEA13,"Essen, Kreisfreie Stadt",2020-03-21,12,-0.4031,-0.3664,-0.2937
198581,DEA13,"Essen, Kreisfreie Stadt",2020-03-22,12,-0.4001,-0.385,-0.2937
198582,DEA13,"Essen, Kreisfreie Stadt",2020-03-23,13,-0.3549,-0.3935,-0.4044
198583,DEA13,"Essen, Kreisfreie Stadt",2020-03-24,13,-0.402,-0.3947,-0.4044
198584,DEA13,"Essen, Kreisfreie Stadt",2020-03-25,13,-0.3999,-0.3919,-0.4044
198585,DEA13,"Essen, Kreisfreie Stadt",2020-03-26,13,-0.4022,-0.4108,-0.4044
198586,DEA13,"Essen, Kreisfreie Stadt",2020-03-27,13,-0.4009,-0.4094,-0.4044
198587,DEA13,"Essen, Kreisfreie Stadt",2020-03-28,13,-0.3831,-0.4047,-0.4044
198588,DEA13,"Essen, Kreisfreie Stadt",2020-03-29,13,-0.5327,-0.397,-0.4044
198589,DEA13,"Essen, Kreisfreie Stadt",2020-03-30,14,-0.3453,-0.39,-0.3333
198590,DEA13,"Essen, Kreisfreie Stadt",2020-03-31,14,-0.3688,-0.373,-0.3333
199377,DEA14,"Krefeld, Kreisfreie Stadt",2020-03-01,9,0.0265,0.0208,-0.0455
199378,DEA14,"Krefeld, Kreisfreie Stadt",2020-03-02,10,0.0433,0.0248,0.0292
199379,DEA14,"Krefeld, Kreisfreie Stadt",2020-03-03,10,0.0207,0.0237,0.0292
199380,DEA14,"Krefeld, Kreisfreie Stadt",2020-03-04,10,0.0318,0.0295,0.0292
199381,DEA14,"Krefeld, Kreisfreie Stadt",2020-03-05,10,0.0156,0.0301,0.0292
199382,DEA14,"Krefeld, Kreisfreie Stadt",2020-03-06,10,0.0186,0.0438,0.0292
199383,DEA14,"Krefeld, Kreisfreie Stadt",2020-03-07,10,0.0502,0.0398,0.0292
199384,DEA14,"Krefeld, Kreisfreie Stadt",2020-03-08,10,0.0304,0.0347,0.0292
199385,DEA14,"Krefeld, Kreisfreie Stadt",2020-03-09,11,0.1393,0.0375,0.0048
199386,DEA14,"Krefeld, Kreisfreie Stadt",2020-03-10,11,-0.0072,0.0362,0.0048
199387,DEA14,"Krefeld, Kreisfreie Stadt",2020-03-11,11,-0.0038,0.0202,0.0048
199388,DEA14,"Krefeld, Kreisfreie Stadt",2020-03-12,11,0.0353,-0.0034,0.0048
199389,DEA14,"Krefeld, Kreisfreie Stadt",2020-03-13,11,0.0094,-0.0283,0.0048
199390,DEA14,"Krefeld, Kreisfreie Stadt",2020-03-14,11,-0.0623,-0.0514,0.0048
199391,DEA14,"Krefeld, Kreisfreie Stadt",2020-03-15,11,-0.1345,-0.0825,0.0048
199392,DEA14,"Krefeld, Kreisfreie Stadt",2020-03-16,12,-0.0352,-0.1271,-0.2525
199393,DEA14,"Krefeld, Kreisfreie Stadt",2020-03-17,12,-0.1688,-0.1794,-0.2525
199394,DEA14,"Krefeld, Kreisfreie Stadt",2020-03-18,12,-0.2216,-0.2223,-0.2525
199395,DEA14,"Krefeld, Kreisfreie Stadt",2020-03-19,12,-0.2765,-0.2599,-0.2525
199396,DEA14,"Krefeld, Kreisfreie Stadt",2020-03-20,12,-0.3568,-0.2981,-0.2525
199397,DEA14,"Krefeld, Kreisfreie Stadt",2020-03-21,12,-0.3629,-0.3249,-0.2525
199398,DEA14,"Krefeld, Kreisfreie Stadt",2020-03-22,12,-0.3977,-0.3446,-0.2525
199399,DEA14,"Krefeld, Kreisfreie Stadt",2020-03-23,13,-0.3026,-0.3573,-0.3674
199400,DEA14,"Krefeld, Kreisfreie Stadt",2020-03-24,13,-0.3561,-0.3579,-0.3674
199401,DEA14,"Krefeld, Kreisfreie Stadt",2020-03-25,13,-0.3593,-0.3566,-0.3674
199402,DEA14,"Krefeld, Kreisfreie Stadt",2020-03-26,13,-0.3656,-0.3757,-0.3674
199403,DEA14,"Krefeld, Kreisfreie Stadt",2020-03-27,13,-0.3614,-0.3749,-0.3674
199404,DEA14,"Krefeld, Kreisfreie Stadt",2020-03-28,13,-0.3535,-0.3687,-0.3674
199405,DEA14,"Krefeld, Kreisfreie Stadt",2020-03-29,13,-0.5315,-0.3586,-0.3674
199406,DEA14,"Krefeld, Kreisfreie Stadt",2020-03-30,14,-0.2968,-0.3478,-0.2872
199407,DEA14,"Krefeld, Kreisfreie Stadt",2020-03-31,14,-0.313,-0.3279,-0.2872
200194,DEA15,"Mönchengladbach, Kreisfreie Stadt",2020-03-01,9,0.0209,0.0351,-0.0331
200195,DEA15,"Mönchengladbach, Kreisfreie Stadt",2020-03-02,10,0.0362,0.0339,0.06
200196,DEA15,"Mönchengladbach, Kreisfreie Stadt",2020-03-03,10,0.0673,0.0331,0.06
200197,DEA15,"Mönchengladbach, Kreisfreie Stadt",2020-03-04,10,0.0547,0.0564,0.06
200198,DEA15,"Mönchengladbach, Kreisfreie Stadt",2020-03-05,10,0.0221,0.0619,0.06
200199,DEA15,"Mönchengladbach, Kreisfreie Stadt",2020-03-06,10,0.0437,0.0776,0.06
200200,DEA15,"Mönchengladbach, Kreisfreie Stadt",2020-03-07,10,0.1502,0.0798,0.06
200201,DEA15,"Mönchengladbach, Kreisfreie Stadt",2020-03-08,10,0.0593,0.0728,0.06
200202,DEA15,"Mönchengladbach, Kreisfreie Stadt",2020-03-09,11,0.1462,0.0772,0.0312
200203,DEA15,"Mönchengladbach, Kreisfreie Stadt",2020-03-10,11,0.0825,0.075,0.0312
200204,DEA15,"Mönchengladbach, Kreisfreie Stadt",2020-03-11,11,0.0055,0.0434,0.0312
200205,DEA15,"Mönchengladbach, Kreisfreie Stadt",2020-03-12,11,0.053,0.0242,0.0312
200206,DEA15,"Mönchengladbach, Kreisfreie Stadt",2020-03-13,11,0.0283,0.0017,0.0312
200207,DEA15,"Mönchengladbach, Kreisfreie Stadt",2020-03-14,11,-0.071,-0.0272,0.0312
200208,DEA15,"Mönchengladbach, Kreisfreie Stadt",2020-03-15,11,-0.0751,-0.0582,0.0312
200209,DEA15,"Mönchengladbach, Kreisfreie Stadt",2020-03-16,12,-0.0114,-0.1052,-0.2312
200210,DEA15,"Mönchengladbach, Kreisfreie Stadt",2020-03-17,12,-0.1197,-0.1574,-0.2312
200211,DEA15,"Mönchengladbach, Kreisfreie Stadt",2020-03-18,12,-0.2114,-0.1975,-0.2312
200212,DEA15,"Mönchengladbach, Kreisfreie Stadt",2020-03-19,12,-0.2763,-0.2368,-0.2312
200213,DEA15,"Mönchengladbach, Kreisfreie Stadt",2020-03-20,12,-0.3366,-0.2784,-0.2312
200214,DEA15,"Mönchengladbach, Kreisfreie Stadt",2020-03-21,12,-0.3521,-0.3074,-0.2312
200215,DEA15,"Mönchengladbach, Kreisfreie Stadt",2020-03-22,12,-0.3504,-0.3282,-0.2312
200216,DEA15,"Mönchengladbach, Kreisfreie Stadt",2020-03-23,13,-0.3025,-0.3388,-0.3539
200217,DEA15,"Mönchengladbach, Kreisfreie Stadt",2020-03-24,13,-0.3225,-0.3411,-0.3539
200218,DEA15,"Mönchengladbach, Kreisfreie Stadt",2020-03-25,13,-0.3568,-0.3416,-0.3539
200219,DEA15,"Mönchengladbach, Kreisfreie Stadt",2020-03-26,13,-0.3509,-0.3613,-0.3539
200220,DEA15,"Mönchengladbach, Kreisfreie Stadt",2020-03-27,13,-0.3525,-0.3592,-0.3539
200221,DEA15,"Mönchengladbach, Kreisfreie Stadt",2020-03-28,13,-0.3553,-0.3525,-0.3539
200222,DEA15,"Mönchengladbach, Kreisfreie Stadt",2020-03-29,13,-0.4885,-0.3408,-0.3539
200223,DEA15,"Mönchengladbach, Kreisfreie Stadt",2020-03-30,14,-0.2877,-0.3274,-0.2599
200224,DEA15,"Mönchengladbach, Kreisfreie Stadt",2020-03-31,14,-0.2757,-0.3033,-0.2599
201011,DEA16,"Mülheim an der Ruhr, Kreisfreie Stadt",2020-03-01,9,0.0553,0.0131,-0.0176
201012,DEA16,"Mülheim an der Ruhr, Kreisfreie Stadt",2020-03-02,10,-0.0291,0.0098,-0.0033
201013,DEA16,"Mülheim an der Ruhr, Kreisfreie Stadt",2020-03-03,10,-0.0339,0.0029,-0.0033
201014,DEA16,"Mülheim an der Ruhr, Kreisfreie Stadt",2020-03-04,10,0.0123,0.0022,-0.0033
201015,DEA16,"Mülheim an der Ruhr, Kreisfreie Stadt",2020-03-05,10,-0.012,-0.0006,-0.0033
201016,DEA16,"Mülheim an der Ruhr, Kreisfreie Stadt",2020-03-06,10,-0.0002,0.0151,-0.0033
201017,DEA16,"Mülheim an der Ruhr, Kreisfreie Stadt",2020-03-07,10,0.0228,0.0135,-0.0033
201018,DEA16,"Mülheim an der Ruhr, Kreisfreie Stadt",2020-03-08,10,0.0359,0.0031,-0.0033
201019,DEA16,"Mülheim an der Ruhr, Kreisfreie Stadt",2020-03-09,11,0.0808,0.0051,-0.0293
201020,DEA16,"Mülheim an der Ruhr, Kreisfreie Stadt",2020-03-10,11,-0.0453,0.0026,-0.0293
201021,DEA16,"Mülheim an der Ruhr, Kreisfreie Stadt",2020-03-11,11,-0.0602,-0.0134,-0.0293
201022,DEA16,"Mülheim an der Ruhr, Kreisfreie Stadt",2020-03-12,11,0.0022,-0.0353,-0.0293
201023,DEA16,"Mülheim an der Ruhr, Kreisfreie Stadt",2020-03-13,11,-0.0182,-0.0599,-0.0293
201024,DEA16,"Mülheim an der Ruhr, Kreisfreie Stadt",2020-03-14,11,-0.089,-0.0825,-0.0293
201025,DEA16,"Mülheim an der Ruhr, Kreisfreie Stadt",2020-03-15,11,-0.1173,-0.1118,-0.0293
201026,DEA16,"Mülheim an der Ruhr, Kreisfreie Stadt",2020-03-16,12,-0.0912,-0.1597,-0.2824
201027,DEA16,"Mülheim an der Ruhr, Kreisfreie Stadt",2020-03-17,12,-0.2035,-0.212,-0.2824
201028,DEA16,"Mülheim an der Ruhr, Kreisfreie Stadt",2020-03-18,12,-0.2657,-0.2517,-0.2824
201029,DEA16,"Mülheim an der Ruhr, Kreisfreie Stadt",2020-03-19,12,-0.3333,-0.2865,-0.2824
201030,DEA16,"Mülheim an der Ruhr, Kreisfreie Stadt",2020-03-20,12,-0.3842,-0.3231,-0.2824
201031,DEA16,"Mülheim an der Ruhr, Kreisfreie Stadt",2020-03-21,12,-0.3663,-0.3482,-0.2824
201032,DEA16,"Mülheim an der Ruhr, Kreisfreie Stadt",2020-03-22,12,-0.3614,-0.3658,-0.2824
201033,DEA16,"Mülheim an der Ruhr, Kreisfreie Stadt",2020-03-23,13,-0.3473,-0.373,-0.3849
201034,DEA16,"Mülheim an der Ruhr, Kreisfreie Stadt",2020-03-24,13,-0.3796,-0.3727,-0.3849
201035,DEA16,"Mülheim an der Ruhr, Kreisfreie Stadt",2020-03-25,13,-0.3884,-0.3708,-0.3849
201036,DEA16,"Mülheim an der Ruhr, Kreisfreie Stadt",2020-03-26,13,-0.3837,-0.3906,-0.3849
201037,DEA16,"Mülheim an der Ruhr, Kreisfreie Stadt",2020-03-27,13,-0.3825,-0.3899,-0.3849
201038,DEA16,"Mülheim an der Ruhr, Kreisfreie Stadt",2020-03-28,13,-0.3531,-0.3851,-0.3849
201039,DEA16,"Mülheim an der Ruhr, Kreisfreie Stadt",2020-03-29,13,-0.5,-0.3745,-0.3849
201040,DEA16,"Mülheim an der Ruhr, Kreisfreie Stadt",2020-03-30,14,-0.3422,-0.363,-0.2934
201041,DEA16,"Mülheim an der Ruhr, Kreisfreie Stadt",2020-03-31,14,-0.3457,-0.3402,-0.2934
201828,DEA17,"Oberhausen, Kreisfreie Stadt",2020-03-01,9,0.0541,0.047,0.0238
201829,DEA17,"Oberhausen, Kreisfreie Stadt",2020-03-02,10,0.0075,0.0506,0.0399
201830,DEA17,"Oberhausen, Kreisfreie Stadt",2020-03-03,10,0.0127,0.0434,0.0399
201831,DEA17,"Oberhausen, Kreisfreie Stadt",2020-03-04,10,0.0508,0.0421,0.0399
201832,DEA17,"Oberhausen, Kreisfreie Stadt",2020-03-05,10,0.0676,0.0394,0.0399
201833,DEA17,"Oberhausen, Kreisfreie Stadt",2020-03-06,10,0.0446,0.0565,0.0399
201834,DEA17,"Oberhausen, Kreisfreie Stadt",2020-03-07,10,0.0571,0.0532,0.0399
201835,DEA17,"Oberhausen, Kreisfreie Stadt",2020-03-08,10,0.0356,0.0449,0.0399
201836,DEA17,"Oberhausen, Kreisfreie Stadt",2020-03-09,11,0.1272,0.0416,-0.0161
201837,DEA17,"Oberhausen, Kreisfreie Stadt",2020-03-10,11,-0.0103,0.0351,-0.0161
201838,DEA17,"Oberhausen, Kreisfreie Stadt",2020-03-11,11,-0.0073,0.0072,-0.0161
201839,DEA17,"Oberhausen, Kreisfreie Stadt",2020-03-12,11,0.0441,-0.0254,-0.0161
201840,DEA17,"Oberhausen, Kreisfreie Stadt",2020-03-13,11,-0.0005,-0.0564,-0.0161
201841,DEA17,"Oberhausen, Kreisfreie Stadt",2020-03-14,11,-0.1381,-0.0848,-0.0161
201842,DEA17,"Oberhausen, Kreisfreie Stadt",2020-03-15,11,-0.1926,-0.1227,-0.0161
201843,DEA17,"Oberhausen, Kreisfreie Stadt",2020-03-16,12,-0.0901,-0.1768,-0.3105
201844,DEA17,"Oberhausen, Kreisfreie Stadt",2020-03-17,12,-0.2092,-0.2343,-0.3105
201845,DEA17,"Oberhausen, Kreisfreie Stadt",2020-03-18,12,-0.2721,-0.2794,-0.3105
201846,DEA17,"Oberhausen, Kreisfreie Stadt",2020-03-19,12,-0.3347,-0.3161,-0.3105
201847,DEA17,"Oberhausen, Kreisfreie Stadt",2020-03-20,12,-0.403,-0.3555,-0.3105
201848,DEA17,"Oberhausen, Kreisfreie Stadt",2020-03-21,12,-0.4541,-0.3825,-0.3105
201849,DEA17,"Oberhausen, Kreisfreie Stadt",2020-03-22,12,-0.4494,-0.4013,-0.3105
201850,DEA17,"Oberhausen, Kreisfreie Stadt",2020-03-23,13,-0.3658,-0.4099,-0.4137
201851,DEA17,"Oberhausen, Kreisfreie Stadt",2020-03-24,13,-0.3983,-0.4099,-0.4137
201852,DEA17,"Oberhausen, Kreisfreie Stadt",2020-03-25,13,-0.404,-0.4062,-0.4137
201853,DEA17,"Oberhausen, Kreisfreie Stadt",2020-03-26,13,-0.3943,-0.4203,-0.4137
201854,DEA17,"Oberhausen, Kreisfreie Stadt",2020-03-27,13,-0.4034,-0.4195,-0.4137
201855,DEA17,"Oberhausen, Kreisfreie Stadt",2020-03-28,13,-0.4285,-0.4138,-0.4137
201856,DEA17,"Oberhausen, Kreisfreie Stadt",2020-03-29,13,-0.548,-0.4029,-0.4137
201857,DEA17,"Oberhausen, Kreisfreie Stadt",2020-03-30,14,-0.3601,-0.3903,-0.3185
201858,DEA17,"Oberhausen, Kreisfreie Stadt",2020-03-31,14,-0.3585,-0.3675,-0.3185
202645,DEA18,"Remscheid, Kreisfreie Stadt",2020-03-01,9,-0.0432,-0.037,-0.0904
202646,DEA18,"Remscheid, Kreisfreie Stadt",2020-03-02,10,-0.0388,-0.0298,-0.0248
202647,DEA18,"Remscheid, Kreisfreie Stadt",2020-03-03,10,-0.0298,-0.0333,-0.0248
202648,DEA18,"Remscheid, Kreisfreie Stadt",2020-03-04,10,-0.0085,-0.0307,-0.0248
202649,DEA18,"Remscheid, Kreisfreie Stadt",2020-03-05,10,-0.0285,-0.0223,-0.0248
202650,DEA18,"Remscheid, Kreisfreie Stadt",2020-03-06,10,-0.0392,-0.0123,-0.0248
202651,DEA18,"Remscheid, Kreisfreie Stadt",2020-03-07,10,-0.0268,-0.0202,-0.0248
202652,DEA18,"Remscheid, Kreisfreie Stadt",2020-03-08,10,0.0156,-0.0292,-0.0248
202653,DEA18,"Remscheid, Kreisfreie Stadt",2020-03-09,11,0.0309,-0.0265,-0.0588
202654,DEA18,"Remscheid, Kreisfreie Stadt",2020-03-10,11,-0.0845,-0.0284,-0.0588
202655,DEA18,"Remscheid, Kreisfreie Stadt",2020-03-11,11,-0.0718,-0.0433,-0.0588
202656,DEA18,"Remscheid, Kreisfreie Stadt",2020-03-12,11,-0.0101,-0.0653,-0.0588
202657,DEA18,"Remscheid, Kreisfreie Stadt",2020-03-13,11,-0.052,-0.0893,-0.0588
202658,DEA18,"Remscheid, Kreisfreie Stadt",2020-03-14,11,-0.1311,-0.1105,-0.0588
202659,DEA18,"Remscheid, Kreisfreie Stadt",2020-03-15,11,-0.1385,-0.1403,-0.0588
202660,DEA18,"Remscheid, Kreisfreie Stadt",2020-03-16,12,-0.137,-0.1881,-0.3084
202661,DEA18,"Remscheid, Kreisfreie Stadt",2020-03-17,12,-0.233,-0.2371,-0.3084
202662,DEA18,"Remscheid, Kreisfreie Stadt",2020-03-18,12,-0.2804,-0.2765,-0.3084
202663,DEA18,"Remscheid, Kreisfreie Stadt",2020-03-19,12,-0.3449,-0.3153,-0.3084
202664,DEA18,"Remscheid, Kreisfreie Stadt",2020-03-20,12,-0.3947,-0.3494,-0.3084
202665,DEA18,"Remscheid, Kreisfreie Stadt",2020-03-21,12,-0.4073,-0.3738,-0.3084
202666,DEA18,"Remscheid, Kreisfreie Stadt",2020-03-22,12,-0.4098,-0.3915,-0.3084
202667,DEA18,"Remscheid, Kreisfreie Stadt",2020-03-23,13,-0.3758,-0.3993,-0.4101
202668,DEA18,"Remscheid, Kreisfreie Stadt",2020-03-24,13,-0.4041,-0.4018,-0.4101
202669,DEA18,"Remscheid, Kreisfreie Stadt",2020-03-25,13,-0.4042,-0.3982,-0.4101
202670,DEA18,"Remscheid, Kreisfreie Stadt",2020-03-26,13,-0.3993,-0.4175,-0.4101
202671,DEA18,"Remscheid, Kreisfreie Stadt",2020-03-27,13,-0.4118,-0.4177,-0.4101
202672,DEA18,"Remscheid, Kreisfreie Stadt",2020-03-28,13,-0.3823,-0.4127,-0.4101
202673,DEA18,"Remscheid, Kreisfreie Stadt",2020-03-29,13,-0.5451,-0.4027,-0.4101
202674,DEA18,"Remscheid, Kreisfreie Stadt",2020-03-30,14,-0.377,-0.3889,-0.3112
202675,DEA18,"Remscheid, Kreisfreie Stadt",2020-03-31,14,-0.369,-0.3642,-0.3112
203462,DEA19,"Solingen, Kreisfreie Stadt",2020-03-01,9,0.0432,0.0245,-0.0288
203463,DEA19,"Solingen, Kreisfreie Stadt",2020-03-02,10,0.0183,0.0247,0.0238
203464,DEA19,"Solingen, Kreisfreie Stadt",2020-03-03,10,0.0072,0.0223,0.0238
203465,DEA19,"Solingen, Kreisfreie Stadt",2020-03-04,10,0.0339,0.0236,0.0238
203466,DEA19,"Solingen, Kreisfreie Stadt",2020-03-05,10,0.0054,0.0261,0.0238
203467,DEA19,"Solingen, Kreisfreie Stadt",2020-03-06,10,0.0262,0.0374,0.0238
203468,DEA19,"Solingen, Kreisfreie Stadt",2020-03-07,10,0.0312,0.0312,0.0238
203469,DEA19,"Solingen, Kreisfreie Stadt",2020-03-08,10,0.0605,0.0244,0.0238
203470,DEA19,"Solingen, Kreisfreie Stadt",2020-03-09,11,0.0977,0.0309,0.0006
203471,DEA19,"Solingen, Kreisfreie Stadt",2020-03-10,11,-0.0367,0.029,0.0006
203472,DEA19,"Solingen, Kreisfreie Stadt",2020-03-11,11,-0.0137,0.0138,0.0006
203473,DEA19,"Solingen, Kreisfreie Stadt",2020-03-12,11,0.0513,-0.0042,0.0006
203474,DEA19,"Solingen, Kreisfreie Stadt",2020-03-13,11,0.0127,-0.0275,0.0006
203475,DEA19,"Solingen, Kreisfreie Stadt",2020-03-14,11,-0.0753,-0.0507,0.0006
203476,DEA19,"Solingen, Kreisfreie Stadt",2020-03-15,11,-0.0658,-0.0832,0.0006
203477,DEA19,"Solingen, Kreisfreie Stadt",2020-03-16,12,-0.0652,-0.1348,-0.2609
203478,DEA19,"Solingen, Kreisfreie Stadt",2020-03-17,12,-0.1989,-0.1851,-0.2609
203479,DEA19,"Solingen, Kreisfreie Stadt",2020-03-18,12,-0.2411,-0.2252,-0.2609
203480,DEA19,"Solingen, Kreisfreie Stadt",2020-03-19,12,-0.3098,-0.2659,-0.2609
203481,DEA19,"Solingen, Kreisfreie Stadt",2020-03-20,12,-0.3395,-0.3007,-0.2609
203482,DEA19,"Solingen, Kreisfreie Stadt",2020-03-21,12,-0.356,-0.3238,-0.2609
203483,DEA19,"Solingen, Kreisfreie Stadt",2020-03-22,12,-0.3508,-0.3399,-0.2609
203484,DEA19,"Solingen, Kreisfreie Stadt",2020-03-23,13,-0.3089,-0.3457,-0.3558
203485,DEA19,"Solingen, Kreisfreie Stadt",2020-03-24,13,-0.3606,-0.3457,-0.3558
203486,DEA19,"Solingen, Kreisfreie Stadt",2020-03-25,13,-0.3536,-0.3423,-0.3558
203487,DEA19,"Solingen, Kreisfreie Stadt",2020-03-26,13,-0.3507,-0.363,-0.3558
203488,DEA19,"Solingen, Kreisfreie Stadt",2020-03-27,13,-0.3392,-0.3619,-0.3558
203489,DEA19,"Solingen, Kreisfreie Stadt",2020-03-28,13,-0.332,-0.3567,-0.3558
203490,DEA19,"Solingen, Kreisfreie Stadt",2020-03-29,13,-0.4961,-0.3475,-0.3558
203491,DEA19,"Solingen, Kreisfreie Stadt",2020-03-30,14,-0.3009,-0.3379,-0.2863
203492,DEA19,"Solingen, Kreisfreie Stadt",2020-03-31,14,-0.3241,-0.3252,-0.2863
204279,DEA1A,"Wuppertal, Kreisfreie Stadt",2020-03-01,9,0.0063,-0.0064,-0.0566
204280,DEA1A,"Wuppertal, Kreisfreie Stadt",2020-03-02,10,-0.0117,-0.0024,-0.0005
204281,DEA1A,"Wuppertal, Kreisfreie Stadt",2020-03-03,10,-0.0122,-0.0065,-0.0005
204282,DEA1A,"Wuppertal, Kreisfreie Stadt",2020-03-04,10,0.0037,-0.0012,-0.0005
204283,DEA1A,"Wuppertal, Kreisfreie Stadt",2020-03-05,10,-0.0074,0.0022,-0.0005
204284,DEA1A,"Wuppertal, Kreisfreie Stadt",2020-03-06,10,-0.0197,0.0151,-0.0005
204285,DEA1A,"Wuppertal, Kreisfreie Stadt",2020-03-07,10,0.0329,0.0066,-0.0005
204286,DEA1A,"Wuppertal, Kreisfreie Stadt",2020-03-08,10,0.0297,-0.0002,-0.0005
204287,DEA1A,"Wuppertal, Kreisfreie Stadt",2020-03-09,11,0.0787,0.0034,-0.0384
204288,DEA1A,"Wuppertal, Kreisfreie Stadt",2020-03-10,11,-0.0716,-0.0009,-0.0384
204289,DEA1A,"Wuppertal, Kreisfreie Stadt",2020-03-11,11,-0.044,-0.0222,-0.0384
204290,DEA1A,"Wuppertal, Kreisfreie Stadt",2020-03-12,11,0.0175,-0.0447,-0.0384
204291,DEA1A,"Wuppertal, Kreisfreie Stadt",2020-03-13,11,-0.0495,-0.0719,-0.0384
204292,DEA1A,"Wuppertal, Kreisfreie Stadt",2020-03-14,11,-0.1163,-0.0949,-0.0384
204293,DEA1A,"Wuppertal, Kreisfreie Stadt",2020-03-15,11,-0.1273,-0.1295,-0.0384
204294,DEA1A,"Wuppertal, Kreisfreie Stadt",2020-03-16,12,-0.1123,-0.1829,-0.3066
204295,DEA1A,"Wuppertal, Kreisfreie Stadt",2020-03-17,12,-0.2321,-0.2329,-0.3066
204296,DEA1A,"Wuppertal, Kreisfreie Stadt",2020-03-18,12,-0.2867,-0.2741,-0.3066
204297,DEA1A,"Wuppertal, Kreisfreie Stadt",2020-03-19,12,-0.3562,-0.3112,-0.3066
204298,DEA1A,"Wuppertal, Kreisfreie Stadt",2020-03-20,12,-0.3997,-0.3474,-0.3066
204299,DEA1A,"Wuppertal, Kreisfreie Stadt",2020-03-21,12,-0.4046,-0.3724,-0.3066
204300,DEA1A,"Wuppertal, Kreisfreie Stadt",2020-03-22,12,-0.387,-0.3893,-0.3066
204301,DEA1A,"Wuppertal, Kreisfreie Stadt",2020-03-23,13,-0.3656,-0.3961,-0.4049
204302,DEA1A,"Wuppertal, Kreisfreie Stadt",2020-03-24,13,-0.4071,-0.3964,-0.4049
204303,DEA1A,"Wuppertal, Kreisfreie Stadt",2020-03-25,13,-0.4051,-0.3907,-0.4049
204304,DEA1A,"Wuppertal, Kreisfreie Stadt",2020-03-26,13,-0.4039,-0.4108,-0.4049
204305,DEA1A,"Wuppertal, Kreisfreie Stadt",2020-03-27,13,-0.4013,-0.4091,-0.4049
204306,DEA1A,"Wuppertal, Kreisfreie Stadt",2020-03-28,13,-0.3645,-0.4036,-0.4049
204307,DEA1A,"Wuppertal, Kreisfreie Stadt",2020-03-29,13,-0.5278,-0.3957,-0.4049
204308,DEA1A,"Wuppertal, Kreisfreie Stadt",2020-03-30,14,-0.354,-0.3853,-0.3184
204309,DEA1A,"Wuppertal, Kreisfreie Stadt",2020-03-31,14,-0.3686,-0.3663,-0.3184
205096,DEA1B,Kleve,2020-03-01,9,0.0416,0.0907,0.0479
205097,DEA1B,Kleve,2020-03-02,10,0.1189,0.086,0.0842
205098,DEA1B,Kleve,2020-03-03,10,0.1029,0.0837,0.0842
205099,DEA1B,Kleve,2020-03-04,10,0.0943,0.0855,0.0842
205100,DEA1B,Kleve,2020-03-05,10,0.0586,0.0816,0.0842
205101,DEA1B,Kleve,2020-03-06,10,0.0862,0.0877,0.0842
205102,DEA1B,Kleve,2020-03-07,10,0.0961,0.0838,0.0842
205103,DEA1B,Kleve,2020-03-08,10,0.0144,0.0813,0.0842
205104,DEA1B,Kleve,2020-03-09,11,0.1613,0.0837,0.0455
205105,DEA1B,Kleve,2020-03-10,11,0.0756,0.0768,0.0455
205106,DEA1B,Kleve,2020-03-11,11,0.0772,0.0572,0.0455
205107,DEA1B,Kleve,2020-03-12,11,0.0749,0.0377,0.0455
205108,DEA1B,Kleve,2020-03-13,11,0.0378,0.0146,0.0455
205109,DEA1B,Kleve,2020-03-14,11,-0.0407,-0.0083,0.0455
205110,DEA1B,Kleve,2020-03-15,11,-0.1224,-0.0437,0.0455
205111,DEA1B,Kleve,2020-03-16,12,0.0001,-0.0893,-0.2221
205112,DEA1B,Kleve,2020-03-17,12,-0.0851,-0.1402,-0.2221
205113,DEA1B,Kleve,2020-03-18,12,-0.1708,-0.187,-0.2221
205114,DEA1B,Kleve,2020-03-19,12,-0.2441,-0.2296,-0.2221
205115,DEA1B,Kleve,2020-03-20,12,-0.3188,-0.2661,-0.2221
205116,DEA1B,Kleve,2020-03-21,12,-0.368,-0.2948,-0.2221
205117,DEA1B,Kleve,2020-03-22,12,-0.4203,-0.3127,-0.2221
205118,DEA1B,Kleve,2020-03-23,13,-0.2558,-0.3213,-0.3238
205119,DEA1B,Kleve,2020-03-24,13,-0.2855,-0.3199,-0.3238
205120,DEA1B,Kleve,2020-03-25,13,-0.2962,-0.3175,-0.3238
205121,DEA1B,Kleve,2020-03-26,13,-0.3045,-0.3332,-0.3238
205122,DEA1B,Kleve,2020-03-27,13,-0.3087,-0.3321,-0.3238
205123,DEA1B,Kleve,2020-03-28,13,-0.3518,-0.3265,-0.3238
205124,DEA1B,Kleve,2020-03-29,13,-0.5299,-0.3193,-0.3238
205125,DEA1B,Kleve,2020-03-30,14,-0.2478,-0.3151,-0.2766
205126,DEA1B,Kleve,2020-03-31,14,-0.2465,-0.3086,-0.2766
205913,DEA1C,Mettmann,2020-03-01,9,-0.0881,-0.0654,-0.1046
205914,DEA1C,Mettmann,2020-03-02,10,-0.0653,-0.0661,-0.0657
205915,DEA1C,Mettmann,2020-03-03,10,-0.0814,-0.07,-0.0657
205916,DEA1C,Mettmann,2020-03-04,10,-0.0524,-0.0688,-0.0657
205917,DEA1C,Mettmann,2020-03-05,10,-0.0766,-0.0651,-0.0657
205918,DEA1C,Mettmann,2020-03-06,10,-0.0682,-0.0532,-0.0657
205919,DEA1C,Mettmann,2020-03-07,10,-0.0495,-0.0567,-0.0657
205920,DEA1C,Mettmann,2020-03-08,10,-0.0623,-0.0651,-0.0657
205921,DEA1C,Mettmann,2020-03-09,11,0.018,-0.0636,-0.0919
205922,DEA1C,Mettmann,2020-03-10,11,-0.1058,-0.0653,-0.0919
205923,DEA1C,Mettmann,2020-03-11,11,-0.1111,-0.0801,-0.0919
205924,DEA1C,Mettmann,2020-03-12,11,-0.0664,-0.0973,-0.0919
205925,DEA1C,Mettmann,2020-03-13,11,-0.0799,-0.1185,-0.0919
205926,DEA1C,Mettmann,2020-03-14,11,-0.1531,-0.1371,-0.0919
205927,DEA1C,Mettmann,2020-03-15,11,-0.183,-0.1623,-0.0919
205928,DEA1C,Mettmann,2020-03-16,12,-0.1302,-0.203,-0.3116
205929,DEA1C,Mettmann,2020-03-17,12,-0.236,-0.2476,-0.3116
205930,DEA1C,Mettmann,2020-03-18,12,-0.2871,-0.2839,-0.3116
205931,DEA1C,Mettmann,2020-03-19,12,-0.3518,-0.3169,-0.3116
205932,DEA1C,Mettmann,2020-03-20,12,-0.3919,-0.3494,-0.3116
205933,DEA1C,Mettmann,2020-03-21,12,-0.407,-0.3734,-0.3116
205934,DEA1C,Mettmann,2020-03-22,12,-0.4145,-0.3897,-0.3116
205935,DEA1C,Mettmann,2020-03-23,13,-0.3573,-0.3969,-0.4087
205936,DEA1C,Mettmann,2020-03-24,13,-0.4038,-0.398,-0.4087
205937,DEA1C,Mettmann,2020-03-25,13,-0.4018,-0.3941,-0.4087
205938,DEA1C,Mettmann,2020-03-26,13,-0.4018,-0.4165,-0.4087
205939,DEA1C,Mettmann,2020-03-27,13,-0.3995,-0.4179,-0.4087
205940,DEA1C,Mettmann,2020-03-28,13,-0.3802,-0.4137,-0.4087
205941,DEA1C,Mettmann,2020-03-29,13,-0.5712,-0.4071,-0.4087
205942,DEA1C,Mettmann,2020-03-30,14,-0.3671,-0.3984,-0.3346
205943,DEA1C,Mettmann,2020-03-31,14,-0.3742,-0.3812,-0.3346
206730,DEA1D,Rhein-Kreis Neuss,2020-03-01,9,0.0149,0.0355,-0.0246
206731,DEA1D,Rhein-Kreis Neuss,2020-03-02,10,0.037,0.0345,0.0392
206732,DEA1D,Rhein-Kreis Neuss,2020-03-03,10,0.0278,0.0332,0.0392
206733,DEA1D,Rhein-Kreis Neuss,2020-03-04,10,0.0561,0.037,0.0392
206734,DEA1D,Rhein-Kreis Neuss,2020-03-05,10,0.0226,0.039,0.0392
206735,DEA1D,Rhein-Kreis Neuss,2020-03-06,10,0.0456,0.0549,0.0392
206736,DEA1D,Rhein-Kreis Neuss,2020-03-07,10,0.0549,0.051,0.0392
206737,DEA1D,Rhein-Kreis Neuss,2020-03-08,10,0.0289,0.0409,0.0392
206738,DEA1D,Rhein-Kreis Neuss,2020-03-09,11,0.1485,0.0436,0.0118
206739,DEA1D,Rhein-Kreis Neuss,2020-03-10,11,0.0004,0.0421,0.0118
206740,DEA1D,Rhein-Kreis Neuss,2020-03-11,11,-0.0143,0.024,0.0118
206741,DEA1D,Rhein-Kreis Neuss,2020-03-12,11,0.041,0.0037,0.0118
206742,DEA1D,Rhein-Kreis Neuss,2020-03-13,11,0.0352,-0.0224,0.0118
206743,DEA1D,Rhein-Kreis Neuss,2020-03-14,11,-0.0719,-0.0471,0.0118
206744,DEA1D,Rhein-Kreis Neuss,2020-03-15,11,-0.1127,-0.0784,0.0118
206745,DEA1D,Rhein-Kreis Neuss,2020-03-16,12,-0.0345,-0.1272,-0.257
206746,DEA1D,Rhein-Kreis Neuss,2020-03-17,12,-0.1721,-0.182,-0.257
206747,DEA1D,Rhein-Kreis Neuss,2020-03-18,12,-0.2334,-0.2245,-0.257
206748,DEA1D,Rhein-Kreis Neuss,2020-03-19,12,-0.3011,-0.2641,-0.257
206749,DEA1D,Rhein-Kreis Neuss,2020-03-20,12,-0.3484,-0.3043,-0.257
206750,DEA1D,Rhein-Kreis Neuss,2020-03-21,12,-0.3694,-0.3321,-0.257
206751,DEA1D,Rhein-Kreis Neuss,2020-03-22,12,-0.3897,-0.3515,-0.257
206752,DEA1D,Rhein-Kreis Neuss,2020-03-23,13,-0.3163,-0.3608,-0.372
206753,DEA1D,Rhein-Kreis Neuss,2020-03-24,13,-0.3665,-0.361,-0.372
206754,DEA1D,Rhein-Kreis Neuss,2020-03-25,13,-0.369,-0.359,-0.372
206755,DEA1D,Rhein-Kreis Neuss,2020-03-26,13,-0.3666,-0.3814,-0.372
206756,DEA1D,Rhein-Kreis Neuss,2020-03-27,13,-0.3493,-0.38,-0.372
206757,DEA1D,Rhein-Kreis Neuss,2020-03-28,13,-0.3558,-0.374,-0.372
206758,DEA1D,Rhein-Kreis Neuss,2020-03-29,13,-0.546,-0.3644,-0.372
206759,DEA1D,Rhein-Kreis Neuss,2020-03-30,14,-0.3071,-0.3514,-0.2781
206760,DEA1D,Rhein-Kreis Neuss,2020-03-31,14,-0.3241,-0.3309,-0.2781
207547,DEA1E,Viersen,2020-03-01,9,-0.029,0.0226,-0.032
207548,DEA1E,Viersen,2020-03-02,10,0.0576,0.0235,0.0379
207549,DEA1E,Viersen,2020-03-03,10,0.0525,0.0266,0.0379
207550,DEA1E,Viersen,2020-03-04,10,0.0481,0.0344,0.0379
207551,DEA1E,Viersen,2020-03-05,10,0.0141,0.0359,0.0379
207552,DEA1E,Viersen,2020-03-06,10,0.0359,0.0446,0.0379
207553,DEA1E,Viersen,2020-03-07,10,0.0613,0.0408,0.0379
207554,DEA1E,Viersen,2020-03-08,10,-0.0181,0.035,0.0379
207555,DEA1E,Viersen,2020-03-09,11,0.1182,0.0365,-0.0013
207556,DEA1E,Viersen,2020-03-10,11,0.0265,0.0296,-0.0013
207557,DEA1E,Viersen,2020-03-11,11,0.0075,0.0085,-0.0013
207558,DEA1E,Viersen,2020-03-12,11,0.0246,-0.0084,-0.0013
207559,DEA1E,Viersen,2020-03-13,11,-0.0124,-0.0304,-0.0013
207560,DEA1E,Viersen,2020-03-14,11,-0.087,-0.0537,-0.0013
207561,DEA1E,Viersen,2020-03-15,11,-0.1363,-0.0816,-0.0013
207562,DEA1E,Viersen,2020-03-16,12,-0.0354,-0.1222,-0.2349
207563,DEA1E,Viersen,2020-03-17,12,-0.1366,-0.1671,-0.2349
207564,DEA1E,Viersen,2020-03-18,12,-0.1884,-0.2051,-0.2349
207565,DEA1E,Viersen,2020-03-19,12,-0.2589,-0.2419,-0.2349
207566,DEA1E,Viersen,2020-03-20,12,-0.3272,-0.2758,-0.2349
207567,DEA1E,Viersen,2020-03-21,12,-0.353,-0.3001,-0.2349
207568,DEA1E,Viersen,2020-03-22,12,-0.3937,-0.3181,-0.2349
207569,DEA1E,Viersen,2020-03-23,13,-0.2728,-0.3266,-0.3329
207570,DEA1E,Viersen,2020-03-24,13,-0.3068,-0.3253,-0.3329
207571,DEA1E,Viersen,2020-03-25,13,-0.3141,-0.3222,-0.3329
207572,DEA1E,Viersen,2020-03-26,13,-0.3187,-0.3424,-0.3329
207573,DEA1E,Viersen,2020-03-27,13,-0.3181,-0.3402,-0.3329
207574,DEA1E,Viersen,2020-03-28,13,-0.3309,-0.3349,-0.3329
207575,DEA1E,Viersen,2020-03-29,13,-0.5355,-0.3249,-0.3329
207576,DEA1E,Viersen,2020-03-30,14,-0.2574,-0.3148,-0.2574
207577,DEA1E,Viersen,2020-03-31,14,-0.2695,-0.3005,-0.2574
208364,DEA1F,Wesel,2020-03-01,9,0.0251,0.0426,0.0065
208365,DEA1F,Wesel,2020-03-02,10,0.0246,0.0415,0.0376
208366,DEA1F,Wesel,2020-03-03,10,0.0296,0.0354,0.0376
208367,DEA1F,Wesel,2020-03-04,10,0.0571,0.0379,0.0376
208368,DEA1F,Wesel,2020-03-05,10,0.0311,0.0371,0.0376
208369,DEA1F,Wesel,2020-03-06,10,0.0328,0.0524,0.0376
208370,DEA1F,Wesel,2020-03-07,10,0.0647,0.0467,0.0376
208371,DEA1F,Wesel,2020-03-08,10,0.0193,0.0387,0.0376
208372,DEA1F,Wesel,2020-03-09,11,0.1317,0.0421,0.0104
208373,DEA1F,Wesel,2020-03-10,11,-0.01,0.0392,0.0104
208374,DEA1F,Wesel,2020-03-11,11,0.0011,0.0216,0.0104
208375,DEA1F,Wesel,2020-03-12,11,0.0552,0.0038,0.0104
208376,DEA1F,Wesel,2020-03-13,11,0.0121,-0.0214,0.0104
208377,DEA1F,Wesel,2020-03-14,11,-0.0583,-0.0414,0.0104
208378,DEA1F,Wesel,2020-03-15,11,-0.1053,-0.0714,0.0104
208379,DEA1F,Wesel,2020-03-16,12,-0.0448,-0.1199,-0.2535
208380,DEA1F,Wesel,2020-03-17,12,-0.1495,-0.1734,-0.2535
208381,DEA1F,Wesel,2020-03-18,12,-0.2093,-0.2193,-0.2535
208382,DEA1F,Wesel,2020-03-19,12,-0.284,-0.2598,-0.2535
208383,DEA1F,Wesel,2020-03-20,12,-0.3623,-0.2963,-0.2535
208384,DEA1F,Wesel,2020-03-21,12,-0.3797,-0.3231,-0.2535
208385,DEA1F,Wesel,2020-03-22,12,-0.3892,-0.3419,-0.2535
208386,DEA1F,Wesel,2020-03-23,13,-0.3001,-0.3505,-0.3527
208387,DEA1F,Wesel,2020-03-24,13,-0.3368,-0.3467,-0.3527
208388,DEA1F,Wesel,2020-03-25,13,-0.3414,-0.3409,-0.3527
208389,DEA1F,Wesel,2020-03-26,13,-0.3442,-0.362,-0.3527
208390,DEA1F,Wesel,2020-03-27,13,-0.3357,-0.3611,-0.3527
208391,DEA1F,Wesel,2020-03-28,13,-0.3388,-0.3552,-0.3527
208392,DEA1F,Wesel,2020-03-29,13,-0.537,-0.3433,-0.3527
208393,DEA1F,Wesel,2020-03-30,14,-0.2937,-0.3306,-0.2616
208394,DEA1F,Wesel,2020-03-31,14,-0.2958,-0.3105,-0.2616
209181,DEA22,"Bonn, Kreisfreie Stadt",2020-03-01,9,-0.0503,-0.031,-0.1191
209182,DEA22,"Bonn, Kreisfreie Stadt",2020-03-02,10,0.0019,-0.03,-0.0119
209183,DEA22,"Bonn, Kreisfreie Stadt",2020-03-03,10,-0.0178,-0.0273,-0.0119
209184,DEA22,"Bonn, Kreisfreie Stadt",2020-03-04,10,-0.0126,-0.0179,-0.0119
209185,DEA22,"Bonn, Kreisfreie Stadt",2020-03-05,10,-0.041,-0.0099,-0.0119
209186,DEA22,"Bonn, Kreisfreie Stadt",2020-03-06,10,-0.0099,0.0066,-0.0119
209187,DEA22,"Bonn, Kreisfreie Stadt",2020-03-07,10,0.0043,0.0023,-0.0119
209188,DEA22,"Bonn, Kreisfreie Stadt",2020-03-08,10,0.0055,-0.0029,-0.0119
209189,DEA22,"Bonn, Kreisfreie Stadt",2020-03-09,11,0.1175,0.0016,-0.0387
209190,DEA22,"Bonn, Kreisfreie Stadt",2020-03-10,11,-0.0477,-0.0012,-0.0387
209191,DEA22,"Bonn, Kreisfreie Stadt",2020-03-11,11,-0.049,-0.0241,-0.0387
209192,DEA22,"Bonn, Kreisfreie Stadt",2020-03-12,11,-0.0097,-0.0479,-0.0387
209193,DEA22,"Bonn, Kreisfreie Stadt",2020-03-13,11,-0.029,-0.0801,-0.0387
209194,DEA22,"Bonn, Kreisfreie Stadt",2020-03-14,11,-0.1566,-0.1109,-0.0387
209195,DEA22,"Bonn, Kreisfreie Stadt",2020-03-15,11,-0.1609,-0.152,-0.0387
209196,DEA22,"Bonn, Kreisfreie Stadt",2020-03-16,12,-0.1078,-0.2075,-0.3407
209197,DEA22,"Bonn, Kreisfreie Stadt",2020-03-17,12,-0.2631,-0.2654,-0.3407
209198,DEA22,"Bonn, Kreisfreie Stadt",2020-03-18,12,-0.3372,-0.3066,-0.3407
209199,DEA22,"Bonn, Kreisfreie Stadt",2020-03-19,12,-0.3978,-0.3461,-0.3407
209200,DEA22,"Bonn, Kreisfreie Stadt",2020-03-20,12,-0.4343,-0.3894,-0.3407
209201,DEA22,"Bonn, Kreisfreie Stadt",2020-03-21,12,-0.4452,-0.4191,-0.3407
209202,DEA22,"Bonn, Kreisfreie Stadt",2020-03-22,12,-0.4375,-0.4397,-0.3407
209203,DEA22,"Bonn, Kreisfreie Stadt",2020-03-23,13,-0.4109,-0.4518,-0.4663
209204,DEA22,"Bonn, Kreisfreie Stadt",2020-03-24,13,-0.4705,-0.4551,-0.4663
209205,DEA22,"Bonn, Kreisfreie Stadt",2020-03-25,13,-0.4812,-0.4523,-0.4663
209206,DEA22,"Bonn, Kreisfreie Stadt",2020-03-26,13,-0.4828,-0.47,-0.4663
209207,DEA22,"Bonn, Kreisfreie Stadt",2020-03-27,13,-0.4577,-0.4697,-0.4663
209208,DEA22,"Bonn, Kreisfreie Stadt",2020-03-28,13,-0.4251,-0.465,-0.4663
209209,DEA22,"Bonn, Kreisfreie Stadt",2020-03-29,13,-0.5614,-0.4573,-0.4663
209210,DEA22,"Bonn, Kreisfreie Stadt",2020-03-30,14,-0.409,-0.447,-0.3955
209211,DEA22,"Bonn, Kreisfreie Stadt",2020-03-31,14,-0.4378,-0.4326,-0.3955
209998,DEA23,"Köln, Kreisfreie Stadt",2020-03-01,9,-0.0162,0.0097,-0.0439
209999,DEA23,"Köln, Kreisfreie Stadt",2020-03-02,10,0.024,0.014,0.0157
210000,DEA23,"Köln, Kreisfreie Stadt",2020-03-03,10,0.02,0.013,0.0157
210001,DEA23,"Köln, Kreisfreie Stadt",2020-03-04,10,0.0306,0.0119,0.0157
210002,DEA23,"Köln, Kreisfreie Stadt",2020-03-05,10,0.0115,0.0148,0.0157
210003,DEA23,"Köln, Kreisfreie Stadt",2020-03-06,10,0.018,0.0287,0.0157
210004,DEA23,"Köln, Kreisfreie Stadt",2020-03-07,10,-0.0044,0.023,0.0157
210005,DEA23,"Köln, Kreisfreie Stadt",2020-03-08,10,0.0041,0.0127,0.0157
210006,DEA23,"Köln, Kreisfreie Stadt",2020-03-09,11,0.1208,0.0123,-0.0347
210007,DEA23,"Köln, Kreisfreie Stadt",2020-03-10,11,-0.0197,0.0067,-0.0347
210008,DEA23,"Köln, Kreisfreie Stadt",2020-03-11,11,-0.0414,-0.0165,-0.0347
210009,DEA23,"Köln, Kreisfreie Stadt",2020-03-12,11,0.009,-0.0436,-0.0347
210010,DEA23,"Köln, Kreisfreie Stadt",2020-03-13,11,-0.0216,-0.0746,-0.0347
210011,DEA23,"Köln, Kreisfreie Stadt",2020-03-14,11,-0.167,-0.1068,-0.0347
210012,DEA23,"Köln, Kreisfreie Stadt",2020-03-15,11,-0.185,-0.147,-0.0347
210013,DEA23,"Köln, Kreisfreie Stadt",2020-03-16,12,-0.0966,-0.2045,-0.3499
210014,DEA23,"Köln, Kreisfreie Stadt",2020-03-17,12,-0.2447,-0.2649,-0.3499
210015,DEA23,"Köln, Kreisfreie Stadt",2020-03-18,12,-0.3231,-0.3122,-0.3499
210016,DEA23,"Köln, Kreisfreie Stadt",2020-03-19,12,-0.3932,-0.3562,-0.3499
210017,DEA23,"Köln, Kreisfreie Stadt",2020-03-20,12,-0.4445,-0.4018,-0.3499
210018,DEA23,"Köln, Kreisfreie Stadt",2020-03-21,12,-0.4986,-0.4324,-0.3499
210019,DEA23,"Köln, Kreisfreie Stadt",2020-03-22,12,-0.493,-0.4521,-0.3499
210020,DEA23,"Köln, Kreisfreie Stadt",2020-03-23,13,-0.4157,-0.4625,-0.4695
210021,DEA23,"Köln, Kreisfreie Stadt",2020-03-24,13,-0.4589,-0.4642,-0.4695
210022,DEA23,"Köln, Kreisfreie Stadt",2020-03-25,13,-0.4609,-0.4603,-0.4695
210023,DEA23,"Köln, Kreisfreie Stadt",2020-03-26,13,-0.4662,-0.4763,-0.4695
210024,DEA23,"Köln, Kreisfreie Stadt",2020-03-27,13,-0.4561,-0.4753,-0.4695
210025,DEA23,"Köln, Kreisfreie Stadt",2020-03-28,13,-0.4712,-0.4695,-0.4695
210026,DEA23,"Köln, Kreisfreie Stadt",2020-03-29,13,-0.6053,-0.4628,-0.4695
210027,DEA23,"Köln, Kreisfreie Stadt",2020-03-30,14,-0.4088,-0.4529,-0.3911
210028,DEA23,"Köln, Kreisfreie Stadt",2020-03-31,14,-0.4181,-0.4389,-0.3911
210815,DEA24,"Leverkusen, Kreisfreie Stadt",2020-03-01,9,0.0167,0.0409,-0.0193
210816,DEA24,"Leverkusen, Kreisfreie Stadt",2020-03-02,10,0.0556,0.042,0.0565
210817,DEA24,"Leverkusen, Kreisfreie Stadt",2020-03-03,10,0.0337,0.0389,0.0565
210818,DEA24,"Leverkusen, Kreisfreie Stadt",2020-03-04,10,0.092,0.055,0.0565
210819,DEA24,"Leverkusen, Kreisfreie Stadt",2020-03-05,10,0.0323,0.0557,0.0565
210820,DEA24,"Leverkusen, Kreisfreie Stadt",2020-03-06,10,0.0463,0.0693,0.0565
210821,DEA24,"Leverkusen, Kreisfreie Stadt",2020-03-07,10,0.1084,0.0658,0.0565
210822,DEA24,"Leverkusen, Kreisfreie Stadt",2020-03-08,10,0.0217,0.0512,0.0565
210823,DEA24,"Leverkusen, Kreisfreie Stadt",2020-03-09,11,0.1505,0.0587,0.0157
210824,DEA24,"Leverkusen, Kreisfreie Stadt",2020-03-10,11,0.0095,0.0557,0.0157
210825,DEA24,"Leverkusen, Kreisfreie Stadt",2020-03-11,11,-0.0102,0.0261,0.0157
210826,DEA24,"Leverkusen, Kreisfreie Stadt",2020-03-12,11,0.0849,0.0069,0.0157
210827,DEA24,"Leverkusen, Kreisfreie Stadt",2020-03-13,11,0.025,-0.0234,0.0157
210828,DEA24,"Leverkusen, Kreisfreie Stadt",2020-03-14,11,-0.0988,-0.0527,0.0157
210829,DEA24,"Leverkusen, Kreisfreie Stadt",2020-03-15,11,-0.1128,-0.0881,0.0157
210830,DEA24,"Leverkusen, Kreisfreie Stadt",2020-03-16,12,-0.0615,-0.1477,-0.289
210831,DEA24,"Leverkusen, Kreisfreie Stadt",2020-03-17,12,-0.1952,-0.2067,-0.289
210832,DEA24,"Leverkusen, Kreisfreie Stadt",2020-03-18,12,-0.2582,-0.253,-0.289
210833,DEA24,"Leverkusen, Kreisfreie Stadt",2020-03-19,12,-0.3322,-0.2959,-0.289
210834,DEA24,"Leverkusen, Kreisfreie Stadt",2020-03-20,12,-0.388,-0.3354,-0.289
210835,DEA24,"Leverkusen, Kreisfreie Stadt",2020-03-21,12,-0.4232,-0.3628,-0.289
210836,DEA24,"Leverkusen, Kreisfreie Stadt",2020-03-22,12,-0.4126,-0.3824,-0.289
210837,DEA24,"Leverkusen, Kreisfreie Stadt",2020-03-23,13,-0.3387,-0.3907,-0.3895
210838,DEA24,"Leverkusen, Kreisfreie Stadt",2020-03-24,13,-0.3866,-0.3901,-0.3895
210839,DEA24,"Leverkusen, Kreisfreie Stadt",2020-03-25,13,-0.3955,-0.3809,-0.3895
210840,DEA24,"Leverkusen, Kreisfreie Stadt",2020-03-26,13,-0.39,-0.3957,-0.3895
210841,DEA24,"Leverkusen, Kreisfreie Stadt",2020-03-27,13,-0.3838,-0.3951,-0.3895
210842,DEA24,"Leverkusen, Kreisfreie Stadt",2020-03-28,13,-0.3587,-0.3891,-0.3895
210843,DEA24,"Leverkusen, Kreisfreie Stadt",2020-03-29,13,-0.5163,-0.3796,-0.3895
210844,DEA24,"Leverkusen, Kreisfreie Stadt",2020-03-30,14,-0.3348,-0.3685,-0.3077
210845,DEA24,"Leverkusen, Kreisfreie Stadt",2020-03-31,14,-0.3442,-0.3487,-0.3077
211632,DEA26,Düren,2020-03-01,9,-0.0384,-0.0053,-0.0711
211633,DEA26,Düren,2020-03-02,10,0.0144,-0.0103,-0.0004
211634,DEA26,Düren,2020-03-03,10,-0.0039,-0.0107,-0.0004
211635,DEA26,Düren,2020-03-04,10,0.0095,-0.0044,-0.0004
211636,DEA26,Düren,2020-03-05,10,-0.0312,-0.0003,-0.0004
211637,DEA26,Düren,2020-03-06,10,0.001,0.0148,-0.0004
211638,DEA26,Düren,2020-03-07,10,0.0179,0.0115,-0.0004
211639,DEA26,Düren,2020-03-08,10,-0.0097,0.0026,-0.0004
211640,DEA26,Düren,2020-03-09,11,0.1198,0.0072,-0.0132
211641,DEA26,Düren,2020-03-10,11,-0.0272,0.0094,-0.0132
211642,DEA26,Düren,2020-03-11,11,-0.0528,-0.0053,-0.0132
211643,DEA26,Düren,2020-03-12,11,0.0011,-0.0178,-0.0132
211644,DEA26,Düren,2020-03-13,11,0.0164,-0.0412,-0.0132
211645,DEA26,Düren,2020-03-14,11,-0.0845,-0.0598,-0.0132
211646,DEA26,Düren,2020-03-15,11,-0.0973,-0.0853,-0.0132
211647,DEA26,Düren,2020-03-16,12,-0.044,-0.1277,-0.2585
211648,DEA26,Düren,2020-03-17,12,-0.1578,-0.1797,-0.2585
211649,DEA26,Düren,2020-03-18,12,-0.2313,-0.2216,-0.2585
211650,DEA26,Düren,2020-03-19,12,-0.2951,-0.2646,-0.2585
211651,DEA26,Düren,2020-03-20,12,-0.3478,-0.2996,-0.2585
211652,DEA26,Düren,2020-03-21,12,-0.3777,-0.3267,-0.2585
211653,DEA26,Düren,2020-03-22,12,-0.3985,-0.3457,-0.2585
211654,DEA26,Düren,2020-03-23,13,-0.2887,-0.3548,-0.3581
211655,DEA26,Düren,2020-03-24,13,-0.3478,-0.3539,-0.3581
211656,DEA26,Düren,2020-03-25,13,-0.3641,-0.3466,-0.3581
211657,DEA26,Düren,2020-03-26,13,-0.3594,-0.366,-0.3581
211658,DEA26,Düren,2020-03-27,13,-0.3413,-0.3641,-0.3581
211659,DEA26,Düren,2020-03-28,13,-0.3267,-0.3582,-0.3581
211660,DEA26,Düren,2020-03-29,13,-0.5344,-0.3456,-0.3581
211661,DEA26,Düren,2020-03-30,14,-0.2754,-0.3291,-0.2581
211662,DEA26,Düren,2020-03-31,14,-0.3064,-0.3083,-0.2581
212449,DEA27,Rhein-Erft-Kreis,2020-03-01,9,0.0163,0.0458,-0.0191
212450,DEA27,Rhein-Erft-Kreis,2020-03-02,10,0.0672,0.0444,0.0535
212451,DEA27,Rhein-Erft-Kreis,2020-03-03,10,0.0463,0.0444,0.0535
212452,DEA27,Rhein-Erft-Kreis,2020-03-04,10,0.0592,0.0491,0.0535
212453,DEA27,Rhein-Erft-Kreis,2020-03-05,10,0.0273,0.0537,0.0535
212454,DEA27,Rhein-Erft-Kreis,2020-03-06,10,0.0586,0.0678,0.0535
212455,DEA27,Rhein-Erft-Kreis,2020-03-07,10,0.0687,0.0662,0.0535
212456,DEA27,Rhein-Erft-Kreis,2020-03-08,10,0.0486,0.0587,0.0535
212457,DEA27,Rhein-Erft-Kreis,2020-03-09,11,0.1659,0.0635,0.0387
212458,DEA27,Rhein-Erft-Kreis,2020-03-10,11,0.0352,0.0635,0.0387
212459,DEA27,Rhein-Erft-Kreis,2020-03-11,11,0.0069,0.0488,0.0387
212460,DEA27,Rhein-Erft-Kreis,2020-03-12,11,0.0609,0.0329,0.0387
212461,DEA27,Rhein-Erft-Kreis,2020-03-13,11,0.0585,0.0096,0.0387
212462,DEA27,Rhein-Erft-Kreis,2020-03-14,11,-0.0345,-0.0125,0.0387
212463,DEA27,Rhein-Erft-Kreis,2020-03-15,11,-0.0624,-0.041,0.0387
212464,DEA27,Rhein-Erft-Kreis,2020-03-16,12,0.0025,-0.0869,-0.2155
212465,DEA27,Rhein-Erft-Kreis,2020-03-17,12,-0.1191,-0.1384,-0.2155
212466,DEA27,Rhein-Erft-Kreis,2020-03-18,12,-0.193,-0.1807,-0.2155
212467,DEA27,Rhein-Erft-Kreis,2020-03-19,12,-0.2604,-0.2216,-0.2155
212468,DEA27,Rhein-Erft-Kreis,2020-03-20,12,-0.3017,-0.2601,-0.2155
212469,DEA27,Rhein-Erft-Kreis,2020-03-21,12,-0.331,-0.2866,-0.2155
212470,DEA27,Rhein-Erft-Kreis,2020-03-22,12,-0.3486,-0.3042,-0.2155
212471,DEA27,Rhein-Erft-Kreis,2020-03-23,13,-0.2669,-0.3128,-0.3244
212472,DEA27,Rhein-Erft-Kreis,2020-03-24,13,-0.3046,-0.3142,-0.3244
212473,DEA27,Rhein-Erft-Kreis,2020-03-25,13,-0.3163,-0.3112,-0.3244
212474,DEA27,Rhein-Erft-Kreis,2020-03-26,13,-0.3203,-0.3332,-0.3244
212475,DEA27,Rhein-Erft-Kreis,2020-03-27,13,-0.3115,-0.3308,-0.3244
212476,DEA27,Rhein-Erft-Kreis,2020-03-28,13,-0.3101,-0.3258,-0.3244
212477,DEA27,Rhein-Erft-Kreis,2020-03-29,13,-0.5025,-0.3179,-0.3244
212478,DEA27,Rhein-Erft-Kreis,2020-03-30,14,-0.2502,-0.3044,-0.2326
212479,DEA27,Rhein-Erft-Kreis,2020-03-31,14,-0.2695,-0.2843,-0.2326
213266,DEA28,Euskirchen,2020-03-01,9,-0.0598,-0.0276,-0.1116
213267,DEA28,Euskirchen,2020-03-02,10,0.0296,-0.0255,-0.0072
213268,DEA28,Euskirchen,2020-03-03,10,0.0085,-0.0225,-0.0072
213269,DEA28,Euskirchen,2020-03-04,10,-0.0018,-0.0129,-0.0072
213270,DEA28,Euskirchen,2020-03-05,10,-0.0369,-0.0072,-0.0072
213271,DEA28,Euskirchen,2020-03-06,10,-0.022,0.0023,-0.0072
213272,DEA28,Euskirchen,2020-03-07,10,-0.0077,0.0011,-0.0072
213273,DEA28,Euskirchen,2020-03-08,10,-0.0198,-0.0032,-0.0072
213274,DEA28,Euskirchen,2020-03-09,11,0.0957,0.0012,-0.0139
213275,DEA28,Euskirchen,2020-03-10,11,0.0004,0.004,-0.0139
213276,DEA28,Euskirchen,2020-03-11,11,-0.0318,-0.0086,-0.0139
213277,DEA28,Euskirchen,2020-03-12,11,-0.0064,-0.0178,-0.0139
213278,DEA28,Euskirchen,2020-03-13,11,-0.0021,-0.0402,-0.0139
213279,DEA28,Euskirchen,2020-03-14,11,-0.096,-0.0633,-0.0139
213280,DEA28,Euskirchen,2020-03-15,11,-0.0841,-0.0932,-0.0139
213281,DEA28,Euskirchen,2020-03-16,12,-0.0613,-0.1345,-0.262
213282,DEA28,Euskirchen,2020-03-17,12,-0.1613,-0.1828,-0.262
213283,DEA28,Euskirchen,2020-03-18,12,-0.2413,-0.2243,-0.262
213284,DEA28,Euskirchen,2020-03-19,12,-0.2953,-0.2671,-0.262
213285,DEA28,Euskirchen,2020-03-20,12,-0.3407,-0.3014,-0.262
213286,DEA28,Euskirchen,2020-03-21,12,-0.3863,-0.3266,-0.262
213287,DEA28,Euskirchen,2020-03-22,12,-0.3835,-0.3431,-0.262
213288,DEA28,Euskirchen,2020-03-23,13,-0.3017,-0.3519,-0.3605
213289,DEA28,Euskirchen,2020-03-24,13,-0.3374,-0.3527,-0.3605
213290,DEA28,Euskirchen,2020-03-25,13,-0.3568,-0.3454,-0.3605
213291,DEA28,Euskirchen,2020-03-26,13,-0.3571,-0.369,-0.3605
213292,DEA28,Euskirchen,2020-03-27,13,-0.3459,-0.3672,-0.3605
213293,DEA28,Euskirchen,2020-03-28,13,-0.3351,-0.3627,-0.3605
213294,DEA28,Euskirchen,2020-03-29,13,-0.5491,-0.3515,-0.3605
213295,DEA28,Euskirchen,2020-03-30,14,-0.289,-0.3378,-0.2767
213296,DEA28,Euskirchen,2020-03-31,14,-0.3063,-0.321,-0.2767
214083,DEA29,Heinsberg,2020-03-01,9,-0.1338,-0.1101,-0.1301
214084,DEA29,Heinsberg,2020-03-02,10,-0.0734,-0.1061,-0.0853
214085,DEA29,Heinsberg,2020-03-03,10,-0.0623,-0.1023,-0.0853
214086,DEA29,Heinsberg,2020-03-04,10,-0.0984,-0.0892,-0.0853
214087,DEA29,Heinsberg,2020-03-05,10,-0.121,-0.0843,-0.0853
214088,DEA29,Heinsberg,2020-03-06,10,-0.1096,-0.0725,-0.0853
214089,DEA29,Heinsberg,2020-03-07,10,-0.0261,-0.0768,-0.0853
214090,DEA29,Heinsberg,2020-03-08,10,-0.0991,-0.0783,-0.0853
214091,DEA29,Heinsberg,2020-03-09,11,0.0093,-0.0719,-0.0743
214092,DEA29,Heinsberg,2020-03-10,11,-0.0925,-0.0694,-0.0743
214093,DEA29,Heinsberg,2020-03-11,11,-0.1091,-0.075,-0.0743
214094,DEA29,Heinsberg,2020-03-12,11,-0.0766,-0.0741,-0.0743
214095,DEA29,Heinsberg,2020-03-13,11,-0.092,-0.0773,-0.0743
214096,DEA29,Heinsberg,2020-03-14,11,-0.065,-0.0793,-0.0743
214097,DEA29,Heinsberg,2020-03-15,11,-0.093,-0.0889,-0.0743
214098,DEA29,Heinsberg,2020-03-16,12,-0.0132,-0.111,-0.2045
214099,DEA29,Heinsberg,2020-03-17,12,-0.1066,-0.1395,-0.2045
214100,DEA29,Heinsberg,2020-03-18,12,-0.1757,-0.1729,-0.2045
214101,DEA29,Heinsberg,2020-03-19,12,-0.2315,-0.2104,-0.2045
214102,DEA29,Heinsberg,2020-03-20,12,-0.2912,-0.2424,-0.2045
214103,DEA29,Heinsberg,2020-03-21,12,-0.2994,-0.2659,-0.2045
214104,DEA29,Heinsberg,2020-03-22,12,-0.3548,-0.2827,-0.2045
214105,DEA29,Heinsberg,2020-03-23,13,-0.2378,-0.2906,-0.2955
214106,DEA29,Heinsberg,2020-03-24,13,-0.2707,-0.2892,-0.2955
214107,DEA29,Heinsberg,2020-03-25,13,-0.2931,-0.2853,-0.2955
214108,DEA29,Heinsberg,2020-03-26,13,-0.2874,-0.3039,-0.2955
214109,DEA29,Heinsberg,2020-03-27,13,-0.2815,-0.3002,-0.2955
214110,DEA29,Heinsberg,2020-03-28,13,-0.2719,-0.2929,-0.2955
214111,DEA29,Heinsberg,2020-03-29,13,-0.485,-0.2805,-0.2955
214112,DEA29,Heinsberg,2020-03-30,14,-0.2117,-0.2702,-0.1934
214113,DEA29,Heinsberg,2020-03-31,14,-0.2198,-0.2483,-0.1934
214900,DEA2A,Oberbergischer Kreis,2020-03-01,9,0.0573,0.0642,-0.0006
214901,DEA2A,Oberbergischer Kreis,2020-03-02,10,0.12,0.0677,0.0663
214902,DEA2A,Oberbergischer Kreis,2020-03-03,10,0.0829,0.0608,0.0663
214903,DEA2A,Oberbergischer Kreis,2020-03-04,10,0.0481,0.0631,0.0663
214904,DEA2A,Oberbergischer Kreis,2020-03-05,10,0.0363,0.0689,0.0663
214905,DEA2A,Oberbergischer Kreis,2020-03-06,10,0.0347,0.0719,0.0663
214906,DEA2A,Oberbergischer Kreis,2020-03-07,10,0.062,0.0649,0.0663
214907,DEA2A,Oberbergischer Kreis,2020-03-08,10,0.0982,0.061,0.0663
214908,DEA2A,Oberbergischer Kreis,2020-03-09,11,0.1407,0.066,0.0535
214909,DEA2A,Oberbergischer Kreis,2020-03-10,11,0.034,0.0694,0.0535
214910,DEA2A,Oberbergischer Kreis,2020-03-11,11,0.0212,0.0622,0.0535
214911,DEA2A,Oberbergischer Kreis,2020-03-12,11,0.0711,0.0514,0.0535
214912,DEA2A,Oberbergischer Kreis,2020-03-13,11,0.0588,0.0358,0.0535
214913,DEA2A,Oberbergischer Kreis,2020-03-14,11,0.0112,0.0176,0.0535
214914,DEA2A,Oberbergischer Kreis,2020-03-15,11,0.0229,-0.0093,0.0535
214915,DEA2A,Oberbergischer Kreis,2020-03-16,12,0.0311,-0.0521,-0.1795
214916,DEA2A,Oberbergischer Kreis,2020-03-17,12,-0.0929,-0.0989,-0.1795
214917,DEA2A,Oberbergischer Kreis,2020-03-18,12,-0.167,-0.1413,-0.1795
214918,DEA2A,Oberbergischer Kreis,2020-03-19,12,-0.2286,-0.1857,-0.1795
214919,DEA2A,Oberbergischer Kreis,2020-03-20,12,-0.2687,-0.2263,-0.1795
214920,DEA2A,Oberbergischer Kreis,2020-03-21,12,-0.2858,-0.256,-0.1795
214921,DEA2A,Oberbergischer Kreis,2020-03-22,12,-0.288,-0.2763,-0.1795
214922,DEA2A,Oberbergischer Kreis,2020-03-23,13,-0.2529,-0.2869,-0.3052
214923,DEA2A,Oberbergischer Kreis,2020-03-24,13,-0.3012,-0.2903,-0.3052
214924,DEA2A,Oberbergischer Kreis,2020-03-25,13,-0.3085,-0.2862,-0.3052
214925,DEA2A,Oberbergischer Kreis,2020-03-26,13,-0.3028,-0.3135,-0.3052
214926,DEA2A,Oberbergischer Kreis,2020-03-27,13,-0.2926,-0.3128,-0.3052
214927,DEA2A,Oberbergischer Kreis,2020-03-28,13,-0.257,-0.3069,-0.3052
214928,DEA2A,Oberbergischer Kreis,2020-03-29,13,-0.4795,-0.3002,-0.3052
214929,DEA2A,Oberbergischer Kreis,2020-03-30,14,-0.2479,-0.2964,-0.2575
214930,DEA2A,Oberbergischer Kreis,2020-03-31,14,-0.2596,-0.2884,-0.2575
215717,DEA2B,Rheinisch-Bergischer Kreis,2020-03-01,9,-0.0013,0.0281,-0.0268
215718,DEA2B,Rheinisch-Bergischer Kreis,2020-03-02,10,0.0571,0.0272,0.0256
215719,DEA2B,Rheinisch-Bergischer Kreis,2020-03-03,10,0.0501,0.0223,0.0256
215720,DEA2B,Rheinisch-Bergischer Kreis,2020-03-04,10,0.028,0.0234,0.0256
215721,DEA2B,Rheinisch-Bergischer Kreis,2020-03-05,10,0.0041,0.0253,0.0256
215722,DEA2B,Rheinisch-Bergischer Kreis,2020-03-06,10,0.0116,0.0316,0.0256
215723,DEA2B,Rheinisch-Bergischer Kreis,2020-03-07,10,0.0145,0.023,0.0256
215724,DEA2B,Rheinisch-Bergischer Kreis,2020-03-08,10,0.0119,0.0163,0.0256
215725,DEA2B,Rheinisch-Bergischer Kreis,2020-03-09,11,0.1009,0.0222,0.0054
215726,DEA2B,Rheinisch-Bergischer Kreis,2020-03-10,11,-0.0099,0.0233,0.0054
215727,DEA2B,Rheinisch-Bergischer Kreis,2020-03-11,11,-0.0188,0.0107,0.0054
215728,DEA2B,Rheinisch-Bergischer Kreis,2020-03-12,11,0.0453,0.0023,0.0054
215729,DEA2B,Rheinisch-Bergischer Kreis,2020-03-13,11,0.0192,-0.0167,0.0054
215730,DEA2B,Rheinisch-Bergischer Kreis,2020-03-14,11,-0.0738,-0.0357,0.0054
215731,DEA2B,Rheinisch-Bergischer Kreis,2020-03-15,11,-0.047,-0.0629,0.0054
215732,DEA2B,Rheinisch-Bergischer Kreis,2020-03-16,12,-0.0322,-0.108,-0.2278
215733,DEA2B,Rheinisch-Bergischer Kreis,2020-03-17,12,-0.1429,-0.1557,-0.2278
215734,DEA2B,Rheinisch-Bergischer Kreis,2020-03-18,12,-0.2087,-0.1923,-0.2278
215735,DEA2B,Rheinisch-Bergischer Kreis,2020-03-19,12,-0.2709,-0.2309,-0.2278
215736,DEA2B,Rheinisch-Bergischer Kreis,2020-03-20,12,-0.3145,-0.2651,-0.2278
215737,DEA2B,Rheinisch-Bergischer Kreis,2020-03-21,12,-0.3301,-0.2893,-0.2278
215738,DEA2B,Rheinisch-Bergischer Kreis,2020-03-22,12,-0.3166,-0.3051,-0.2278
215739,DEA2B,Rheinisch-Bergischer Kreis,2020-03-23,13,-0.2722,-0.3122,-0.3237
215740,DEA2B,Rheinisch-Bergischer Kreis,2020-03-24,13,-0.3124,-0.3125,-0.3237
215741,DEA2B,Rheinisch-Bergischer Kreis,2020-03-25,13,-0.319,-0.3065,-0.3237
215742,DEA2B,Rheinisch-Bergischer Kreis,2020-03-26,13,-0.3205,-0.3303,-0.3237
215743,DEA2B,Rheinisch-Bergischer Kreis,2020-03-27,13,-0.3171,-0.3299,-0.3237
215744,DEA2B,Rheinisch-Bergischer Kreis,2020-03-28,13,-0.288,-0.3246,-0.3237
215745,DEA2B,Rheinisch-Bergischer Kreis,2020-03-29,13,-0.4831,-0.3183,-0.3237
215746,DEA2B,Rheinisch-Bergischer Kreis,2020-03-30,14,-0.269,-0.3077,-0.2459
215747,DEA2B,Rheinisch-Bergischer Kreis,2020-03-31,14,-0.2755,-0.2919,-0.2459
216534,DEA2C,Rhein-Sieg-Kreis,2020-03-01,9,-0.0051,0.0154,-0.0594
216535,DEA2C,Rhein-Sieg-Kreis,2020-03-02,10,0.0473,0.0181,0.0295
216536,DEA2C,Rhein-Sieg-Kreis,2020-03-03,10,0.0412,0.0186,0.0295
216537,DEA2C,Rhein-Sieg-Kreis,2020-03-04,10,0.0375,0.025,0.0295
216538,DEA2C,Rhein-Sieg-Kreis,2020-03-05,10,0.0004,0.0299,0.0295
216539,DEA2C,Rhein-Sieg-Kreis,2020-03-06,10,0.0194,0.0405,0.0295
216540,DEA2C,Rhein-Sieg-Kreis,2020-03-07,10,0.0344,0.0331,0.0295
216541,DEA2C,Rhein-Sieg-Kreis,2020-03-08,10,0.0293,0.0261,0.0295
216542,DEA2C,Rhein-Sieg-Kreis,2020-03-09,11,0.1211,0.0294,0.0038
216543,DEA2C,Rhein-Sieg-Kreis,2020-03-10,11,-0.0102,0.029,0.0038
216544,DEA2C,Rhein-Sieg-Kreis,2020-03-11,11,-0.0119,0.0138,0.0038
216545,DEA2C,Rhein-Sieg-Kreis,2020-03-12,11,0.024,-0.0001,0.0038
216546,DEA2C,Rhein-Sieg-Kreis,2020-03-13,11,0.0165,-0.0211,0.0038
216547,DEA2C,Rhein-Sieg-Kreis,2020-03-14,11,-0.072,-0.0404,0.0038
216548,DEA2C,Rhein-Sieg-Kreis,2020-03-15,11,-0.0679,-0.0691,0.0038
216549,DEA2C,Rhein-Sieg-Kreis,2020-03-16,12,-0.0261,-0.11,-0.2284
216550,DEA2C,Rhein-Sieg-Kreis,2020-03-17,12,-0.1455,-0.1564,-0.2284
216551,DEA2C,Rhein-Sieg-Kreis,2020-03-18,12,-0.2129,-0.1941,-0.2284
216552,DEA2C,Rhein-Sieg-Kreis,2020-03-19,12,-0.2618,-0.2328,-0.2284
216553,DEA2C,Rhein-Sieg-Kreis,2020-03-20,12,-0.3088,-0.2692,-0.2284
216554,DEA2C,Rhein-Sieg-Kreis,2020-03-21,12,-0.3354,-0.2949,-0.2284
216555,DEA2C,Rhein-Sieg-Kreis,2020-03-22,12,-0.3393,-0.3115,-0.2284
216556,DEA2C,Rhein-Sieg-Kreis,2020-03-23,13,-0.281,-0.3212,-0.332
216557,DEA2C,Rhein-Sieg-Kreis,2020-03-24,13,-0.3254,-0.3228,-0.332
216558,DEA2C,Rhein-Sieg-Kreis,2020-03-25,13,-0.3285,-0.3183,-0.332
216559,DEA2C,Rhein-Sieg-Kreis,2020-03-26,13,-0.33,-0.3382,-0.332
216560,DEA2C,Rhein-Sieg-Kreis,2020-03-27,13,-0.3202,-0.3355,-0.332
216561,DEA2C,Rhein-Sieg-Kreis,2020-03-28,13,-0.3038,-0.3298,-0.332
216562,DEA2C,Rhein-Sieg-Kreis,2020-03-29,13,-0.4788,-0.3206,-0.332
216563,DEA2C,Rhein-Sieg-Kreis,2020-03-30,14,-0.2618,-0.3091,-0.2512
216564,DEA2C,Rhein-Sieg-Kreis,2020-03-31,14,-0.2857,-0.2933,-0.2512
217351,DEA2D,Städteregion Aachen,2020-03-01,9,-0.0483,-0.0055,-0.0719
217352,DEA2D,Städteregion Aachen,2020-03-02,10,0.0319,-0.0085,0.0046
217353,DEA2D,Städteregion Aachen,2020-03-03,10,0.0098,-0.0073,0.0046
217354,DEA2D,Städteregion Aachen,2020-03-04,10,0.013,0.0007,0.0046
217355,DEA2D,Städteregion Aachen,2020-03-05,10,-0.0236,0.0036,0.0046
217356,DEA2D,Städteregion Aachen,2020-03-06,10,0.0003,0.0141,0.0046
217357,DEA2D,Städteregion Aachen,2020-03-07,10,0.022,0.0081,0.0046
217358,DEA2D,Städteregion Aachen,2020-03-08,10,-0.028,-0.0007,0.0046
217359,DEA2D,Städteregion Aachen,2020-03-09,11,0.1052,0.0035,-0.0229
217360,DEA2D,Städteregion Aachen,2020-03-10,11,-0.032,0.0027,-0.0229
217361,DEA2D,Städteregion Aachen,2020-03-11,11,-0.0485,-0.0158,-0.0229
217362,DEA2D,Städteregion Aachen,2020-03-12,11,0.0056,-0.0287,-0.0229
217363,DEA2D,Städteregion Aachen,2020-03-13,11,-0.0051,-0.0525,-0.0229
217364,DEA2D,Städteregion Aachen,2020-03-14,11,-0.108,-0.0753,-0.0229
217365,DEA2D,Städteregion Aachen,2020-03-15,11,-0.1181,-0.1052,-0.0229
217366,DEA2D,Städteregion Aachen,2020-03-16,12,-0.0615,-0.1538,-0.289
217367,DEA2D,Städteregion Aachen,2020-03-17,12,-0.1914,-0.2073,-0.289
217368,DEA2D,Städteregion Aachen,2020-03-18,12,-0.2581,-0.2522,-0.289
217369,DEA2D,Städteregion Aachen,2020-03-19,12,-0.3339,-0.2957,-0.289
217370,DEA2D,Städteregion Aachen,2020-03-20,12,-0.3798,-0.3351,-0.289
217371,DEA2D,Städteregion Aachen,2020-03-21,12,-0.4226,-0.363,-0.289
217372,DEA2D,Städteregion Aachen,2020-03-22,12,-0.4227,-0.3832,-0.289
217373,DEA2D,Städteregion Aachen,2020-03-23,13,-0.3368,-0.3926,-0.403
217374,DEA2D,Städteregion Aachen,2020-03-24,13,-0.3871,-0.3944,-0.403
217375,DEA2D,Städteregion Aachen,2020-03-25,13,-0.3993,-0.3909,-0.403
217376,DEA2D,Städteregion Aachen,2020-03-26,13,-0.4001,-0.4109,-0.403
217377,DEA2D,Städteregion Aachen,2020-03-27,13,-0.3925,-0.4102,-0.403
217378,DEA2D,Städteregion Aachen,2020-03-28,13,-0.398,-0.4055,-0.403
217379,DEA2D,Städteregion Aachen,2020-03-29,13,-0.5622,-0.4003,-0.403
217380,DEA2D,Städteregion Aachen,2020-03-30,14,-0.3324,-0.3931,-0.3401
217381,DEA2D,Städteregion Aachen,2020-03-31,14,-0.3539,-0.3804,-0.3401
218168,DEA31,"Bottrop, Kreisfreie Stadt",2020-03-01,9,0.0682,0.0793,0.0608
218169,DEA31,"Bottrop, Kreisfreie Stadt",2020-03-02,10,0.0427,0.0751,0.0611
218170,DEA31,"Bottrop, Kreisfreie Stadt",2020-03-03,10,0.0439,0.0649,0.0611
218171,DEA31,"Bottrop, Kreisfreie Stadt",2020-03-04,10,0.0797,0.0621,0.0611
218172,DEA31,"Bottrop, Kreisfreie Stadt",2020-03-05,10,0.0558,0.0616,0.0611
218173,DEA31,"Bottrop, Kreisfreie Stadt",2020-03-06,10,0.0586,0.0766,0.0611
218174,DEA31,"Bottrop, Kreisfreie Stadt",2020-03-07,10,0.086,0.0699,0.0611
218175,DEA31,"Bottrop, Kreisfreie Stadt",2020-03-08,10,0.0646,0.0601,0.0611
218176,DEA31,"Bottrop, Kreisfreie Stadt",2020-03-09,11,0.1473,0.0638,0.0402
218177,DEA31,"Bottrop, Kreisfreie Stadt",2020-03-10,11,-0.0028,0.063,0.0402
218178,DEA31,"Bottrop, Kreisfreie Stadt",2020-03-11,11,0.0114,0.0496,0.0402
218179,DEA31,"Bottrop, Kreisfreie Stadt",2020-03-12,11,0.0814,0.036,0.0402
218180,DEA31,"Bottrop, Kreisfreie Stadt",2020-03-13,11,0.0529,0.0137,0.0402
218181,DEA31,"Bottrop, Kreisfreie Stadt",2020-03-14,11,-0.0079,-0.0034,0.0402
218182,DEA31,"Bottrop, Kreisfreie Stadt",2020-03-15,11,-0.0299,-0.0301,0.0402
218183,DEA31,"Bottrop, Kreisfreie Stadt",2020-03-16,12,-0.0091,-0.0771,-0.2168
218184,DEA31,"Bottrop, Kreisfreie Stadt",2020-03-17,12,-0.1228,-0.131,-0.2168
218185,DEA31,"Bottrop, Kreisfreie Stadt",2020-03-18,12,-0.1755,-0.178,-0.2168
218186,DEA31,"Bottrop, Kreisfreie Stadt",2020-03-19,12,-0.2477,-0.2228,-0.2168
218187,DEA31,"Bottrop, Kreisfreie Stadt",2020-03-20,12,-0.3241,-0.2623,-0.2168
218188,DEA31,"Bottrop, Kreisfreie Stadt",2020-03-21,12,-0.3366,-0.2894,-0.2168
218189,DEA31,"Bottrop, Kreisfreie Stadt",2020-03-22,12,-0.3437,-0.3093,-0.2168
218190,DEA31,"Bottrop, Kreisfreie Stadt",2020-03-23,13,-0.286,-0.3181,-0.3261
218191,DEA31,"Bottrop, Kreisfreie Stadt",2020-03-24,13,-0.3121,-0.3179,-0.3261
218192,DEA31,"Bottrop, Kreisfreie Stadt",2020-03-25,13,-0.3147,-0.3134,-0.3261
218193,DEA31,"Bottrop, Kreisfreie Stadt",2020-03-26,13,-0.3098,-0.3341,-0.3261
218194,DEA31,"Bottrop, Kreisfreie Stadt",2020-03-27,13,-0.3229,-0.3332,-0.3261
218195,DEA31,"Bottrop, Kreisfreie Stadt",2020-03-28,13,-0.305,-0.3279,-0.3261
218196,DEA31,"Bottrop, Kreisfreie Stadt",2020-03-29,13,-0.4883,-0.319,-0.3261
218197,DEA31,"Bottrop, Kreisfreie Stadt",2020-03-30,14,-0.2799,-0.3116,-0.2501
218198,DEA31,"Bottrop, Kreisfreie Stadt",2020-03-31,14,-0.2752,-0.2913,-0.2501
218985,DEA32,"Gelsenkirchen, Kreisfreie Stadt",2020-03-01,9,-0.0436,-0.0281,-0.0678
218986,DEA32,"Gelsenkirchen, Kreisfreie Stadt",2020-03-02,10,-0.0723,-0.0283,-0.0369
218987,DEA32,"Gelsenkirchen, Kreisfreie Stadt",2020-03-03,10,0.0214,-0.0396,-0.0369
218988,DEA32,"Gelsenkirchen, Kreisfreie Stadt",2020-03-04,10,-0.0225,-0.036,-0.0369
218989,DEA32,"Gelsenkirchen, Kreisfreie Stadt",2020-03-05,10,-0.0451,-0.0382,-0.0369
218990,DEA32,"Gelsenkirchen, Kreisfreie Stadt",2020-03-06,10,-0.0555,-0.0256,-0.0369
218991,DEA32,"Gelsenkirchen, Kreisfreie Stadt",2020-03-07,10,-0.0343,-0.0441,-0.0369
218992,DEA32,"Gelsenkirchen, Kreisfreie Stadt",2020-03-08,10,-0.0593,-0.0553,-0.0369
218993,DEA32,"Gelsenkirchen, Kreisfreie Stadt",2020-03-09,11,0.0158,-0.0533,-0.0939
218994,DEA32,"Gelsenkirchen, Kreisfreie Stadt",2020-03-10,11,-0.1075,-0.0547,-0.0939
218995,DEA32,"Gelsenkirchen, Kreisfreie Stadt",2020-03-11,11,-0.1013,-0.0811,-0.0939
218996,DEA32,"Gelsenkirchen, Kreisfreie Stadt",2020-03-12,11,-0.031,-0.0998,-0.0939
218997,DEA32,"Gelsenkirchen, Kreisfreie Stadt",2020-03-13,11,-0.065,-0.1196,-0.0939
218998,DEA32,"Gelsenkirchen, Kreisfreie Stadt",2020-03-14,11,-0.2192,-0.1361,-0.0939
218999,DEA32,"Gelsenkirchen, Kreisfreie Stadt",2020-03-15,11,-0.1902,-0.1618,-0.0939
219000,DEA32,"Gelsenkirchen, Kreisfreie Stadt",2020-03-16,12,-0.1228,-0.2076,-0.3296
219001,DEA32,"Gelsenkirchen, Kreisfreie Stadt",2020-03-17,12,-0.2234,-0.2564,-0.3296
219002,DEA32,"Gelsenkirchen, Kreisfreie Stadt",2020-03-18,12,-0.2807,-0.2962,-0.3296
219003,DEA32,"Gelsenkirchen, Kreisfreie Stadt",2020-03-19,12,-0.3522,-0.3369,-0.3296
219004,DEA32,"Gelsenkirchen, Kreisfreie Stadt",2020-03-20,12,-0.4061,-0.374,-0.3296
219005,DEA32,"Gelsenkirchen, Kreisfreie Stadt",2020-03-21,12,-0.4981,-0.4018,-0.3296
219006,DEA32,"Gelsenkirchen, Kreisfreie Stadt",2020-03-22,12,-0.4748,-0.4216,-0.3296
219007,DEA32,"Gelsenkirchen, Kreisfreie Stadt",2020-03-23,13,-0.383,-0.429,-0.4323
219008,DEA32,"Gelsenkirchen, Kreisfreie Stadt",2020-03-24,13,-0.4176,-0.4308,-0.4323
219009,DEA32,"Gelsenkirchen, Kreisfreie Stadt",2020-03-25,13,-0.4193,-0.4266,-0.4323
219010,DEA32,"Gelsenkirchen, Kreisfreie Stadt",2020-03-26,13,-0.4045,-0.4399,-0.4323
219011,DEA32,"Gelsenkirchen, Kreisfreie Stadt",2020-03-27,13,-0.4185,-0.4408,-0.4323
219012,DEA32,"Gelsenkirchen, Kreisfreie Stadt",2020-03-28,13,-0.4687,-0.4356,-0.4323
219013,DEA32,"Gelsenkirchen, Kreisfreie Stadt",2020-03-29,13,-0.5677,-0.4274,-0.4323
219014,DEA32,"Gelsenkirchen, Kreisfreie Stadt",2020-03-30,14,-0.3896,-0.4196,-0.361
219015,DEA32,"Gelsenkirchen, Kreisfreie Stadt",2020-03-31,14,-0.381,-0.4032,-0.361
219802,DEA33,"Münster, Kreisfreie Stadt",2020-03-01,9,0.0178,0.0119,-0.0272
219803,DEA33,"Münster, Kreisfreie Stadt",2020-03-02,10,0.0039,0.0066,-0.0076
219804,DEA33,"Münster, Kreisfreie Stadt",2020-03-03,10,0.0046,-0.0006,-0.0076
219805,DEA33,"Münster, Kreisfreie Stadt",2020-03-04,10,0.0153,-0.001,-0.0076
219806,DEA33,"Münster, Kreisfreie Stadt",2020-03-05,10,-0.0132,-0.0086,-0.0076
219807,DEA33,"Münster, Kreisfreie Stadt",2020-03-06,10,-0.0419,0.0031,-0.0076
219808,DEA33,"Münster, Kreisfreie Stadt",2020-03-07,10,0.0063,-0.0077,-0.0076
219809,DEA33,"Münster, Kreisfreie Stadt",2020-03-08,10,-0.0352,-0.0184,-0.0076
219810,DEA33,"Münster, Kreisfreie Stadt",2020-03-09,11,0.0857,-0.0204,-0.0619
219811,DEA33,"Münster, Kreisfreie Stadt",2020-03-10,11,-0.0711,-0.0243,-0.0619
219812,DEA33,"Münster, Kreisfreie Stadt",2020-03-11,11,-0.0594,-0.049,-0.0619
219813,DEA33,"Münster, Kreisfreie Stadt",2020-03-12,11,-0.0276,-0.0707,-0.0619
219814,DEA33,"Münster, Kreisfreie Stadt",2020-03-13,11,-0.069,-0.1012,-0.0619
219815,DEA33,"Münster, Kreisfreie Stadt",2020-03-14,11,-0.1661,-0.1297,-0.0619
219816,DEA33,"Münster, Kreisfreie Stadt",2020-03-15,11,-0.1874,-0.1705,-0.0619
219817,DEA33,"Münster, Kreisfreie Stadt",2020-03-16,12,-0.1277,-0.2281,-0.375
219818,DEA33,"Münster, Kreisfreie Stadt",2020-03-17,12,-0.2705,-0.2877,-0.375
219819,DEA33,"Münster, Kreisfreie Stadt",2020-03-18,12,-0.3454,-0.3386,-0.375
219820,DEA33,"Münster, Kreisfreie Stadt",2020-03-19,12,-0.4306,-0.3817,-0.375
219821,DEA33,"Münster, Kreisfreie Stadt",2020-03-20,12,-0.4862,-0.4248,-0.375
219822,DEA33,"Münster, Kreisfreie Stadt",2020-03-21,12,-0.5222,-0.4543,-0.375
219823,DEA33,"Münster, Kreisfreie Stadt",2020-03-22,12,-0.4893,-0.4742,-0.375
219824,DEA33,"Münster, Kreisfreie Stadt",2020-03-23,13,-0.4298,-0.4828,-0.4903
219825,DEA33,"Münster, Kreisfreie Stadt",2020-03-24,13,-0.4767,-0.4826,-0.4903
219826,DEA33,"Münster, Kreisfreie Stadt",2020-03-25,13,-0.4846,-0.4782,-0.4903
219827,DEA33,"Münster, Kreisfreie Stadt",2020-03-26,13,-0.4908,-0.4985,-0.4903
219828,DEA33,"Münster, Kreisfreie Stadt",2020-03-27,13,-0.4847,-0.5015,-0.4903
219829,DEA33,"Münster, Kreisfreie Stadt",2020-03-28,13,-0.4914,-0.4975,-0.4903
219830,DEA33,"Münster, Kreisfreie Stadt",2020-03-29,13,-0.6312,-0.4943,-0.4903
219831,DEA33,"Münster, Kreisfreie Stadt",2020-03-30,14,-0.4508,-0.4881,-0.4224
219832,DEA33,"Münster, Kreisfreie Stadt",2020-03-31,14,-0.4492,-0.47,-0.4224
220619,DEA34,Borken,2020-03-01,9,0.0518,0.0731,0.0454
220620,DEA34,Borken,2020-03-02,10,0.0447,0.0735,0.0647
220621,DEA34,Borken,2020-03-03,10,0.0696,0.0682,0.0647
220622,DEA34,Borken,2020-03-04,10,0.0978,0.0673,0.0647
220623,DEA34,Borken,2020-03-05,10,0.0724,0.0628,0.0647
220624,DEA34,Borken,2020-03-06,10,0.0551,0.0766,0.0647
220625,DEA34,Borken,2020-03-07,10,0.0797,0.0703,0.0647
220626,DEA34,Borken,2020-03-08,10,0.0201,0.0621,0.0647
220627,DEA34,Borken,2020-03-09,11,0.1412,0.0648,0.0301
220628,DEA34,Borken,2020-03-10,11,0.0256,0.0593,0.0301
220629,DEA34,Borken,2020-03-11,11,0.0403,0.0404,0.0301
220630,DEA34,Borken,2020-03-12,11,0.0914,0.0231,0.0301
220631,DEA34,Borken,2020-03-13,11,0.0163,-0.0032,0.0301
220632,DEA34,Borken,2020-03-14,11,-0.052,-0.0279,0.0301
220633,DEA34,Borken,2020-03-15,11,-0.1015,-0.0649,0.0301
220634,DEA34,Borken,2020-03-16,12,-0.0426,-0.1187,-0.2639
220635,DEA34,Borken,2020-03-17,12,-0.1472,-0.1736,-0.2639
220636,DEA34,Borken,2020-03-18,12,-0.2185,-0.2243,-0.2639
220637,DEA34,Borken,2020-03-19,12,-0.2855,-0.2708,-0.2639
220638,DEA34,Borken,2020-03-20,12,-0.3679,-0.3068,-0.2639
220639,DEA34,Borken,2020-03-21,12,-0.407,-0.3312,-0.2639
220640,DEA34,Borken,2020-03-22,12,-0.4271,-0.3463,-0.2639
220641,DEA34,Borken,2020-03-23,13,-0.2942,-0.3519,-0.3495
220642,DEA34,Borken,2020-03-24,13,-0.3182,-0.3482,-0.3495
220643,DEA34,Borken,2020-03-25,13,-0.3238,-0.342,-0.3495
220644,DEA34,Borken,2020-03-26,13,-0.325,-0.359,-0.3495
220645,DEA34,Borken,2020-03-27,13,-0.3419,-0.3594,-0.3495
220646,DEA34,Borken,2020-03-28,13,-0.3634,-0.3534,-0.3495
220647,DEA34,Borken,2020-03-29,13,-0.5466,-0.3452,-0.3495
220648,DEA34,Borken,2020-03-30,14,-0.2967,-0.3328,-0.2625
220649,DEA34,Borken,2020-03-31,14,-0.2762,-0.3126,-0.2625
221436,DEA35,Coesfeld,2020-03-01,9,-0.0623,-0.0318,-0.0571
221437,DEA35,Coesfeld,2020-03-02,10,-0.0189,-0.0361,-0.052
221438,DEA35,Coesfeld,2020-03-03,10,-0.0485,-0.0468,-0.052
221439,DEA35,Coesfeld,2020-03-04,10,-0.0445,-0.0504,-0.052
221440,DEA35,Coesfeld,2020-03-05,10,-0.064,-0.0522,-0.052
221441,DEA35,Coesfeld,2020-03-06,10,-0.0781,-0.0487,-0.052
221442,DEA35,Coesfeld,2020-03-07,10,-0.0367,-0.0569,-0.052
221443,DEA35,Coesfeld,2020-03-08,10,-0.0748,-0.0623,-0.052
221444,DEA35,Coesfeld,2020-03-09,11,0.0056,-0.062,-0.083
221445,DEA35,Coesfeld,2020-03-10,11,-0.1059,-0.0621,-0.083
221446,DEA35,Coesfeld,2020-03-11,11,-0.0824,-0.0764,-0.083
221447,DEA35,Coesfeld,2020-03-12,11,-0.0617,-0.0868,-0.083
221448,DEA35,Coesfeld,2020-03-13,11,-0.0789,-0.1053,-0.083
221449,DEA35,Coesfeld,2020-03-14,11,-0.1366,-0.1212,-0.083
221450,DEA35,Coesfeld,2020-03-15,11,-0.1477,-0.1467,-0.083
221451,DEA35,Coesfeld,2020-03-16,12,-0.1237,-0.1873,-0.3178
221452,DEA35,Coesfeld,2020-03-17,12,-0.2174,-0.2363,-0.3178
221453,DEA35,Coesfeld,2020-03-18,12,-0.261,-0.2802,-0.3178
221454,DEA35,Coesfeld,2020-03-19,12,-0.3456,-0.3247,-0.3178
221455,DEA35,Coesfeld,2020-03-20,12,-0.4221,-0.3593,-0.3178
221456,DEA35,Coesfeld,2020-03-21,12,-0.444,-0.3858,-0.3178
221457,DEA35,Coesfeld,2020-03-22,12,-0.4588,-0.4048,-0.3178
221458,DEA35,Coesfeld,2020-03-23,13,-0.3659,-0.4134,-0.4144
221459,DEA35,Coesfeld,2020-03-24,13,-0.403,-0.4109,-0.4144
221460,DEA35,Coesfeld,2020-03-25,13,-0.3941,-0.4025,-0.4144
221461,DEA35,Coesfeld,2020-03-26,13,-0.4058,-0.423,-0.4144
221462,DEA35,Coesfeld,2020-03-27,13,-0.4048,-0.4239,-0.4144
221463,DEA35,Coesfeld,2020-03-28,13,-0.3847,-0.4191,-0.4144
221464,DEA35,Coesfeld,2020-03-29,13,-0.6026,-0.41,-0.4144
221465,DEA35,Coesfeld,2020-03-30,14,-0.372,-0.394,-0.3079
221466,DEA35,Coesfeld,2020-03-31,14,-0.37,-0.3693,-0.3079
222253,DEA36,Recklinghausen,2020-03-01,9,0.0692,0.0592,0.037
222254,DEA36,Recklinghausen,2020-03-02,10,0.0246,0.0583,0.0443
222255,DEA36,Recklinghausen,2020-03-03,10,0.0313,0.0481,0.0443
222256,DEA36,Recklinghausen,2020-03-04,10,0.0662,0.0473,0.0443
222257,DEA36,Recklinghausen,2020-03-05,10,0.0431,0.0456,0.0443
222258,DEA36,Recklinghausen,2020-03-06,10,0.0256,0.0586,0.0443
222259,DEA36,Recklinghausen,2020-03-07,10,0.0712,0.0517,0.0443
222260,DEA36,Recklinghausen,2020-03-08,10,0.0576,0.0429,0.0443
222261,DEA36,Recklinghausen,2020-03-09,11,0.1151,0.0434,0.0104
222262,DEA36,Recklinghausen,2020-03-10,11,-0.0169,0.0407,0.0104
222263,DEA36,Recklinghausen,2020-03-11,11,0.0045,0.0239,0.0104
222264,DEA36,Recklinghausen,2020-03-12,11,0.0469,0.0055,0.0104
222265,DEA36,Recklinghausen,2020-03-13,11,0.0063,-0.0175,0.0104
222266,DEA36,Recklinghausen,2020-03-14,11,-0.0462,-0.037,0.0104
222267,DEA36,Recklinghausen,2020-03-15,11,-0.0711,-0.0664,0.0104
222268,DEA36,Recklinghausen,2020-03-16,12,-0.0458,-0.113,-0.2468
222269,DEA36,Recklinghausen,2020-03-17,12,-0.1535,-0.1639,-0.2468
222270,DEA36,Recklinghausen,2020-03-18,12,-0.2017,-0.2094,-0.2468
222271,DEA36,Recklinghausen,2020-03-19,12,-0.2793,-0.2538,-0.2468
222272,DEA36,Recklinghausen,2020-03-20,12,-0.35,-0.2917,-0.2468
222273,DEA36,Recklinghausen,2020-03-21,12,-0.3643,-0.319,-0.2468
222274,DEA36,Recklinghausen,2020-03-22,12,-0.3819,-0.3385,-0.2468
222275,DEA36,Recklinghausen,2020-03-23,13,-0.3116,-0.3459,-0.3514
222276,DEA36,Recklinghausen,2020-03-24,13,-0.3442,-0.3452,-0.3514
222277,DEA36,Recklinghausen,2020-03-25,13,-0.3384,-0.3401,-0.3514
222278,DEA36,Recklinghausen,2020-03-26,13,-0.3306,-0.3601,-0.3514
222279,DEA36,Recklinghausen,2020-03-27,13,-0.3457,-0.3611,-0.3514
222280,DEA36,Recklinghausen,2020-03-28,13,-0.3283,-0.3549,-0.3514
222281,DEA36,Recklinghausen,2020-03-29,13,-0.5222,-0.3457,-0.3514
222282,DEA36,Recklinghausen,2020-03-30,14,-0.3181,-0.337,-0.2749
222283,DEA36,Recklinghausen,2020-03-31,14,-0.3007,-0.3188,-0.2749
223070,DEA37,Steinfurt,2020-03-01,9,-0.0549,-0.0222,-0.0424
223071,DEA37,Steinfurt,2020-03-02,10,-0.0278,-0.0215,-0.025
223072,DEA37,Steinfurt,2020-03-03,10,-0.0266,-0.0275,-0.025
223073,DEA37,Steinfurt,2020-03-04,10,-0.0212,-0.0272,-0.025
223074,DEA37,Steinfurt,2020-03-05,10,-0.0255,-0.0248,-0.025
223075,DEA37,Steinfurt,2020-03-06,10,-0.04,-0.0167,-0.025
223076,DEA37,Steinfurt,2020-03-07,10,0.0057,-0.0223,-0.025
223077,DEA37,Steinfurt,2020-03-08,10,-0.0384,-0.0258,-0.025
223078,DEA37,Steinfurt,2020-03-09,11,0.0293,-0.03,-0.0668
223079,DEA37,Steinfurt,2020-03-10,11,-0.0656,-0.0363,-0.0668
223080,DEA37,Steinfurt,2020-03-11,11,-0.0458,-0.0554,-0.0668
223081,DEA37,Steinfurt,2020-03-12,11,-0.0549,-0.0717,-0.0668
223082,DEA37,Steinfurt,2020-03-13,11,-0.0845,-0.0933,-0.0668
223083,DEA37,Steinfurt,2020-03-14,11,-0.1278,-0.1139,-0.0668
223084,DEA37,Steinfurt,2020-03-15,11,-0.1525,-0.1464,-0.0668
223085,DEA37,Steinfurt,2020-03-16,12,-0.1218,-0.1874,-0.3119
223086,DEA37,Steinfurt,2020-03-17,12,-0.2097,-0.2324,-0.3119
223087,DEA37,Steinfurt,2020-03-18,12,-0.2737,-0.2774,-0.3119
223088,DEA37,Steinfurt,2020-03-19,12,-0.3415,-0.3191,-0.3119
223089,DEA37,Steinfurt,2020-03-20,12,-0.4,-0.3524,-0.3119
223090,DEA37,Steinfurt,2020-03-21,12,-0.4426,-0.3785,-0.3119
223091,DEA37,Steinfurt,2020-03-22,12,-0.4441,-0.3951,-0.3119
223092,DEA37,Steinfurt,2020-03-23,13,-0.3553,-0.4013,-0.4043
223093,DEA37,Steinfurt,2020-03-24,13,-0.3924,-0.4008,-0.4043
223094,DEA37,Steinfurt,2020-03-25,13,-0.39,-0.3934,-0.4043
223095,DEA37,Steinfurt,2020-03-26,13,-0.3847,-0.4132,-0.4043
223096,DEA37,Steinfurt,2020-03-27,13,-0.3965,-0.4148,-0.4043
223097,DEA37,Steinfurt,2020-03-28,13,-0.3908,-0.4088,-0.4043
223098,DEA37,Steinfurt,2020-03-29,13,-0.5829,-0.4012,-0.4043
223099,DEA37,Steinfurt,2020-03-30,14,-0.3666,-0.3926,-0.3313
223100,DEA37,Steinfurt,2020-03-31,14,-0.3504,-0.3733,-0.3313
223887,DEA38,Warendorf,2020-03-01,9,0.0465,0.0714,0.0432
223888,DEA38,Warendorf,2020-03-02,10,0.0637,0.0697,0.0709
223889,DEA38,Warendorf,2020-03-03,10,0.0576,0.0659,0.0709
223890,DEA38,Warendorf,2020-03-04,10,0.0894,0.0675,0.0709
223891,DEA38,Warendorf,2020-03-05,10,0.0682,0.0713,0.0709
223892,DEA38,Warendorf,2020-03-06,10,0.0634,0.0832,0.0709
223893,DEA38,Warendorf,2020-03-07,10,0.0838,0.0798,0.0709
223894,DEA38,Warendorf,2020-03-08,10,0.0728,0.0734,0.0709
223895,DEA38,Warendorf,2020-03-09,11,0.1475,0.0745,0.0446
223896,DEA38,Warendorf,2020-03-10,11,0.0335,0.0708,0.0446
223897,DEA38,Warendorf,2020-03-11,11,0.0447,0.0563,0.0446
223898,DEA38,Warendorf,2020-03-12,11,0.0761,0.039,0.0446
223899,DEA38,Warendorf,2020-03-13,11,0.0374,0.0177,0.0446
223900,DEA38,Warendorf,2020-03-14,11,-0.0178,-0.0044,0.0446
223901,DEA38,Warendorf,2020-03-15,11,-0.0479,-0.0375,0.0446
223902,DEA38,Warendorf,2020-03-16,12,-0.002,-0.0843,-0.2281
223903,DEA38,Warendorf,2020-03-17,12,-0.1209,-0.1367,-0.2281
223904,DEA38,Warendorf,2020-03-18,12,-0.1873,-0.187,-0.2281
223905,DEA38,Warendorf,2020-03-19,12,-0.2512,-0.2373,-0.2281
223906,DEA38,Warendorf,2020-03-20,12,-0.33,-0.2784,-0.2281
223907,DEA38,Warendorf,2020-03-21,12,-0.3693,-0.3075,-0.2281
223908,DEA38,Warendorf,2020-03-22,12,-0.4007,-0.3265,-0.2281
223909,DEA38,Warendorf,2020-03-23,13,-0.2892,-0.3373,-0.3374
223910,DEA38,Warendorf,2020-03-24,13,-0.3249,-0.3355,-0.3374
223911,DEA38,Warendorf,2020-03-25,13,-0.3203,-0.3277,-0.3374
223912,DEA38,Warendorf,2020-03-26,13,-0.3263,-0.3478,-0.3374
223913,DEA38,Warendorf,2020-03-27,13,-0.318,-0.3478,-0.3374
223914,DEA38,Warendorf,2020-03-28,13,-0.3146,-0.3421,-0.3374
223915,DEA38,Warendorf,2020-03-29,13,-0.541,-0.3341,-0.3374
223916,DEA38,Warendorf,2020-03-30,14,-0.2897,-0.3239,-0.2545
223917,DEA38,Warendorf,2020-03-31,14,-0.285,-0.3047,-0.2545
224704,DEA41,"Bielefeld, Kreisfreie Stadt",2020-03-01,9,0.1603,0.1065,0.0945
224705,DEA41,"Bielefeld, Kreisfreie Stadt",2020-03-02,10,0.0725,0.1056,0.0904
224706,DEA41,"Bielefeld, Kreisfreie Stadt",2020-03-03,10,0.0966,0.0952,0.0904
224707,DEA41,"Bielefeld, Kreisfreie Stadt",2020-03-04,10,0.0963,0.0958,0.0904
224708,DEA41,"Bielefeld, Kreisfreie Stadt",2020-03-05,10,0.0877,0.0945,0.0904
224709,DEA41,"Bielefeld, Kreisfreie Stadt",2020-03-06,10,0.0551,0.1035,0.0904
224710,DEA41,"Bielefeld, Kreisfreie Stadt",2020-03-07,10,0.1025,0.0935,0.0904
224711,DEA41,"Bielefeld, Kreisfreie Stadt",2020-03-08,10,0.1505,0.0869,0.0904
224712,DEA41,"Bielefeld, Kreisfreie Stadt",2020-03-09,11,0.1355,0.0863,0.0366
224713,DEA41,"Bielefeld, Kreisfreie Stadt",2020-03-10,11,0.0267,0.0843,0.0366
224714,DEA41,"Bielefeld, Kreisfreie Stadt",2020-03-11,11,0.0504,0.0595,0.0366
224715,DEA41,"Bielefeld, Kreisfreie Stadt",2020-03-12,11,0.0836,0.0282,0.0366
224716,DEA41,"Bielefeld, Kreisfreie Stadt",2020-03-13,11,0.0407,-0.0014,0.0366
224717,DEA41,"Bielefeld, Kreisfreie Stadt",2020-03-14,11,-0.0709,-0.0304,0.0366
224718,DEA41,"Bielefeld, Kreisfreie Stadt",2020-03-15,11,-0.0688,-0.0719,0.0366
224719,DEA41,"Bielefeld, Kreisfreie Stadt",2020-03-16,12,-0.0718,-0.1288,-0.2704
224720,DEA41,"Bielefeld, Kreisfreie Stadt",2020-03-17,12,-0.176,-0.1889,-0.2704
224721,DEA41,"Bielefeld, Kreisfreie Stadt",2020-03-18,12,-0.2402,-0.2346,-0.2704
224722,DEA41,"Bielefeld, Kreisfreie Stadt",2020-03-19,12,-0.3144,-0.2763,-0.2704
224723,DEA41,"Bielefeld, Kreisfreie Stadt",2020-03-20,12,-0.38,-0.3161,-0.2704
224724,DEA41,"Bielefeld, Kreisfreie Stadt",2020-03-21,12,-0.3912,-0.3451,-0.2704
224725,DEA41,"Bielefeld, Kreisfreie Stadt",2020-03-22,12,-0.3603,-0.3661,-0.2704
224726,DEA41,"Bielefeld, Kreisfreie Stadt",2020-03-23,13,-0.3506,-0.3767,-0.3894
224727,DEA41,"Bielefeld, Kreisfreie Stadt",2020-03-24,13,-0.3792,-0.3779,-0.3894
224728,DEA41,"Bielefeld, Kreisfreie Stadt",2020-03-25,13,-0.3873,-0.3764,-0.3894
224729,DEA41,"Bielefeld, Kreisfreie Stadt",2020-03-26,13,-0.3884,-0.395,-0.3894
224730,DEA41,"Bielefeld, Kreisfreie Stadt",2020-03-27,13,-0.3883,-0.3984,-0.3894
224731,DEA41,"Bielefeld, Kreisfreie Stadt",2020-03-28,13,-0.3805,-0.3937,-0.3894
224732,DEA41,"Bielefeld, Kreisfreie Stadt",2020-03-29,13,-0.4909,-0.388,-0.3894
224733,DEA41,"Bielefeld, Kreisfreie Stadt",2020-03-30,14,-0.3739,-0.3811,-0.327
224734,DEA41,"Bielefeld, Kreisfreie Stadt",2020-03-31,14,-0.3466,-0.3638,-0.327
225521,DEA42,Gütersloh,2020-03-01,9,0.119,0.0956,0.0848
225522,DEA42,Gütersloh,2020-03-02,10,0.0724,0.0971,0.0872
225523,DEA42,Gütersloh,2020-03-03,10,0.0822,0.0897,0.0872
225524,DEA42,Gütersloh,2020-03-04,10,0.0975,0.0894,0.0872
225525,DEA42,Gütersloh,2020-03-05,10,0.0878,0.0897,0.0872
225526,DEA42,Gütersloh,2020-03-06,10,0.0634,0.0982,0.0872
225527,DEA42,Gütersloh,2020-03-07,10,0.1037,0.0918,0.0872
225528,DEA42,Gütersloh,2020-03-08,10,0.1207,0.0882,0.0872
225529,DEA42,Gütersloh,2020-03-09,11,0.1322,0.0888,0.0497
225530,DEA42,Gütersloh,2020-03-10,11,0.0376,0.0859,0.0497
225531,DEA42,Gütersloh,2020-03-11,11,0.0717,0.0664,0.0497
225532,DEA42,Gütersloh,2020-03-12,11,0.0923,0.0426,0.0497
225533,DEA42,Gütersloh,2020-03-13,11,0.0431,0.0218,0.0497
225534,DEA42,Gütersloh,2020-03-14,11,-0.033,0.0009,0.0497
225535,DEA42,Gütersloh,2020-03-15,11,-0.0456,-0.0331,0.0497
225536,DEA42,Gütersloh,2020-03-16,12,-0.0133,-0.08,-0.2116
225537,DEA42,Gütersloh,2020-03-17,12,-0.1091,-0.1303,-0.2116
225538,DEA42,Gütersloh,2020-03-18,12,-0.166,-0.1747,-0.2116
225539,DEA42,Gütersloh,2020-03-19,12,-0.2362,-0.2223,-0.2116
225540,DEA42,Gütersloh,2020-03-20,12,-0.309,-0.2612,-0.2116
225541,DEA42,Gütersloh,2020-03-21,12,-0.3439,-0.2902,-0.2116
225542,DEA42,Gütersloh,2020-03-22,12,-0.3785,-0.3107,-0.2116
225543,DEA42,Gütersloh,2020-03-23,13,-0.2854,-0.3214,-0.3276
225544,DEA42,Gütersloh,2020-03-24,13,-0.3123,-0.3223,-0.3276
225545,DEA42,Gütersloh,2020-03-25,13,-0.3094,-0.319,-0.3276
225546,DEA42,Gütersloh,2020-03-26,13,-0.3113,-0.3379,-0.3276
225547,DEA42,Gütersloh,2020-03-27,13,-0.3151,-0.3392,-0.3276
225548,DEA42,Gütersloh,2020-03-28,13,-0.321,-0.3349,-0.3276
225549,DEA42,Gütersloh,2020-03-29,13,-0.5105,-0.329,-0.3276
225550,DEA42,Gütersloh,2020-03-30,14,-0.2949,-0.3211,-0.2542
225551,DEA42,Gütersloh,2020-03-31,14,-0.2825,-0.3004,-0.2542
226338,DEA43,Herford,2020-03-01,9,-0.0832,-0.0462,-0.0552
226339,DEA43,Herford,2020-03-02,10,-0.0397,-0.048,-0.061
226340,DEA43,Herford,2020-03-03,10,-0.0425,-0.0571,-0.061
226341,DEA43,Herford,2020-03-04,10,-0.0625,-0.0627,-0.061
226342,DEA43,Herford,2020-03-05,10,-0.0696,-0.0614,-0.061
226343,DEA43,Herford,2020-03-06,10,-0.0804,-0.0615,-0.061
226344,DEA43,Herford,2020-03-07,10,-0.0613,-0.0684,-0.061
226345,DEA43,Herford,2020-03-08,10,-0.0741,-0.0675,-0.061
226346,DEA43,Herford,2020-03-09,11,-0.0398,-0.068,-0.0888
226347,DEA43,Herford,2020-03-10,11,-0.0913,-0.0704,-0.0888
226348,DEA43,Herford,2020-03-11,11,-0.0563,-0.0809,-0.0888
226349,DEA43,Herford,2020-03-12,11,-0.0726,-0.0941,-0.0888
226350,DEA43,Herford,2020-03-13,11,-0.0976,-0.1082,-0.0888
226351,DEA43,Herford,2020-03-14,11,-0.1343,-0.1256,-0.0888
226352,DEA43,Herford,2020-03-15,11,-0.1665,-0.1546,-0.0888
226353,DEA43,Herford,2020-03-16,12,-0.1389,-0.1886,-0.2897
226354,DEA43,Herford,2020-03-17,12,-0.2132,-0.2254,-0.2897
226355,DEA43,Herford,2020-03-18,12,-0.2587,-0.2619,-0.2897
226356,DEA43,Herford,2020-03-19,12,-0.3107,-0.2983,-0.2897
226357,DEA43,Herford,2020-03-20,12,-0.3556,-0.328,-0.2897
226358,DEA43,Herford,2020-03-21,12,-0.3894,-0.3503,-0.2897
226359,DEA43,Herford,2020-03-22,12,-0.4217,-0.3644,-0.2897
226360,DEA43,Herford,2020-03-23,13,-0.3464,-0.3726,-0.3816
226361,DEA43,Herford,2020-03-24,13,-0.3694,-0.3751,-0.3816
226362,DEA43,Herford,2020-03-25,13,-0.3579,-0.3732,-0.3816
226363,DEA43,Herford,2020-03-26,13,-0.3682,-0.3904,-0.3816
226364,DEA43,Herford,2020-03-27,13,-0.373,-0.3935,-0.3816
226365,DEA43,Herford,2020-03-28,13,-0.376,-0.3896,-0.3816
226366,DEA43,Herford,2020-03-29,13,-0.5421,-0.384,-0.3816
226367,DEA43,Herford,2020-03-30,14,-0.3681,-0.3791,-0.3366
226368,DEA43,Herford,2020-03-31,14,-0.3416,-0.3657,-0.3366
227155,DEA44,Höxter,2020-03-01,9,0.0071,0.0184,-0.0418
227156,DEA44,Höxter,2020-03-02,10,0.0768,0.0308,0.0263
227157,DEA44,Höxter,2020-03-03,10,0.0614,0.0268,0.0263
227158,DEA44,Höxter,2020-03-04,10,0.017,0.022,0.0263
227159,DEA44,Höxter,2020-03-05,10,0.0244,0.0275,0.0263
227160,DEA44,Höxter,2020-03-06,10,-0.0335,0.023,0.0263
227161,DEA44,Höxter,2020-03-07,10,0.0007,0.0104,0.0263
227162,DEA44,Höxter,2020-03-08,10,0.0459,0.0037,0.0263
227163,DEA44,Höxter,2020-03-09,11,0.0449,-0.0048,-0.0294
227164,DEA44,Höxter,2020-03-10,11,-0.0266,-0.0074,-0.0294
227165,DEA44,Höxter,2020-03-11,11,-0.0296,-0.0176,-0.0294
227166,DEA44,Höxter,2020-03-12,11,-0.0355,-0.0309,-0.0294
227167,DEA44,Höxter,2020-03-13,11,-0.0516,-0.0398,-0.0294
227168,DEA44,Höxter,2020-03-14,11,-0.0707,-0.0544,-0.0294
227169,DEA44,Höxter,2020-03-15,11,-0.047,-0.0778,-0.0294
227170,DEA44,Höxter,2020-03-16,12,-0.0174,-0.1165,-0.2435
227171,DEA44,Höxter,2020-03-17,12,-0.1293,-0.1599,-0.2435
227172,DEA44,Höxter,2020-03-18,12,-0.1929,-0.2071,-0.2435
227173,DEA44,Höxter,2020-03-19,12,-0.3066,-0.2519,-0.2435
227174,DEA44,Höxter,2020-03-20,12,-0.3555,-0.2945,-0.2435
227175,DEA44,Höxter,2020-03-21,12,-0.4013,-0.3262,-0.2435
227176,DEA44,Höxter,2020-03-22,12,-0.3604,-0.3495,-0.2435
227177,DEA44,Höxter,2020-03-23,13,-0.3152,-0.3564,-0.3686
227178,DEA44,Höxter,2020-03-24,13,-0.3515,-0.3576,-0.3686
227179,DEA44,Höxter,2020-03-25,13,-0.3559,-0.3517,-0.3686
227180,DEA44,Höxter,2020-03-26,13,-0.3548,-0.3783,-0.3686
227181,DEA44,Höxter,2020-03-27,13,-0.3643,-0.3846,-0.3686
227182,DEA44,Höxter,2020-03-28,13,-0.3601,-0.3821,-0.3686
227183,DEA44,Höxter,2020-03-29,13,-0.5462,-0.3763,-0.3686
227184,DEA44,Höxter,2020-03-30,14,-0.3594,-0.3684,-0.2975
227185,DEA44,Höxter,2020-03-31,14,-0.3339,-0.3457,-0.2975
227972,DEA45,Lippe,2020-03-01,9,0.0314,0.0249,0.0165
227973,DEA45,Lippe,2020-03-02,10,0.0372,0.0255,0.022
227974,DEA45,Lippe,2020-03-03,10,0.0363,0.0196,0.022
227975,DEA45,Lippe,2020-03-04,10,0.0095,0.021,0.022
227976,DEA45,Lippe,2020-03-05,10,0.0196,0.0244,0.022
227977,DEA45,Lippe,2020-03-06,10,-0.014,0.0271,0.022
227978,DEA45,Lippe,2020-03-07,10,0.0274,0.0209,0.022
227979,DEA45,Lippe,2020-03-08,10,0.0551,0.0236,0.022
227980,DEA45,Lippe,2020-03-09,11,0.056,0.0255,0.0026
227981,DEA45,Lippe,2020-03-10,11,-0.007,0.0242,0.0026
227982,DEA45,Lippe,2020-03-11,11,0.0283,0.0128,0.0026
227983,DEA45,Lippe,2020-03-12,11,0.0327,-0.0009,0.0026
227984,DEA45,Lippe,2020-03-13,11,-0.0231,-0.0195,0.0026
227985,DEA45,Lippe,2020-03-14,11,-0.0524,-0.0412,0.0026
227986,DEA45,Lippe,2020-03-15,11,-0.0407,-0.0745,0.0026
227987,DEA45,Lippe,2020-03-16,12,-0.0744,-0.1161,-0.2351
227988,DEA45,Lippe,2020-03-17,12,-0.1591,-0.1614,-0.2351
227989,DEA45,Lippe,2020-03-18,12,-0.2042,-0.1997,-0.2351
227990,DEA45,Lippe,2020-03-19,12,-0.2585,-0.241,-0.2351
227991,DEA45,Lippe,2020-03-20,12,-0.3402,-0.2753,-0.2351
227992,DEA45,Lippe,2020-03-21,12,-0.321,-0.2978,-0.2351
227993,DEA45,Lippe,2020-03-22,12,-0.3293,-0.3166,-0.2351
227994,DEA45,Lippe,2020-03-23,13,-0.3149,-0.3276,-0.3398
227995,DEA45,Lippe,2020-03-24,13,-0.3167,-0.3275,-0.3398
227996,DEA45,Lippe,2020-03-25,13,-0.3359,-0.3242,-0.3398
227997,DEA45,Lippe,2020-03-26,13,-0.3352,-0.3472,-0.3398
227998,DEA45,Lippe,2020-03-27,13,-0.3393,-0.3492,-0.3398
227999,DEA45,Lippe,2020-03-28,13,-0.2981,-0.3453,-0.3398
228000,DEA45,Lippe,2020-03-29,13,-0.4901,-0.3349,-0.3398
228001,DEA45,Lippe,2020-03-30,14,-0.3291,-0.3302,-0.2876
228002,DEA45,Lippe,2020-03-31,14,-0.2895,-0.3164,-0.2876
228789,DEA46,Minden-Lübbecke,2020-03-01,9,-0.0243,0.0189,0.0396
228790,DEA46,Minden-Lübbecke,2020-03-02,10,0.0193,0.0174,0.0116
228791,DEA46,Minden-Lübbecke,2020-03-03,10,0.0059,0.0087,0.0116
228792,DEA46,Minden-Lübbecke,2020-03-04,10,0.0169,0.0053,0.0116
228793,DEA46,Minden-Lübbecke,2020-03-05,10,0.0151,0.0126,0.0116
228794,DEA46,Minden-Lübbecke,2020-03-06,10,-0.0058,0.0153,0.0116
228795,DEA46,Minden-Lübbecke,2020-03-07,10,0.0099,0.0111,0.0116
228796,DEA46,Minden-Lübbecke,2020-03-08,10,0.0269,0.0105,0.0116
228797,DEA46,Minden-Lübbecke,2020-03-09,11,0.0382,0.0094,-0.028
228798,DEA46,Minden-Lübbecke,2020-03-10,11,-0.0234,0.0019,-0.028
228799,DEA46,Minden-Lübbecke,2020-03-11,11,0.0127,-0.0124,-0.028
228800,DEA46,Minden-Lübbecke,2020-03-12,11,0.0073,-0.0346,-0.028
228801,DEA46,Minden-Lübbecke,2020-03-13,11,-0.0583,-0.0547,-0.028
228802,DEA46,Minden-Lübbecke,2020-03-14,11,-0.0899,-0.0773,-0.028
228803,DEA46,Minden-Lübbecke,2020-03-15,11,-0.1286,-0.1108,-0.028
228804,DEA46,Minden-Lübbecke,2020-03-16,12,-0.1029,-0.1514,-0.2546
228805,DEA46,Minden-Lübbecke,2020-03-17,12,-0.1814,-0.1887,-0.2546
228806,DEA46,Minden-Lübbecke,2020-03-18,12,-0.2217,-0.2276,-0.2546
228807,DEA46,Minden-Lübbecke,2020-03-19,12,-0.2772,-0.2625,-0.2546
228808,DEA46,Minden-Lübbecke,2020-03-20,12,-0.3193,-0.2922,-0.2546
228809,DEA46,Minden-Lübbecke,2020-03-21,12,-0.3618,-0.3137,-0.2546
228810,DEA46,Minden-Lübbecke,2020-03-22,12,-0.3735,-0.3287,-0.2546
228811,DEA46,Minden-Lübbecke,2020-03-23,13,-0.3108,-0.3359,-0.3434
228812,DEA46,Minden-Lübbecke,2020-03-24,13,-0.3317,-0.338,-0.3434
228813,DEA46,Minden-Lübbecke,2020-03-25,13,-0.3263,-0.3337,-0.3434
228814,DEA46,Minden-Lübbecke,2020-03-26,13,-0.3281,-0.3518,-0.3434
228815,DEA46,Minden-Lübbecke,2020-03-27,13,-0.3339,-0.3536,-0.3434
228816,DEA46,Minden-Lübbecke,2020-03-28,13,-0.3316,-0.3498,-0.3434
228817,DEA46,Minden-Lübbecke,2020-03-29,13,-0.5,-0.343,-0.3434
228818,DEA46,Minden-Lübbecke,2020-03-30,14,-0.3231,-0.3377,-0.2908
228819,DEA46,Minden-Lübbecke,2020-03-31,14,-0.3052,-0.3225,-0.2908
229606,DEA47,Paderborn,2020-03-01,9,0.1028,0.1019,0.0841
229607,DEA47,Paderborn,2020-03-02,10,0.0841,0.0996,0.0997
229608,DEA47,Paderborn,2020-03-03,10,0.0887,0.096,0.0997
229609,DEA47,Paderborn,2020-03-04,10,0.1072,0.094,0.0997
229610,DEA47,Paderborn,2020-03-05,10,0.0864,0.1033,0.0997
229611,DEA47,Paderborn,2020-03-06,10,0.0986,0.113,0.0997
229612,DEA47,Paderborn,2020-03-07,10,0.0904,0.1044,0.0997
229613,DEA47,Paderborn,2020-03-08,10,0.1678,0.0958,0.0997
229614,DEA47,Paderborn,2020-03-09,11,0.152,0.0949,0.0372
229615,DEA47,Paderborn,2020-03-10,11,0.0284,0.0859,0.0372
229616,DEA47,Paderborn,2020-03-11,11,0.0471,0.0622,0.0372
229617,DEA47,Paderborn,2020-03-12,11,0.0798,0.0303,0.0372
229618,DEA47,Paderborn,2020-03-13,11,0.0358,0.002,0.0372
229619,DEA47,Paderborn,2020-03-14,11,-0.0755,-0.0257,0.0372
229620,DEA47,Paderborn,2020-03-15,11,-0.0554,-0.0653,0.0372
229621,DEA47,Paderborn,2020-03-16,12,-0.0459,-0.1192,-0.2651
229622,DEA47,Paderborn,2020-03-17,12,-0.1654,-0.1765,-0.2651
229623,DEA47,Paderborn,2020-03-18,12,-0.2302,-0.2238,-0.2651
229624,DEA47,Paderborn,2020-03-19,12,-0.2976,-0.2731,-0.2651
229625,DEA47,Paderborn,2020-03-20,12,-0.3652,-0.3166,-0.2651
229626,DEA47,Paderborn,2020-03-21,12,-0.4066,-0.347,-0.2651
229627,DEA47,Paderborn,2020-03-22,12,-0.4011,-0.3688,-0.2651
229628,DEA47,Paderborn,2020-03-23,13,-0.3502,-0.3811,-0.392
229629,DEA47,Paderborn,2020-03-24,13,-0.378,-0.3832,-0.392
229630,DEA47,Paderborn,2020-03-25,13,-0.3833,-0.3798,-0.392
229631,DEA47,Paderborn,2020-03-26,13,-0.3836,-0.4004,-0.392
229632,DEA47,Paderborn,2020-03-27,13,-0.3796,-0.4027,-0.392
229633,DEA47,Paderborn,2020-03-28,13,-0.383,-0.3985,-0.392
229634,DEA47,Paderborn,2020-03-29,13,-0.5447,-0.3921,-0.392
229635,DEA47,Paderborn,2020-03-30,14,-0.3663,-0.3838,-0.314
229636,DEA47,Paderborn,2020-03-31,14,-0.3488,-0.3652,-0.314
230423,DEA51,"Bochum, Kreisfreie Stadt",2020-03-01,9,0.0525,-0.0076,-0.0346
230424,DEA51,"Bochum, Kreisfreie Stadt",2020-03-02,10,-0.0542,-0.0062,-0.0173
230425,DEA51,"Bochum, Kreisfreie Stadt",2020-03-03,10,-0.0269,-0.0115,-0.0173
230426,DEA51,"Bochum, Kreisfreie Stadt",2020-03-04,10,0.0132,-0.0097,-0.0173
230427,DEA51,"Bochum, Kreisfreie Stadt",2020-03-05,10,-0.0185,-0.0153,-0.0173
230428,DEA51,"Bochum, Kreisfreie Stadt",2020-03-06,10,-0.0296,-0.0017,-0.0173
230429,DEA51,"Bochum, Kreisfreie Stadt",2020-03-07,10,-0.0041,-0.0081,-0.0173
230430,DEA51,"Bochum, Kreisfreie Stadt",2020-03-08,10,0.0128,-0.0186,-0.0173
230431,DEA51,"Bochum, Kreisfreie Stadt",2020-03-09,11,0.041,-0.0175,-0.0594
230432,DEA51,"Bochum, Kreisfreie Stadt",2020-03-10,11,-0.0711,-0.0213,-0.0594
230433,DEA51,"Bochum, Kreisfreie Stadt",2020-03-11,11,-0.0605,-0.0412,-0.0594
230434,DEA51,"Bochum, Kreisfreie Stadt",2020-03-12,11,-0.0108,-0.0673,-0.0594
230435,DEA51,"Bochum, Kreisfreie Stadt",2020-03-13,11,-0.0567,-0.0921,-0.0594
230436,DEA51,"Bochum, Kreisfreie Stadt",2020-03-14,11,-0.1433,-0.1164,-0.0594
230437,DEA51,"Bochum, Kreisfreie Stadt",2020-03-15,11,-0.1693,-0.1518,-0.0594
230438,DEA51,"Bochum, Kreisfreie Stadt",2020-03-16,12,-0.1331,-0.2045,-0.3371
230439,DEA51,"Bochum, Kreisfreie Stadt",2020-03-17,12,-0.241,-0.2588,-0.3371
230440,DEA51,"Bochum, Kreisfreie Stadt",2020-03-18,12,-0.3081,-0.3041,-0.3371
230441,DEA51,"Bochum, Kreisfreie Stadt",2020-03-19,12,-0.3797,-0.3437,-0.3371
230442,DEA51,"Bochum, Kreisfreie Stadt",2020-03-20,12,-0.4367,-0.3815,-0.3371
230443,DEA51,"Bochum, Kreisfreie Stadt",2020-03-21,12,-0.4608,-0.4089,-0.3371
230444,DEA51,"Bochum, Kreisfreie Stadt",2020-03-22,12,-0.4462,-0.4276,-0.3371
230445,DEA51,"Bochum, Kreisfreie Stadt",2020-03-23,13,-0.398,-0.4358,-0.4453
230446,DEA51,"Bochum, Kreisfreie Stadt",2020-03-24,13,-0.4328,-0.4367,-0.4453
230447,DEA51,"Bochum, Kreisfreie Stadt",2020-03-25,13,-0.4387,-0.4334,-0.4453
230448,DEA51,"Bochum, Kreisfreie Stadt",2020-03-26,13,-0.4373,-0.4532,-0.4453
230449,DEA51,"Bochum, Kreisfreie Stadt",2020-03-27,13,-0.4427,-0.4551,-0.4453
230450,DEA51,"Bochum, Kreisfreie Stadt",2020-03-28,13,-0.438,-0.4502,-0.4453
230451,DEA51,"Bochum, Kreisfreie Stadt",2020-03-29,13,-0.5849,-0.4416,-0.4453
230452,DEA51,"Bochum, Kreisfreie Stadt",2020-03-30,14,-0.4114,-0.433,-0.3634
230453,DEA51,"Bochum, Kreisfreie Stadt",2020-03-31,14,-0.3986,-0.4131,-0.3634
231240,DEA52,"Dortmund, Kreisfreie Stadt",2020-03-01,9,0.0547,0.0397,0.0142
231241,DEA52,"Dortmund, Kreisfreie Stadt",2020-03-02,10,0.0012,0.0392,0.0162
231242,DEA52,"Dortmund, Kreisfreie Stadt",2020-03-03,10,-0.0114,0.029,0.0162
231243,DEA52,"Dortmund, Kreisfreie Stadt",2020-03-04,10,0.0429,0.0159,0.0162
231244,DEA52,"Dortmund, Kreisfreie Stadt",2020-03-05,10,0.0202,0.02,0.0162
231245,DEA52,"Dortmund, Kreisfreie Stadt",2020-03-06,10,-0.0003,0.0334,0.0162
231246,DEA52,"Dortmund, Kreisfreie Stadt",2020-03-07,10,0.0036,0.0279,0.0162
231247,DEA52,"Dortmund, Kreisfreie Stadt",2020-03-08,10,0.0834,0.016,0.0162
231248,DEA52,"Dortmund, Kreisfreie Stadt",2020-03-09,11,0.0955,0.0152,-0.0307
231249,DEA52,"Dortmund, Kreisfreie Stadt",2020-03-10,11,-0.05,0.012,-0.0307
231250,DEA52,"Dortmund, Kreisfreie Stadt",2020-03-11,11,-0.0403,-0.0081,-0.0307
231251,DEA52,"Dortmund, Kreisfreie Stadt",2020-03-12,11,0.0141,-0.0369,-0.0307
231252,DEA52,"Dortmund, Kreisfreie Stadt",2020-03-13,11,-0.0227,-0.0624,-0.0307
231253,DEA52,"Dortmund, Kreisfreie Stadt",2020-03-14,11,-0.1371,-0.0859,-0.0307
231254,DEA52,"Dortmund, Kreisfreie Stadt",2020-03-15,11,-0.1181,-0.1184,-0.0307
231255,DEA52,"Dortmund, Kreisfreie Stadt",2020-03-16,12,-0.0826,-0.17,-0.3091
231256,DEA52,"Dortmund, Kreisfreie Stadt",2020-03-17,12,-0.2148,-0.2252,-0.3091
231257,DEA52,"Dortmund, Kreisfreie Stadt",2020-03-18,12,-0.2679,-0.2711,-0.3091
231258,DEA52,"Dortmund, Kreisfreie Stadt",2020-03-19,12,-0.3469,-0.3164,-0.3091
231259,DEA52,"Dortmund, Kreisfreie Stadt",2020-03-20,12,-0.4092,-0.3583,-0.3091
231260,DEA52,"Dortmund, Kreisfreie Stadt",2020-03-21,12,-0.4584,-0.3878,-0.3091
231261,DEA52,"Dortmund, Kreisfreie Stadt",2020-03-22,12,-0.4354,-0.4075,-0.3091
231262,DEA52,"Dortmund, Kreisfreie Stadt",2020-03-23,13,-0.3755,-0.4161,-0.4212
231263,DEA52,"Dortmund, Kreisfreie Stadt",2020-03-24,13,-0.4216,-0.4171,-0.4212
231264,DEA52,"Dortmund, Kreisfreie Stadt",2020-03-25,13,-0.4058,-0.4126,-0.4212
231265,DEA52,"Dortmund, Kreisfreie Stadt",2020-03-26,13,-0.4068,-0.4284,-0.4212
231266,DEA52,"Dortmund, Kreisfreie Stadt",2020-03-27,13,-0.4164,-0.4292,-0.4212
231267,DEA52,"Dortmund, Kreisfreie Stadt",2020-03-28,13,-0.4268,-0.4239,-0.4212
231268,DEA52,"Dortmund, Kreisfreie Stadt",2020-03-29,13,-0.546,-0.4162,-0.4212
231269,DEA52,"Dortmund, Kreisfreie Stadt",2020-03-30,14,-0.3812,-0.4083,-0.3456
231270,DEA52,"Dortmund, Kreisfreie Stadt",2020-03-31,14,-0.3843,-0.3906,-0.3456
232057,DEA53,"Hagen, Kreisfreie Stadt",2020-03-01,9,0.0651,0.0504,0.0333
232058,DEA53,"Hagen, Kreisfreie Stadt",2020-03-02,10,0.0169,0.0487,0.0281
232059,DEA53,"Hagen, Kreisfreie Stadt",2020-03-03,10,0.0197,0.0362,0.0281
232060,DEA53,"Hagen, Kreisfreie Stadt",2020-03-04,10,0.0375,0.0302,0.0281
232061,DEA53,"Hagen, Kreisfreie Stadt",2020-03-05,10,0.0182,0.0317,0.0281
232062,DEA53,"Hagen, Kreisfreie Stadt",2020-03-06,10,0.0077,0.0424,0.0281
232063,DEA53,"Hagen, Kreisfreie Stadt",2020-03-07,10,0.046,0.0347,0.0281
232064,DEA53,"Hagen, Kreisfreie Stadt",2020-03-08,10,0.0757,0.0241,0.0281
232065,DEA53,"Hagen, Kreisfreie Stadt",2020-03-09,11,0.0921,0.0252,-0.0058
232066,DEA53,"Hagen, Kreisfreie Stadt",2020-03-10,11,-0.0346,0.0243,-0.0058
232067,DEA53,"Hagen, Kreisfreie Stadt",2020-03-11,11,-0.0362,0.0082,-0.0058
232068,DEA53,"Hagen, Kreisfreie Stadt",2020-03-12,11,0.0258,-0.0093,-0.0058
232069,DEA53,"Hagen, Kreisfreie Stadt",2020-03-13,11,0.0011,-0.0321,-0.0058
232070,DEA53,"Hagen, Kreisfreie Stadt",2020-03-14,11,-0.0667,-0.0508,-0.0058
232071,DEA53,"Hagen, Kreisfreie Stadt",2020-03-15,11,-0.0463,-0.0808,-0.0058
232072,DEA53,"Hagen, Kreisfreie Stadt",2020-03-16,12,-0.0675,-0.1312,-0.2744
232073,DEA53,"Hagen, Kreisfreie Stadt",2020-03-17,12,-0.1661,-0.1857,-0.2744
232074,DEA53,"Hagen, Kreisfreie Stadt",2020-03-18,12,-0.2456,-0.2332,-0.2744
232075,DEA53,"Hagen, Kreisfreie Stadt",2020-03-19,12,-0.3274,-0.2813,-0.2744
232076,DEA53,"Hagen, Kreisfreie Stadt",2020-03-20,12,-0.3807,-0.3223,-0.2744
232077,DEA53,"Hagen, Kreisfreie Stadt",2020-03-21,12,-0.3992,-0.3542,-0.2744
232078,DEA53,"Hagen, Kreisfreie Stadt",2020-03-22,12,-0.3824,-0.3753,-0.2744
232079,DEA53,"Hagen, Kreisfreie Stadt",2020-03-23,13,-0.3547,-0.3847,-0.3979
232080,DEA53,"Hagen, Kreisfreie Stadt",2020-03-24,13,-0.3894,-0.3867,-0.3979
232081,DEA53,"Hagen, Kreisfreie Stadt",2020-03-25,13,-0.3932,-0.3822,-0.3979
232082,DEA53,"Hagen, Kreisfreie Stadt",2020-03-26,13,-0.3935,-0.4065,-0.3979
232083,DEA53,"Hagen, Kreisfreie Stadt",2020-03-27,13,-0.3944,-0.4061,-0.3979
232084,DEA53,"Hagen, Kreisfreie Stadt",2020-03-28,13,-0.3682,-0.4003,-0.3979
232085,DEA53,"Hagen, Kreisfreie Stadt",2020-03-29,13,-0.5525,-0.3858,-0.3979
232086,DEA53,"Hagen, Kreisfreie Stadt",2020-03-30,14,-0.3514,-0.3686,-0.282
232087,DEA53,"Hagen, Kreisfreie Stadt",2020-03-31,14,-0.349,-0.3418,-0.282
232874,DEA54,"Hamm, Kreisfreie Stadt",2020-03-01,9,0.0762,0.0923,0.0893
232875,DEA54,"Hamm, Kreisfreie Stadt",2020-03-02,10,0.049,0.0903,0.0718
232876,DEA54,"Hamm, Kreisfreie Stadt",2020-03-03,10,0.0536,0.0782,0.0718
232877,DEA54,"Hamm, Kreisfreie Stadt",2020-03-04,10,0.0935,0.0685,0.0718
232878,DEA54,"Hamm, Kreisfreie Stadt",2020-03-05,10,0.0804,0.0745,0.0718
232879,DEA54,"Hamm, Kreisfreie Stadt",2020-03-06,10,0.0551,0.088,0.0718
232880,DEA54,"Hamm, Kreisfreie Stadt",2020-03-07,10,0.0715,0.0792,0.0718
232881,DEA54,"Hamm, Kreisfreie Stadt",2020-03-08,10,0.1188,0.067,0.0718
232882,DEA54,"Hamm, Kreisfreie Stadt",2020-03-09,11,0.1436,0.0628,0.0142
232883,DEA54,"Hamm, Kreisfreie Stadt",2020-03-10,11,-0.0086,0.0586,0.0142
232884,DEA54,"Hamm, Kreisfreie Stadt",2020-03-11,11,0.0084,0.0354,0.0142
232885,DEA54,"Hamm, Kreisfreie Stadt",2020-03-12,11,0.0509,0.0075,0.0142
232886,DEA54,"Hamm, Kreisfreie Stadt",2020-03-13,11,0.0258,-0.0228,0.0142
232887,DEA54,"Hamm, Kreisfreie Stadt",2020-03-14,11,-0.091,-0.0462,0.0142
232888,DEA54,"Hamm, Kreisfreie Stadt",2020-03-15,11,-0.0765,-0.0799,0.0142
232889,DEA54,"Hamm, Kreisfreie Stadt",2020-03-16,12,-0.0687,-0.1307,-0.2749
232890,DEA54,"Hamm, Kreisfreie Stadt",2020-03-17,12,-0.1719,-0.1868,-0.2749
232891,DEA54,"Hamm, Kreisfreie Stadt",2020-03-18,12,-0.2281,-0.2335,-0.2749
232892,DEA54,"Hamm, Kreisfreie Stadt",2020-03-19,12,-0.3044,-0.2847,-0.2749
232893,DEA54,"Hamm, Kreisfreie Stadt",2020-03-20,12,-0.3671,-0.3253,-0.2749
232894,DEA54,"Hamm, Kreisfreie Stadt",2020-03-21,12,-0.418,-0.3554,-0.2749
232895,DEA54,"Hamm, Kreisfreie Stadt",2020-03-22,12,-0.4347,-0.3778,-0.2749
232896,DEA54,"Hamm, Kreisfreie Stadt",2020-03-23,13,-0.3529,-0.3886,-0.3947
232897,DEA54,"Hamm, Kreisfreie Stadt",2020-03-24,13,-0.3824,-0.3905,-0.3947
232898,DEA54,"Hamm, Kreisfreie Stadt",2020-03-25,13,-0.3853,-0.3873,-0.3947
232899,DEA54,"Hamm, Kreisfreie Stadt",2020-03-26,13,-0.3796,-0.4037,-0.3947
232900,DEA54,"Hamm, Kreisfreie Stadt",2020-03-27,13,-0.3804,-0.4028,-0.3947
232901,DEA54,"Hamm, Kreisfreie Stadt",2020-03-28,13,-0.3956,-0.3961,-0.3947
232902,DEA54,"Hamm, Kreisfreie Stadt",2020-03-29,13,-0.5493,-0.3848,-0.3947
232903,DEA54,"Hamm, Kreisfreie Stadt",2020-03-30,14,-0.3472,-0.3698,-0.2926
232904,DEA54,"Hamm, Kreisfreie Stadt",2020-03-31,14,-0.3355,-0.3435,-0.2926
233691,DEA55,"Herne, Kreisfreie Stadt",2020-03-01,9,0.0334,0.0284,0.0134
233692,DEA55,"Herne, Kreisfreie Stadt",2020-03-02,10,-0.0032,0.0288,0.0111
233693,DEA55,"Herne, Kreisfreie Stadt",2020-03-03,10,0.0007,0.0188,0.0111
233694,DEA55,"Herne, Kreisfreie Stadt",2020-03-04,10,0.04,0.0157,0.0111
233695,DEA55,"Herne, Kreisfreie Stadt",2020-03-05,10,0.0228,0.0104,0.0111
233696,DEA55,"Herne, Kreisfreie Stadt",2020-03-06,10,0.0014,0.0221,0.0111
233697,DEA55,"Herne, Kreisfreie Stadt",2020-03-07,10,0.0152,0.0156,0.0111
233698,DEA55,"Herne, Kreisfreie Stadt",2020-03-08,10,-0.0038,0.0042,0.0111
233699,DEA55,"Herne, Kreisfreie Stadt",2020-03-09,11,0.0785,0.0022,-0.0244
233700,DEA55,"Herne, Kreisfreie Stadt",2020-03-10,11,-0.045,0.0004,-0.0244
233701,DEA55,"Herne, Kreisfreie Stadt",2020-03-11,11,-0.0396,-0.0129,-0.0244
233702,DEA55,"Herne, Kreisfreie Stadt",2020-03-12,11,0.0089,-0.0307,-0.0244
233703,DEA55,"Herne, Kreisfreie Stadt",2020-03-13,11,-0.0111,-0.0483,-0.0244
233704,DEA55,"Herne, Kreisfreie Stadt",2020-03-14,11,-0.078,-0.063,-0.0244
233705,DEA55,"Herne, Kreisfreie Stadt",2020-03-15,11,-0.129,-0.086,-0.0244
233706,DEA55,"Herne, Kreisfreie Stadt",2020-03-16,12,-0.0441,-0.1273,-0.2533
233707,DEA55,"Herne, Kreisfreie Stadt",2020-03-17,12,-0.1483,-0.1745,-0.2533
233708,DEA55,"Herne, Kreisfreie Stadt",2020-03-18,12,-0.2002,-0.2189,-0.2533
233709,DEA55,"Herne, Kreisfreie Stadt",2020-03-19,12,-0.2802,-0.2638,-0.2533
233710,DEA55,"Herne, Kreisfreie Stadt",2020-03-20,12,-0.3416,-0.3061,-0.2533
233711,DEA55,"Herne, Kreisfreie Stadt",2020-03-21,12,-0.3891,-0.3373,-0.2533
233712,DEA55,"Herne, Kreisfreie Stadt",2020-03-22,12,-0.4431,-0.3612,-0.2533
233713,DEA55,"Herne, Kreisfreie Stadt",2020-03-23,13,-0.3401,-0.3741,-0.3825
233714,DEA55,"Herne, Kreisfreie Stadt",2020-03-24,13,-0.3668,-0.3791,-0.3825
233715,DEA55,"Herne, Kreisfreie Stadt",2020-03-25,13,-0.3673,-0.3756,-0.3825
233716,DEA55,"Herne, Kreisfreie Stadt",2020-03-26,13,-0.3703,-0.391,-0.3825
233717,DEA55,"Herne, Kreisfreie Stadt",2020-03-27,13,-0.3767,-0.391,-0.3825
233718,DEA55,"Herne, Kreisfreie Stadt",2020-03-28,13,-0.3651,-0.3859,-0.3825
233719,DEA55,"Herne, Kreisfreie Stadt",2020-03-29,13,-0.5509,-0.3745,-0.3825
233720,DEA55,"Herne, Kreisfreie Stadt",2020-03-30,14,-0.3397,-0.3604,-0.2828
233721,DEA55,"Herne, Kreisfreie Stadt",2020-03-31,14,-0.3312,-0.3351,-0.2828
234508,DEA56,Ennepe-Ruhr-Kreis,2020-03-01,9,0.0356,-0.0018,-0.0287
234509,DEA56,Ennepe-Ruhr-Kreis,2020-03-02,10,-0.0303,-0.0019,-0.0193
234510,DEA56,Ennepe-Ruhr-Kreis,2020-03-03,10,-0.0344,-0.0103,-0.0193
234511,DEA56,Ennepe-Ruhr-Kreis,2020-03-04,10,-0.0127,-0.0126,-0.0193
234512,DEA56,Ennepe-Ruhr-Kreis,2020-03-05,10,-0.0213,-0.0171,-0.0193
234513,DEA56,Ennepe-Ruhr-Kreis,2020-03-06,10,-0.0362,-0.0093,-0.0193
234514,DEA56,Ennepe-Ruhr-Kreis,2020-03-07,10,0.0109,-0.0167,-0.0193
234515,DEA56,Ennepe-Ruhr-Kreis,2020-03-08,10,0.0043,-0.0271,-0.0193
234516,DEA56,Ennepe-Ruhr-Kreis,2020-03-09,11,0.024,-0.0285,-0.0547
234517,DEA56,Ennepe-Ruhr-Kreis,2020-03-10,11,-0.0859,-0.0309,-0.0547
234518,DEA56,Ennepe-Ruhr-Kreis,2020-03-11,11,-0.0856,-0.0456,-0.0547
234519,DEA56,Ennepe-Ruhr-Kreis,2020-03-12,11,-0.0312,-0.056,-0.0547
234520,DEA56,Ennepe-Ruhr-Kreis,2020-03-13,11,-0.0529,-0.074,-0.0547
234521,DEA56,Ennepe-Ruhr-Kreis,2020-03-14,11,-0.0917,-0.0888,-0.0547
234522,DEA56,Ennepe-Ruhr-Kreis,2020-03-15,11,-0.0686,-0.1114,-0.0547
234523,DEA56,Ennepe-Ruhr-Kreis,2020-03-16,12,-0.1024,-0.1535,-0.2744
234524,DEA56,Ennepe-Ruhr-Kreis,2020-03-17,12,-0.1894,-0.1987,-0.2744
234525,DEA56,Ennepe-Ruhr-Kreis,2020-03-18,12,-0.2436,-0.2385,-0.2744
234526,DEA56,Ennepe-Ruhr-Kreis,2020-03-19,12,-0.3257,-0.2789,-0.2744
234527,DEA56,Ennepe-Ruhr-Kreis,2020-03-20,12,-0.3696,-0.313,-0.2744
234528,DEA56,Ennepe-Ruhr-Kreis,2020-03-21,12,-0.3706,-0.3388,-0.2744
234529,DEA56,Ennepe-Ruhr-Kreis,2020-03-22,12,-0.3513,-0.357,-0.2744
234530,DEA56,Ennepe-Ruhr-Kreis,2020-03-23,13,-0.3407,-0.3637,-0.3793
234531,DEA56,Ennepe-Ruhr-Kreis,2020-03-24,13,-0.3699,-0.3643,-0.3793
234532,DEA56,Ennepe-Ruhr-Kreis,2020-03-25,13,-0.3712,-0.3604,-0.3793
234533,DEA56,Ennepe-Ruhr-Kreis,2020-03-26,13,-0.3726,-0.3879,-0.3793
234534,DEA56,Ennepe-Ruhr-Kreis,2020-03-27,13,-0.374,-0.3889,-0.3793
234535,DEA56,Ennepe-Ruhr-Kreis,2020-03-28,13,-0.3434,-0.3848,-0.3793
234536,DEA56,Ennepe-Ruhr-Kreis,2020-03-29,13,-0.5436,-0.3767,-0.3793
234537,DEA56,Ennepe-Ruhr-Kreis,2020-03-30,14,-0.348,-0.3652,-0.29
234538,DEA56,Ennepe-Ruhr-Kreis,2020-03-31,14,-0.3408,-0.3436,-0.29
235325,DEA57,Hochsauerlandkreis,2020-03-01,9,0.1836,0.1643,0.1455
235326,DEA57,Hochsauerlandkreis,2020-03-02,10,0.1878,0.1564,0.1587
235327,DEA57,Hochsauerlandkreis,2020-03-03,10,0.1632,0.1444,0.1587
235328,DEA57,Hochsauerlandkreis,2020-03-04,10,0.1421,0.1613,0.1587
235329,DEA57,Hochsauerlandkreis,2020-03-05,10,0.1356,0.1609,0.1587
235330,DEA57,Hochsauerlandkreis,2020-03-06,10,0.1262,0.1632,0.1587
235331,DEA57,Hochsauerlandkreis,2020-03-07,10,0.1908,0.1563,0.1587
235332,DEA57,Hochsauerlandkreis,2020-03-08,10,0.1804,0.1515,0.1587
235333,DEA57,Hochsauerlandkreis,2020-03-09,11,0.2043,0.1515,0.1023
235334,DEA57,Hochsauerlandkreis,2020-03-10,11,0.1148,0.1468,0.1023
235335,DEA57,Hochsauerlandkreis,2020-03-11,11,0.1086,0.1192,0.1023
235336,DEA57,Hochsauerlandkreis,2020-03-12,11,0.1356,0.0976,0.1023
235337,DEA57,Hochsauerlandkreis,2020-03-13,11,0.0934,0.0709,0.1023
235338,DEA57,Hochsauerlandkreis,2020-03-14,11,-0.0026,0.0378,0.1023
235339,DEA57,Hochsauerlandkreis,2020-03-15,11,0.0293,-0.0034,0.1023
235340,DEA57,Hochsauerlandkreis,2020-03-16,12,0.0174,-0.059,-0.2279
235341,DEA57,Hochsauerlandkreis,2020-03-17,12,-0.1169,-0.1175,-0.2279
235342,DEA57,Hochsauerlandkreis,2020-03-18,12,-0.1801,-0.1755,-0.2279
235343,DEA57,Hochsauerlandkreis,2020-03-19,12,-0.2536,-0.237,-0.2279
235344,DEA57,Hochsauerlandkreis,2020-03-20,12,-0.3158,-0.279,-0.2279
235345,DEA57,Hochsauerlandkreis,2020-03-21,12,-0.4084,-0.3066,-0.2279
235346,DEA57,Hochsauerlandkreis,2020-03-22,12,-0.4013,-0.3247,-0.2279
235347,DEA57,Hochsauerlandkreis,2020-03-23,13,-0.2769,-0.3323,-0.3385
235348,DEA57,Hochsauerlandkreis,2020-03-24,13,-0.3103,-0.3341,-0.3385
235349,DEA57,Hochsauerlandkreis,2020-03-25,13,-0.3065,-0.3262,-0.3385
235350,DEA57,Hochsauerlandkreis,2020-03-26,13,-0.3069,-0.3507,-0.3385
235351,DEA57,Hochsauerlandkreis,2020-03-27,13,-0.3285,-0.3511,-0.3385
235352,DEA57,Hochsauerlandkreis,2020-03-28,13,-0.3531,-0.3481,-0.3385
235353,DEA57,Hochsauerlandkreis,2020-03-29,13,-0.5728,-0.3454,-0.3385
235354,DEA57,Hochsauerlandkreis,2020-03-30,14,-0.2793,-0.3445,-0.2994
235355,DEA57,Hochsauerlandkreis,2020-03-31,14,-0.2897,-0.3375,-0.2994
236142,DEA58,Märkischer Kreis,2020-03-01,9,0.1073,0.0925,0.063
236143,DEA58,Märkischer Kreis,2020-03-02,10,0.0755,0.093,0.0883
236144,DEA58,Märkischer Kreis,2020-03-03,10,0.0725,0.0834,0.0883
236145,DEA58,Märkischer Kreis,2020-03-04,10,0.0874,0.0861,0.0883
236146,DEA58,Märkischer Kreis,2020-03-05,10,0.0802,0.0937,0.0883
236147,DEA58,Märkischer Kreis,2020-03-06,10,0.0665,0.1047,0.0883
236148,DEA58,Märkischer Kreis,2020-03-07,10,0.1131,0.101,0.0883
236149,DEA58,Märkischer Kreis,2020-03-08,10,0.1608,0.0936,0.0883
236150,DEA58,Märkischer Kreis,2020-03-09,11,0.1525,0.096,0.0627
236151,DEA58,Märkischer Kreis,2020-03-10,11,0.0467,0.0942,0.0627
236152,DEA58,Märkischer Kreis,2020-03-11,11,0.0355,0.0772,0.0627
236153,DEA58,Märkischer Kreis,2020-03-12,11,0.0971,0.06,0.0627
236154,DEA58,Märkischer Kreis,2020-03-13,11,0.0536,0.0374,0.0627
236155,DEA58,Märkischer Kreis,2020-03-14,11,-0.0059,0.0189,0.0627
236156,DEA58,Märkischer Kreis,2020-03-15,11,0.0406,-0.0108,0.0627
236157,DEA58,Märkischer Kreis,2020-03-16,12,-0.0058,-0.0605,-0.2017
236158,DEA58,Märkischer Kreis,2020-03-17,12,-0.0828,-0.1127,-0.2017
236159,DEA58,Märkischer Kreis,2020-03-18,12,-0.1727,-0.1593,-0.2017
236160,DEA58,Märkischer Kreis,2020-03-19,12,-0.2507,-0.2096,-0.2017
236161,DEA58,Märkischer Kreis,2020-03-20,12,-0.3113,-0.2494,-0.2017
236162,DEA58,Märkischer Kreis,2020-03-21,12,-0.3327,-0.2814,-0.2017
236163,DEA58,Märkischer Kreis,2020-03-22,12,-0.3111,-0.3019,-0.2017
236164,DEA58,Märkischer Kreis,2020-03-23,13,-0.2843,-0.3125,-0.3314
236165,DEA58,Märkischer Kreis,2020-03-24,13,-0.3067,-0.3149,-0.3314
236166,DEA58,Märkischer Kreis,2020-03-25,13,-0.3164,-0.3122,-0.3314
236167,DEA58,Märkischer Kreis,2020-03-26,13,-0.325,-0.3432,-0.3314
236168,DEA58,Märkischer Kreis,2020-03-27,13,-0.3282,-0.3445,-0.3314
236169,DEA58,Märkischer Kreis,2020-03-28,13,-0.3135,-0.3402,-0.3314
236170,DEA58,Märkischer Kreis,2020-03-29,13,-0.5285,-0.3319,-0.3314
236171,DEA58,Märkischer Kreis,2020-03-30,14,-0.2929,-0.3209,-0.2529
236172,DEA58,Märkischer Kreis,2020-03-31,14,-0.2766,-0.3015,-0.2529
236959,DEA59,Olpe,2020-03-01,9,0.1136,0.101,0.0277
236960,DEA59,Olpe,2020-03-02,10,0.1595,0.1067,0.1142
236961,DEA59,Olpe,2020-03-03,10,0.15,0.105,0.1142
236962,DEA59,Olpe,2020-03-04,10,0.0833,0.1118,0.1142
236963,DEA59,Olpe,2020-03-05,10,0.0802,0.1179,0.1142
236964,DEA59,Olpe,2020-03-06,10,0.0744,0.1176,0.1142
236965,DEA59,Olpe,2020-03-07,10,0.122,0.1111,0.1142
236966,DEA59,Olpe,2020-03-08,10,0.1561,0.1089,0.1142
236967,DEA59,Olpe,2020-03-09,11,0.1575,0.1102,0.0805
236968,DEA59,Olpe,2020-03-10,11,0.1042,0.1078,0.0805
236969,DEA59,Olpe,2020-03-11,11,0.0681,0.0905,0.0805
236970,DEA59,Olpe,2020-03-12,11,0.0892,0.0787,0.0805
236971,DEA59,Olpe,2020-03-13,11,0.0575,0.0568,0.0805
236972,DEA59,Olpe,2020-03-14,11,0.0005,0.0276,0.0805
236973,DEA59,Olpe,2020-03-15,11,0.0736,-0.0068,0.0805
236974,DEA59,Olpe,2020-03-16,12,0.0046,-0.0522,-0.194
236975,DEA59,Olpe,2020-03-17,12,-0.1004,-0.1016,-0.194
236976,DEA59,Olpe,2020-03-18,12,-0.1724,-0.1478,-0.194
236977,DEA59,Olpe,2020-03-19,12,-0.2288,-0.2016,-0.194
236978,DEA59,Olpe,2020-03-20,12,-0.2884,-0.239,-0.194
236979,DEA59,Olpe,2020-03-21,12,-0.3228,-0.265,-0.194
236980,DEA59,Olpe,2020-03-22,12,-0.3029,-0.2819,-0.194
236981,DEA59,Olpe,2020-03-23,13,-0.2568,-0.2907,-0.3029
236982,DEA59,Olpe,2020-03-24,13,-0.2827,-0.2917,-0.3029
236983,DEA59,Olpe,2020-03-25,13,-0.2908,-0.2859,-0.3029
236984,DEA59,Olpe,2020-03-26,13,-0.2903,-0.3142,-0.3029
236985,DEA59,Olpe,2020-03-27,13,-0.2953,-0.3117,-0.3029
236986,DEA59,Olpe,2020-03-28,13,-0.2827,-0.3064,-0.3029
236987,DEA59,Olpe,2020-03-29,13,-0.5004,-0.3013,-0.3029
236988,DEA59,Olpe,2020-03-30,14,-0.2399,-0.2964,-0.2475
236989,DEA59,Olpe,2020-03-31,14,-0.2454,-0.2845,-0.2475
237776,DEA5A,Siegen-Wittgenstein,2020-03-01,9,0.1057,0.0884,0.0672
237777,DEA5A,Siegen-Wittgenstein,2020-03-02,10,0.0956,0.0869,0.0723
237778,DEA5A,Siegen-Wittgenstein,2020-03-03,10,0.0855,0.0763,0.0723
237779,DEA5A,Siegen-Wittgenstein,2020-03-04,10,0.053,0.0719,0.0723
237780,DEA5A,Siegen-Wittgenstein,2020-03-05,10,0.0536,0.078,0.0723
237781,DEA5A,Siegen-Wittgenstein,2020-03-06,10,0.0369,0.0795,0.0723
237782,DEA5A,Siegen-Wittgenstein,2020-03-07,10,0.0727,0.0757,0.0723
237783,DEA5A,Siegen-Wittgenstein,2020-03-08,10,0.1484,0.074,0.0723
237784,DEA5A,Siegen-Wittgenstein,2020-03-09,11,0.1067,0.0757,0.0344
237785,DEA5A,Siegen-Wittgenstein,2020-03-10,11,0.0584,0.0724,0.0344
237786,DEA5A,Siegen-Wittgenstein,2020-03-11,11,0.0411,0.051,0.0344
237787,DEA5A,Siegen-Wittgenstein,2020-03-12,11,0.0656,0.0291,0.0344
237788,DEA5A,Siegen-Wittgenstein,2020-03-13,11,0.0135,0.0047,0.0344
237789,DEA5A,Siegen-Wittgenstein,2020-03-14,11,-0.0766,-0.0268,0.0344
237790,DEA5A,Siegen-Wittgenstein,2020-03-15,11,-0.0051,-0.0661,0.0344
237791,DEA5A,Siegen-Wittgenstein,2020-03-16,12,-0.0643,-0.1169,-0.25
237792,DEA5A,Siegen-Wittgenstein,2020-03-17,12,-0.1622,-0.1663,-0.25
237793,DEA5A,Siegen-Wittgenstein,2020-03-18,12,-0.2338,-0.21,-0.25
237794,DEA5A,Siegen-Wittgenstein,2020-03-19,12,-0.2902,-0.2578,-0.25
237795,DEA5A,Siegen-Wittgenstein,2020-03-20,12,-0.332,-0.2973,-0.25
237796,DEA5A,Siegen-Wittgenstein,2020-03-21,12,-0.382,-0.3251,-0.25
237797,DEA5A,Siegen-Wittgenstein,2020-03-22,12,-0.34,-0.3444,-0.25
237798,DEA5A,Siegen-Wittgenstein,2020-03-23,13,-0.3405,-0.3562,-0.3718
237799,DEA5A,Siegen-Wittgenstein,2020-03-24,13,-0.357,-0.3619,-0.3718
237800,DEA5A,Siegen-Wittgenstein,2020-03-25,13,-0.3688,-0.3588,-0.3718
237801,DEA5A,Siegen-Wittgenstein,2020-03-26,13,-0.373,-0.3785,-0.3718
237802,DEA5A,Siegen-Wittgenstein,2020-03-27,13,-0.3717,-0.3774,-0.3718
237803,DEA5A,Siegen-Wittgenstein,2020-03-28,13,-0.3608,-0.3725,-0.3718
237804,DEA5A,Siegen-Wittgenstein,2020-03-29,13,-0.4779,-0.366,-0.3718
237805,DEA5A,Siegen-Wittgenstein,2020-03-30,14,-0.3327,-0.3585,-0.3093
237806,DEA5A,Siegen-Wittgenstein,2020-03-31,14,-0.3229,-0.3432,-0.3093
238593,DEA5B,Soest,2020-03-01,9,0.1514,0.1361,0.1302
238594,DEA5B,Soest,2020-03-02,10,0.125,0.1337,0.1224
238595,DEA5B,Soest,2020-03-03,10,0.1139,0.1241,0.1224
238596,DEA5B,Soest,2020-03-04,10,0.1351,0.122,0.1224
238597,DEA5B,Soest,2020-03-05,10,0.1118,0.1257,0.1224
238598,DEA5B,Soest,2020-03-06,10,0.0948,0.133,0.1224
238599,DEA5B,Soest,2020-03-07,10,0.1221,0.1266,0.1224
238600,DEA5B,Soest,2020-03-08,10,0.177,0.1196,0.1224
238601,DEA5B,Soest,2020-03-09,11,0.1761,0.1183,0.0802
238602,DEA5B,Soest,2020-03-10,11,0.0693,0.1155,0.0802
238603,DEA5B,Soest,2020-03-11,11,0.0862,0.0959,0.0802
238604,DEA5B,Soest,2020-03-12,11,0.1028,0.0773,0.0802
238605,DEA5B,Soest,2020-03-13,11,0.0753,0.0529,0.0802
238606,DEA5B,Soest,2020-03-14,11,-0.0154,0.0281,0.0802
238607,DEA5B,Soest,2020-03-15,11,0.0468,-0.0057,0.0802
238608,DEA5B,Soest,2020-03-16,12,0.0055,-0.0546,-0.2054
238609,DEA5B,Soest,2020-03-17,12,-0.1044,-0.1101,-0.2054
238610,DEA5B,Soest,2020-03-18,12,-0.1505,-0.157,-0.2054
238611,DEA5B,Soest,2020-03-19,12,-0.2392,-0.213,-0.2054
238612,DEA5B,Soest,2020-03-20,12,-0.3136,-0.2522,-0.2054
238613,DEA5B,Soest,2020-03-21,12,-0.3433,-0.2795,-0.2054
238614,DEA5B,Soest,2020-03-22,12,-0.3453,-0.3008,-0.2054
238615,DEA5B,Soest,2020-03-23,13,-0.2691,-0.3099,-0.315
238616,DEA5B,Soest,2020-03-24,13,-0.2953,-0.3088,-0.315
238617,DEA5B,Soest,2020-03-25,13,-0.2994,-0.3035,-0.315
238618,DEA5B,Soest,2020-03-26,13,-0.303,-0.3242,-0.315
238619,DEA5B,Soest,2020-03-27,13,-0.3061,-0.3247,-0.315
238620,DEA5B,Soest,2020-03-28,13,-0.3062,-0.3216,-0.315
238621,DEA5B,Soest,2020-03-29,13,-0.4902,-0.3127,-0.315
238622,DEA5B,Soest,2020-03-30,14,-0.2727,-0.3017,-0.2366
238623,DEA5B,Soest,2020-03-31,14,-0.2737,-0.283,-0.2366
239410,DEA5C,Unna,2020-03-01,9,0.0934,0.0607,0.0417
239411,DEA5C,Unna,2020-03-02,10,0.026,0.0596,0.0451
239412,DEA5C,Unna,2020-03-03,10,0.0323,0.0503,0.0451
239413,DEA5C,Unna,2020-03-04,10,0.057,0.0488,0.0451
239414,DEA5C,Unna,2020-03-05,10,0.0388,0.0482,0.0451
239415,DEA5C,Unna,2020-03-06,10,0.028,0.0591,0.0451
239416,DEA5C,Unna,2020-03-07,10,0.0662,0.0522,0.0451
239417,DEA5C,Unna,2020-03-08,10,0.0889,0.0424,0.0451
239418,DEA5C,Unna,2020-03-09,11,0.1023,0.0415,0.0055
239419,DEA5C,Unna,2020-03-10,11,-0.0157,0.0391,0.0055
239420,DEA5C,Unna,2020-03-11,11,-0.0115,0.0218,0.0055
239421,DEA5C,Unna,2020-03-12,11,0.0321,0.0009,0.0055
239422,DEA5C,Unna,2020-03-13,11,0.0112,-0.0222,0.0055
239423,DEA5C,Unna,2020-03-14,11,-0.0548,-0.0412,0.0055
239424,DEA5C,Unna,2020-03-15,11,-0.057,-0.0713,0.0055
239425,DEA5C,Unna,2020-03-16,12,-0.0595,-0.1172,-0.2485
239426,DEA5C,Unna,2020-03-17,12,-0.149,-0.1676,-0.2485
239427,DEA5C,Unna,2020-03-18,12,-0.2222,-0.2113,-0.2485
239428,DEA5C,Unna,2020-03-19,12,-0.2892,-0.2558,-0.2485
239429,DEA5C,Unna,2020-03-20,12,-0.3414,-0.2923,-0.2485
239430,DEA5C,Unna,2020-03-21,12,-0.3608,-0.3196,-0.2485
239431,DEA5C,Unna,2020-03-22,12,-0.3682,-0.3371,-0.2485
239432,DEA5C,Unna,2020-03-23,13,-0.3157,-0.3449,-0.3527
239433,DEA5C,Unna,2020-03-24,13,-0.3395,-0.3458,-0.3527
239434,DEA5C,Unna,2020-03-25,13,-0.3446,-0.3411,-0.3527
239435,DEA5C,Unna,2020-03-26,13,-0.3439,-0.3609,-0.3527
239436,DEA5C,Unna,2020-03-27,13,-0.3479,-0.362,-0.3527
239437,DEA5C,Unna,2020-03-28,13,-0.3278,-0.3574,-0.3527
239438,DEA5C,Unna,2020-03-29,13,-0.5071,-0.346,-0.3527
239439,DEA5C,Unna,2020-03-30,14,-0.3231,-0.3322,-0.2584
239440,DEA5C,Unna,2020-03-31,14,-0.3075,-0.3093,-0.2584
240227,DEB11,"Koblenz, Kreisfreie Stadt",2020-03-01,9,0.0082,-0.0026,-0.0869
240228,DEB11,"Koblenz, Kreisfreie Stadt",2020-03-02,10,0.0406,-0.0041,0.0026
240229,DEB11,"Koblenz, Kreisfreie Stadt",2020-03-03,10,0.0228,-0.0022,0.0026
240230,DEB11,"Koblenz, Kreisfreie Stadt",2020-03-04,10,-0.0283,0.0012,0.0026
240231,DEB11,"Koblenz, Kreisfreie Stadt",2020-03-05,10,-0.0407,0.007,0.0026
240232,DEB11,"Koblenz, Kreisfreie Stadt",2020-03-06,10,-0.0078,0.0118,0.0026
240233,DEB11,"Koblenz, Kreisfreie Stadt",2020-03-07,10,0.014,0.0026,0.0026
240234,DEB11,"Koblenz, Kreisfreie Stadt",2020-03-08,10,0.0486,-0.0015,0.0026
240235,DEB11,"Koblenz, Kreisfreie Stadt",2020-03-09,11,0.0742,-0.005,-0.0597
240236,DEB11,"Koblenz, Kreisfreie Stadt",2020-03-10,11,-0.0417,-0.0114,-0.0597
240237,DEB11,"Koblenz, Kreisfreie Stadt",2020-03-11,11,-0.0566,-0.0396,-0.0597
240238,DEB11,"Koblenz, Kreisfreie Stadt",2020-03-12,11,-0.0653,-0.068,-0.0597
240239,DEB11,"Koblenz, Kreisfreie Stadt",2020-03-13,11,-0.053,-0.0957,-0.0597
240240,DEB11,"Koblenz, Kreisfreie Stadt",2020-03-14,11,-0.183,-0.1233,-0.0597
240241,DEB11,"Koblenz, Kreisfreie Stadt",2020-03-15,11,-0.1505,-0.1641,-0.0597
240242,DEB11,"Koblenz, Kreisfreie Stadt",2020-03-16,12,-0.1201,-0.2086,-0.3345
240243,DEB11,"Koblenz, Kreisfreie Stadt",2020-03-17,12,-0.2346,-0.2566,-0.3345
240244,DEB11,"Koblenz, Kreisfreie Stadt",2020-03-18,12,-0.3423,-0.3028,-0.3345
240245,DEB11,"Koblenz, Kreisfreie Stadt",2020-03-19,12,-0.3771,-0.3434,-0.3345
240246,DEB11,"Koblenz, Kreisfreie Stadt",2020-03-20,12,-0.3889,-0.3822,-0.3345
240247,DEB11,"Koblenz, Kreisfreie Stadt",2020-03-21,12,-0.5059,-0.4112,-0.3345
240248,DEB11,"Koblenz, Kreisfreie Stadt",2020-03-22,12,-0.4346,-0.4284,-0.3345
240249,DEB11,"Koblenz, Kreisfreie Stadt",2020-03-23,13,-0.3919,-0.4406,-0.4509
240250,DEB11,"Koblenz, Kreisfreie Stadt",2020-03-24,13,-0.4374,-0.4486,-0.4509
240251,DEB11,"Koblenz, Kreisfreie Stadt",2020-03-25,13,-0.4632,-0.4427,-0.4509
240252,DEB11,"Koblenz, Kreisfreie Stadt",2020-03-26,13,-0.4625,-0.4555,-0.4509
240253,DEB11,"Koblenz, Kreisfreie Stadt",2020-03-27,13,-0.4448,-0.4539,-0.4509
240254,DEB11,"Koblenz, Kreisfreie Stadt",2020-03-28,13,-0.4645,-0.4432,-0.4509
240255,DEB11,"Koblenz, Kreisfreie Stadt",2020-03-29,13,-0.5243,-0.4369,-0.4509
240256,DEB11,"Koblenz, Kreisfreie Stadt",2020-03-30,14,-0.3804,-0.4284,-0.385
240257,DEB11,"Koblenz, Kreisfreie Stadt",2020-03-31,14,-0.3629,-0.4113,-0.385
241044,DEB12,Ahrweiler,2020-03-01,9,-0.0579,-0.0026,-0.0749
241045,DEB12,Ahrweiler,2020-03-02,10,0.0623,-0.0003,0.0299
241046,DEB12,Ahrweiler,2020-03-03,10,0.0512,0.004,0.0299
241047,DEB12,Ahrweiler,2020-03-04,10,0.0218,0.0147,0.0299
241048,DEB12,Ahrweiler,2020-03-05,10,-0.0146,0.0322,0.0299
241049,DEB12,Ahrweiler,2020-03-06,10,0.0147,0.0387,0.0299
241050,DEB12,Ahrweiler,2020-03-07,10,0.0253,0.0319,0.0299
241051,DEB12,Ahrweiler,2020-03-08,10,0.0645,0.0281,0.0299
241052,DEB12,Ahrweiler,2020-03-09,11,0.1078,0.0313,0.0132
241053,DEB12,Ahrweiler,2020-03-10,11,0.0037,0.0302,0.0132
241054,DEB12,Ahrweiler,2020-03-11,11,-0.005,0.019,0.0132
241055,DEB12,Ahrweiler,2020-03-12,11,0.0083,0.014,0.0132
241056,DEB12,Ahrweiler,2020-03-13,11,0.0067,-0.0024,0.0132
241057,DEB12,Ahrweiler,2020-03-14,11,-0.0528,-0.0162,0.0132
241058,DEB12,Ahrweiler,2020-03-15,11,0.0289,-0.0396,0.0132
241059,DEB12,Ahrweiler,2020-03-16,12,-0.0066,-0.0716,-0.1927
241060,DEB12,Ahrweiler,2020-03-17,12,-0.093,-0.1095,-0.1927
241061,DEB12,Ahrweiler,2020-03-18,12,-0.1685,-0.1494,-0.1927
241062,DEB12,Ahrweiler,2020-03-19,12,-0.2163,-0.1974,-0.1927
241063,DEB12,Ahrweiler,2020-03-20,12,-0.2583,-0.2298,-0.1927
241064,DEB12,Ahrweiler,2020-03-21,12,-0.3318,-0.2564,-0.1927
241065,DEB12,Ahrweiler,2020-03-22,12,-0.3075,-0.2741,-0.1927
241066,DEB12,Ahrweiler,2020-03-23,13,-0.2332,-0.2858,-0.2924
241067,DEB12,Ahrweiler,2020-03-24,13,-0.2792,-0.2881,-0.2924
241068,DEB12,Ahrweiler,2020-03-25,13,-0.292,-0.2757,-0.2924
241069,DEB12,Ahrweiler,2020-03-26,13,-0.2984,-0.2994,-0.2924
241070,DEB12,Ahrweiler,2020-03-27,13,-0.2747,-0.2966,-0.2924
241071,DEB12,Ahrweiler,2020-03-28,13,-0.2447,-0.2892,-0.2924
241072,DEB12,Ahrweiler,2020-03-29,13,-0.4736,-0.2843,-0.2924
241073,DEB12,Ahrweiler,2020-03-30,14,-0.2139,-0.2795,-0.2633
241074,DEB12,Ahrweiler,2020-03-31,14,-0.227,-0.2785,-0.2633
241861,DEB13,Altenkirchen (Westerwald),2020-03-01,9,0.0106,0.0506,0.0006
241862,DEB13,Altenkirchen (Westerwald),2020-03-02,10,0.0915,0.0467,0.0418
241863,DEB13,Altenkirchen (Westerwald),2020-03-03,10,0.0605,0.0428,0.0418
241864,DEB13,Altenkirchen (Westerwald),2020-03-04,10,0.0417,0.0399,0.0418
241865,DEB13,Altenkirchen (Westerwald),2020-03-05,10,0.0117,0.0405,0.0418
241866,DEB13,Altenkirchen (Westerwald),2020-03-06,10,0.0377,0.0413,0.0418
241867,DEB13,Altenkirchen (Westerwald),2020-03-07,10,0.0253,0.0378,0.0418
241868,DEB13,Altenkirchen (Westerwald),2020-03-08,10,0.0153,0.0346,0.0418
241869,DEB13,Altenkirchen (Westerwald),2020-03-09,11,0.0969,0.0388,0.0347
241870,DEB13,Altenkirchen (Westerwald),2020-03-10,11,0.0358,0.0412,0.0347
241871,DEB13,Altenkirchen (Westerwald),2020-03-11,11,0.0197,0.0333,0.0347
241872,DEB13,Altenkirchen (Westerwald),2020-03-12,11,0.0408,0.0321,0.0347
241873,DEB13,Altenkirchen (Westerwald),2020-03-13,11,0.0542,0.0189,0.0347
241874,DEB13,Altenkirchen (Westerwald),2020-03-14,11,-0.0293,0.0051,0.0347
241875,DEB13,Altenkirchen (Westerwald),2020-03-15,11,0.0063,-0.019,0.0347
241876,DEB13,Altenkirchen (Westerwald),2020-03-16,12,0.005,-0.0518,-0.1595
241877,DEB13,Altenkirchen (Westerwald),2020-03-17,12,-0.0613,-0.089,-0.1595
241878,DEB13,Altenkirchen (Westerwald),2020-03-18,12,-0.1488,-0.1239,-0.1595
241879,DEB13,Altenkirchen (Westerwald),2020-03-19,12,-0.189,-0.168,-0.1595
241880,DEB13,Altenkirchen (Westerwald),2020-03-20,12,-0.2061,-0.202,-0.1595
241881,DEB13,Altenkirchen (Westerwald),2020-03-21,12,-0.2736,-0.2315,-0.1595
241882,DEB13,Altenkirchen (Westerwald),2020-03-22,12,-0.3025,-0.2499,-0.1595
241883,DEB13,Altenkirchen (Westerwald),2020-03-23,13,-0.2326,-0.2641,-0.2768
241884,DEB13,Altenkirchen (Westerwald),2020-03-24,13,-0.2683,-0.2717,-0.2768
241885,DEB13,Altenkirchen (Westerwald),2020-03-25,13,-0.2772,-0.2652,-0.2768
241886,DEB13,Altenkirchen (Westerwald),2020-03-26,13,-0.2887,-0.2835,-0.2768
241887,DEB13,Altenkirchen (Westerwald),2020-03-27,13,-0.259,-0.2835,-0.2768
241888,DEB13,Altenkirchen (Westerwald),2020-03-28,13,-0.228,-0.2796,-0.2768
241889,DEB13,Altenkirchen (Westerwald),2020-03-29,13,-0.4304,-0.2716,-0.2768
241890,DEB13,Altenkirchen (Westerwald),2020-03-30,14,-0.2333,-0.2631,-0.2214
241891,DEB13,Altenkirchen (Westerwald),2020-03-31,14,-0.2405,-0.2534,-0.2214
242678,DEB14,Bad Kreuznach,2020-03-01,9,0.0735,0.1087,0.0359
242679,DEB14,Bad Kreuznach,2020-03-02,10,0.17,0.1126,0.1238
242680,DEB14,Bad Kreuznach,2020-03-03,10,0.1692,0.115,0.1238
242681,DEB14,Bad Kreuznach,2020-03-04,10,0.1368,0.1168,0.1238
242682,DEB14,Bad Kreuznach,2020-03-05,10,0.0868,0.124,0.1238
242683,DEB14,Bad Kreuznach,2020-03-06,10,0.1019,0.1271,0.1238
242684,DEB14,Bad Kreuznach,2020-03-07,10,0.0792,0.1198,0.1238
242685,DEB14,Bad Kreuznach,2020-03-08,10,0.1241,0.1119,0.1238
242686,DEB14,Bad Kreuznach,2020-03-09,11,0.1915,0.1095,0.073
242687,DEB14,Bad Kreuznach,2020-03-10,11,0.1183,0.1039,0.073
242688,DEB14,Bad Kreuznach,2020-03-11,11,0.0817,0.0838,0.073
242689,DEB14,Bad Kreuznach,2020-03-12,11,0.0702,0.0696,0.073
242690,DEB14,Bad Kreuznach,2020-03-13,11,0.0626,0.0462,0.073
242691,DEB14,Bad Kreuznach,2020-03-14,11,-0.0618,0.021,0.073
242692,DEB14,Bad Kreuznach,2020-03-15,11,0.0249,-0.012,0.073
242693,DEB14,Bad Kreuznach,2020-03-16,12,0.0279,-0.0464,-0.1723
242694,DEB14,Bad Kreuznach,2020-03-17,12,-0.0583,-0.0859,-0.1723
242695,DEB14,Bad Kreuznach,2020-03-18,12,-0.1493,-0.1309,-0.1723
242696,DEB14,Bad Kreuznach,2020-03-19,12,-0.171,-0.1814,-0.1723
242697,DEB14,Bad Kreuznach,2020-03-20,12,-0.2141,-0.2179,-0.1723
242698,DEB14,Bad Kreuznach,2020-03-21,12,-0.3768,-0.2445,-0.1723
242699,DEB14,Bad Kreuznach,2020-03-22,12,-0.3285,-0.2631,-0.1723
242700,DEB14,Bad Kreuznach,2020-03-23,13,-0.2275,-0.2801,-0.2874
242701,DEB14,Bad Kreuznach,2020-03-24,13,-0.2446,-0.289,-0.2874
242702,DEB14,Bad Kreuznach,2020-03-25,13,-0.2789,-0.2787,-0.2874
242703,DEB14,Bad Kreuznach,2020-03-26,13,-0.2902,-0.2957,-0.2874
242704,DEB14,Bad Kreuznach,2020-03-27,13,-0.2767,-0.2933,-0.2874
242705,DEB14,Bad Kreuznach,2020-03-28,13,-0.3042,-0.2899,-0.2874
242706,DEB14,Bad Kreuznach,2020-03-29,13,-0.4474,-0.2895,-0.2874
242707,DEB14,Bad Kreuznach,2020-03-30,14,-0.2109,-0.287,-0.2472
242708,DEB14,Bad Kreuznach,2020-03-31,14,-0.2212,-0.276,-0.2472
243495,DEB15,Birkenfeld,2020-03-01,9,-0.0864,-0.0137,-0.0755
243496,DEB15,Birkenfeld,2020-03-02,10,0.0548,-0.0058,0.0173
243497,DEB15,Birkenfeld,2020-03-03,10,0.0373,-0.0026,0.0173
243498,DEB15,Birkenfeld,2020-03-04,10,-0.001,0.005,0.0173
243499,DEB15,Birkenfeld,2020-03-05,10,-0.0248,0.0172,0.0173
243500,DEB15,Birkenfeld,2020-03-06,10,0.0232,0.0208,0.0173
243501,DEB15,Birkenfeld,2020-03-07,10,0.032,0.0154,0.0173
243502,DEB15,Birkenfeld,2020-03-08,10,-0.0014,0.0103,0.0173
243503,DEB15,Birkenfeld,2020-03-09,11,0.0802,0.0106,-0.0235
243504,DEB15,Birkenfeld,2020-03-10,11,-0.0005,0.0063,-0.0235
243505,DEB15,Birkenfeld,2020-03-11,11,-0.0367,-0.0146,-0.0235
243506,DEB15,Birkenfeld,2020-03-12,11,-0.0226,-0.0308,-0.0235
243507,DEB15,Birkenfeld,2020-03-13,11,-0.007,-0.0509,-0.0235
243508,DEB15,Birkenfeld,2020-03-14,11,-0.1142,-0.0721,-0.0235
243509,DEB15,Birkenfeld,2020-03-15,11,-0.1145,-0.1037,-0.0235
243510,DEB15,Birkenfeld,2020-03-16,12,-0.0607,-0.1445,-0.2839
243511,DEB15,Birkenfeld,2020-03-17,12,-0.1493,-0.1893,-0.2839
243512,DEB15,Birkenfeld,2020-03-18,12,-0.2575,-0.2444,-0.2839
243513,DEB15,Birkenfeld,2020-03-19,12,-0.308,-0.3018,-0.2839
243514,DEB15,Birkenfeld,2020-03-20,12,-0.3208,-0.349,-0.2839
243515,DEB15,Birkenfeld,2020-03-21,12,-0.5002,-0.3876,-0.2839
243516,DEB15,Birkenfeld,2020-03-22,12,-0.5158,-0.412,-0.2839
243517,DEB15,Birkenfeld,2020-03-23,13,-0.3913,-0.4282,-0.4313
243518,DEB15,Birkenfeld,2020-03-24,13,-0.4195,-0.4406,-0.4313
243519,DEB15,Birkenfeld,2020-03-25,13,-0.4283,-0.4291,-0.4313
243520,DEB15,Birkenfeld,2020-03-26,13,-0.4216,-0.4412,-0.4313
243521,DEB15,Birkenfeld,2020-03-27,13,-0.4075,-0.4356,-0.4313
243522,DEB15,Birkenfeld,2020-03-28,13,-0.4194,-0.4277,-0.4313
243523,DEB15,Birkenfeld,2020-03-29,13,-0.6006,-0.4174,-0.4313
243524,DEB15,Birkenfeld,2020-03-30,14,-0.3521,-0.4049,-0.3426
243525,DEB15,Birkenfeld,2020-03-31,14,-0.3644,-0.384,-0.3426
244312,DEB17,Mayen-Koblenz,2020-03-01,9,-0.0471,0.0305,-0.045
244313,DEB17,Mayen-Koblenz,2020-03-02,10,0.1117,0.0312,0.0546
244314,DEB17,Mayen-Koblenz,2020-03-03,10,0.0856,0.0342,0.0546
244315,DEB17,Mayen-Koblenz,2020-03-04,10,0.0305,0.0373,0.0546
244316,DEB17,Mayen-Koblenz,2020-03-05,10,0.0088,0.0564,0.0546
244317,DEB17,Mayen-Koblenz,2020-03-06,10,0.0497,0.0535,0.0546
244318,DEB17,Mayen-Koblenz,2020-03-07,10,0.0219,0.0442,0.0546
244319,DEB17,Mayen-Koblenz,2020-03-08,10,0.0865,0.0405,0.0546
244320,DEB17,Mayen-Koblenz,2020-03-09,11,0.0915,0.0404,0.0108
244321,DEB17,Mayen-Koblenz,2020-03-10,11,0.0209,0.0376,0.0108
244322,DEB17,Mayen-Koblenz,2020-03-11,11,0.004,0.0258,0.0108
244323,DEB17,Mayen-Koblenz,2020-03-12,11,0.0085,0.0075,0.0108
244324,DEB17,Mayen-Koblenz,2020-03-13,11,0.0303,-0.006,0.0108
244325,DEB17,Mayen-Koblenz,2020-03-14,11,-0.0609,-0.02,0.0108
244326,DEB17,Mayen-Koblenz,2020-03-15,11,-0.0418,-0.0427,0.0108
244327,DEB17,Mayen-Koblenz,2020-03-16,12,-0.0033,-0.07,-0.167
244328,DEB17,Mayen-Koblenz,2020-03-17,12,-0.0766,-0.103,-0.167
244329,DEB17,Mayen-Koblenz,2020-03-18,12,-0.1549,-0.1403,-0.167
244330,DEB17,Mayen-Koblenz,2020-03-19,12,-0.1826,-0.1731,-0.167
244331,DEB17,Mayen-Koblenz,2020-03-20,12,-0.201,-0.2033,-0.167
244332,DEB17,Mayen-Koblenz,2020-03-21,12,-0.3219,-0.2272,-0.167
244333,DEB17,Mayen-Koblenz,2020-03-22,12,-0.2714,-0.243,-0.167
244334,DEB17,Mayen-Koblenz,2020-03-23,13,-0.2146,-0.2539,-0.2621
244335,DEB17,Mayen-Koblenz,2020-03-24,13,-0.244,-0.2594,-0.2621
244336,DEB17,Mayen-Koblenz,2020-03-25,13,-0.2655,-0.249,-0.2621
244337,DEB17,Mayen-Koblenz,2020-03-26,13,-0.2587,-0.2688,-0.2621
244338,DEB17,Mayen-Koblenz,2020-03-27,13,-0.24,-0.2657,-0.2621
244339,DEB17,Mayen-Koblenz,2020-03-28,13,-0.2485,-0.2586,-0.2621
244340,DEB17,Mayen-Koblenz,2020-03-29,13,-0.4099,-0.2507,-0.2621
244341,DEB17,Mayen-Koblenz,2020-03-30,14,-0.1933,-0.2443,-0.2035
244342,DEB17,Mayen-Koblenz,2020-03-31,14,-0.1941,-0.235,-0.2035
245129,DEB18,Neuwied,2020-03-01,9,-0.0267,0.0393,-0.0285
245130,DEB18,Neuwied,2020-03-02,10,0.0928,0.0368,0.0431
245131,DEB18,Neuwied,2020-03-03,10,0.0873,0.0345,0.0431
245132,DEB18,Neuwied,2020-03-04,10,0.0324,0.0358,0.0431
245133,DEB18,Neuwied,2020-03-05,10,0.0026,0.0423,0.0431
245134,DEB18,Neuwied,2020-03-06,10,0.0365,0.0449,0.0431
245135,DEB18,Neuwied,2020-03-07,10,0.0256,0.035,0.0431
245136,DEB18,Neuwied,2020-03-08,10,0.019,0.0342,0.0431
245137,DEB18,Neuwied,2020-03-09,11,0.1108,0.038,0.0211
245138,DEB18,Neuwied,2020-03-10,11,0.0185,0.0391,0.0211
245139,DEB18,Neuwied,2020-03-11,11,0.0263,0.0279,0.0211
245140,DEB18,Neuwied,2020-03-12,11,0.0297,0.0162,0.0211
245141,DEB18,Neuwied,2020-03-13,11,0.0441,0.0012,0.0211
245142,DEB18,Neuwied,2020-03-14,11,-0.053,-0.0138,0.0211
245143,DEB18,Neuwied,2020-03-15,11,-0.0632,-0.0417,0.0211
245144,DEB18,Neuwied,2020-03-16,12,0.0061,-0.0753,-0.1826
245145,DEB18,Neuwied,2020-03-17,12,-0.0866,-0.1158,-0.1826
245146,DEB18,Neuwied,2020-03-18,12,-0.1691,-0.153,-0.1826
245147,DEB18,Neuwied,2020-03-19,12,-0.2052,-0.1896,-0.1826
245148,DEB18,Neuwied,2020-03-20,12,-0.2396,-0.2233,-0.1826
245149,DEB18,Neuwied,2020-03-21,12,-0.3136,-0.2497,-0.1826
245150,DEB18,Neuwied,2020-03-22,12,-0.3193,-0.2673,-0.1826
245151,DEB18,Neuwied,2020-03-23,13,-0.2295,-0.2799,-0.2893
245152,DEB18,Neuwied,2020-03-24,13,-0.2716,-0.2853,-0.2893
245153,DEB18,Neuwied,2020-03-25,13,-0.2919,-0.2796,-0.2893
245154,DEB18,Neuwied,2020-03-26,13,-0.2937,-0.2952,-0.2893
245155,DEB18,Neuwied,2020-03-27,13,-0.2776,-0.2948,-0.2893
245156,DEB18,Neuwied,2020-03-28,13,-0.2732,-0.2874,-0.2893
245157,DEB18,Neuwied,2020-03-29,13,-0.429,-0.2776,-0.2893
245158,DEB18,Neuwied,2020-03-30,14,-0.2265,-0.2654,-0.2082
245159,DEB18,Neuwied,2020-03-31,14,-0.2196,-0.2476,-0.2082
245946,DEB1A,Rhein-Lahn-Kreis,2020-03-01,9,-0.0939,-0.0494,-0.1066
245947,DEB1A,Rhein-Lahn-Kreis,2020-03-02,10,0.0194,-0.0476,-0.0308
245948,DEB1A,Rhein-Lahn-Kreis,2020-03-03,10,-0.0143,-0.044,-0.0308
245949,DEB1A,Rhein-Lahn-Kreis,2020-03-04,10,-0.0448,-0.04,-0.0308
245950,DEB1A,Rhein-Lahn-Kreis,2020-03-05,10,-0.0715,-0.0299,-0.0308
245951,DEB1A,Rhein-Lahn-Kreis,2020-03-06,10,-0.0374,-0.0254,-0.0308
245952,DEB1A,Rhein-Lahn-Kreis,2020-03-07,10,-0.0373,-0.0262,-0.0308
245953,DEB1A,Rhein-Lahn-Kreis,2020-03-08,10,-0.0235,-0.0241,-0.0308
245954,DEB1A,Rhein-Lahn-Kreis,2020-03-09,11,0.0513,-0.0186,-0.031
245955,DEB1A,Rhein-Lahn-Kreis,2020-03-10,11,-0.0204,-0.0171,-0.031
245956,DEB1A,Rhein-Lahn-Kreis,2020-03-11,11,-0.0298,-0.027,-0.031
245957,DEB1A,Rhein-Lahn-Kreis,2020-03-12,11,-0.033,-0.0339,-0.031
245958,DEB1A,Rhein-Lahn-Kreis,2020-03-13,11,-0.0271,-0.0504,-0.031
245959,DEB1A,Rhein-Lahn-Kreis,2020-03-14,11,-0.1064,-0.0703,-0.031
245960,DEB1A,Rhein-Lahn-Kreis,2020-03-15,11,-0.072,-0.1,-0.031
245961,DEB1A,Rhein-Lahn-Kreis,2020-03-16,12,-0.064,-0.1342,-0.2544
245962,DEB1A,Rhein-Lahn-Kreis,2020-03-17,12,-0.1598,-0.1748,-0.2544
245963,DEB1A,Rhein-Lahn-Kreis,2020-03-18,12,-0.2372,-0.2172,-0.2544
245964,DEB1A,Rhein-Lahn-Kreis,2020-03-19,12,-0.2728,-0.2617,-0.2544
245965,DEB1A,Rhein-Lahn-Kreis,2020-03-20,12,-0.311,-0.2967,-0.2544
245966,DEB1A,Rhein-Lahn-Kreis,2020-03-21,12,-0.4037,-0.3233,-0.2544
245967,DEB1A,Rhein-Lahn-Kreis,2020-03-22,12,-0.3832,-0.3408,-0.2544
245968,DEB1A,Rhein-Lahn-Kreis,2020-03-23,13,-0.3093,-0.3534,-0.3614
245969,DEB1A,Rhein-Lahn-Kreis,2020-03-24,13,-0.3462,-0.3586,-0.3614
245970,DEB1A,Rhein-Lahn-Kreis,2020-03-25,13,-0.3597,-0.3497,-0.3614
245971,DEB1A,Rhein-Lahn-Kreis,2020-03-26,13,-0.3608,-0.3688,-0.3614
245972,DEB1A,Rhein-Lahn-Kreis,2020-03-27,13,-0.3474,-0.3679,-0.3614
245973,DEB1A,Rhein-Lahn-Kreis,2020-03-28,13,-0.3415,-0.3608,-0.3614
245974,DEB1A,Rhein-Lahn-Kreis,2020-03-29,13,-0.5165,-0.3532,-0.3614
245975,DEB1A,Rhein-Lahn-Kreis,2020-03-30,14,-0.3034,-0.3303,-0.2443
245976,DEB1A,Rhein-Lahn-Kreis,2020-03-31,14,-0.2966,-0.3031,-0.2443
246763,DEB1B,Westerwaldkreis,2020-03-01,9,-0.0307,0.0114,-0.0555
246764,DEB1B,Westerwaldkreis,2020-03-02,10,0.0531,0.008,0.0089
246765,DEB1B,Westerwaldkreis,2020-03-03,10,0.0419,0.0035,0.0089
246766,DEB1B,Westerwaldkreis,2020-03-04,10,0.0005,0.003,0.0089
246767,DEB1B,Westerwaldkreis,2020-03-05,10,-0.0173,0.0095,0.0089
246768,DEB1B,Westerwaldkreis,2020-03-06,10,-0.0147,0.0112,0.0089
246769,DEB1B,Westerwaldkreis,2020-03-07,10,-0.0121,0.0041,0.0089
246770,DEB1B,Westerwaldkreis,2020-03-08,10,0.0151,0.0022,0.0089
246771,DEB1B,Westerwaldkreis,2020-03-09,11,0.065,0.0033,-0.0191
246772,DEB1B,Westerwaldkreis,2020-03-10,11,-0.008,0.0024,-0.0191
246773,DEB1B,Westerwaldkreis,2020-03-11,11,-0.0129,-0.0121,-0.0191
246774,DEB1B,Westerwaldkreis,2020-03-12,11,-0.0091,-0.0227,-0.0191
246775,DEB1B,Westerwaldkreis,2020-03-13,11,-0.0214,-0.042,-0.0191
246776,DEB1B,Westerwaldkreis,2020-03-14,11,-0.1136,-0.0619,-0.0191
246777,DEB1B,Westerwaldkreis,2020-03-15,11,-0.0588,-0.0914,-0.0191
246778,DEB1B,Westerwaldkreis,2020-03-16,12,-0.0701,-0.1272,-0.2395
246779,DEB1B,Westerwaldkreis,2020-03-17,12,-0.1472,-0.1629,-0.2395
246780,DEB1B,Westerwaldkreis,2020-03-18,12,-0.2199,-0.2016,-0.2395
246781,DEB1B,Westerwaldkreis,2020-03-19,12,-0.2594,-0.2493,-0.2395
246782,DEB1B,Westerwaldkreis,2020-03-20,12,-0.2717,-0.2806,-0.2395
246783,DEB1B,Westerwaldkreis,2020-03-21,12,-0.384,-0.3066,-0.2395
246784,DEB1B,Westerwaldkreis,2020-03-22,12,-0.3928,-0.3234,-0.2395
246785,DEB1B,Westerwaldkreis,2020-03-23,13,-0.2889,-0.3358,-0.3468
246786,DEB1B,Westerwaldkreis,2020-03-24,13,-0.3295,-0.3453,-0.3468
246787,DEB1B,Westerwaldkreis,2020-03-25,13,-0.3376,-0.3409,-0.3468
246788,DEB1B,Westerwaldkreis,2020-03-26,13,-0.3459,-0.3546,-0.3468
246789,DEB1B,Westerwaldkreis,2020-03-27,13,-0.3385,-0.3554,-0.3468
246790,DEB1B,Westerwaldkreis,2020-03-28,13,-0.3532,-0.3495,-0.3468
246791,DEB1B,Westerwaldkreis,2020-03-29,13,-0.4885,-0.3454,-0.3468
246792,DEB1B,Westerwaldkreis,2020-03-30,14,-0.295,-0.3354,-0.2783
246793,DEB1B,Westerwaldkreis,2020-03-31,14,-0.2878,-0.3158,-0.2783
247580,DEB1C,Cochem-Zell,2020-03-01,9,-0.1349,-0.0305,-0.1007
247581,DEB1C,Cochem-Zell,2020-03-02,10,0.0507,-0.0339,-0.0205
247582,DEB1C,Cochem-Zell,2020-03-03,10,0.0499,-0.0335,-0.0205
247583,DEB1C,Cochem-Zell,2020-03-04,10,-0.0226,-0.028,-0.0205
247584,DEB1C,Cochem-Zell,2020-03-05,10,-0.0321,-0.0214,-0.0205
247585,DEB1C,Cochem-Zell,2020-03-06,10,-0.0357,-0.0223,-0.0205
247586,DEB1C,Cochem-Zell,2020-03-07,10,-0.0716,-0.0269,-0.0205
247587,DEB1C,Cochem-Zell,2020-03-08,10,-0.0886,-0.0263,-0.0205
247588,DEB1C,Cochem-Zell,2020-03-09,11,0.0445,-0.0279,-0.0412
247589,DEB1C,Cochem-Zell,2020-03-10,11,0.0179,-0.03,-0.0412
247590,DEB1C,Cochem-Zell,2020-03-11,11,-0.0184,-0.0382,-0.0412
247591,DEB1C,Cochem-Zell,2020-03-12,11,-0.0431,-0.0424,-0.0412
247592,DEB1C,Cochem-Zell,2020-03-13,11,-0.0506,-0.0519,-0.0412
247593,DEB1C,Cochem-Zell,2020-03-14,11,-0.1294,-0.0698,-0.0412
247594,DEB1C,Cochem-Zell,2020-03-15,11,-0.1174,-0.0938,-0.0412
247595,DEB1C,Cochem-Zell,2020-03-16,12,-0.0221,-0.1204,-0.2315
247596,DEB1C,Cochem-Zell,2020-03-17,12,-0.1073,-0.1507,-0.2315
247597,DEB1C,Cochem-Zell,2020-03-18,12,-0.1869,-0.1933,-0.2315
247598,DEB1C,Cochem-Zell,2020-03-19,12,-0.2293,-0.2341,-0.2315
247599,DEB1C,Cochem-Zell,2020-03-20,12,-0.263,-0.2706,-0.2315
247600,DEB1C,Cochem-Zell,2020-03-21,12,-0.4275,-0.2961,-0.2315
247601,DEB1C,Cochem-Zell,2020-03-22,12,-0.4024,-0.3122,-0.2315
247602,DEB1C,Cochem-Zell,2020-03-23,13,-0.2777,-0.3228,-0.3296
247603,DEB1C,Cochem-Zell,2020-03-24,13,-0.2857,-0.3283,-0.3296
247604,DEB1C,Cochem-Zell,2020-03-25,13,-0.2999,-0.3195,-0.3296
247605,DEB1C,Cochem-Zell,2020-03-26,13,-0.3033,-0.3345,-0.3296
247606,DEB1C,Cochem-Zell,2020-03-27,13,-0.3017,-0.332,-0.3296
247607,DEB1C,Cochem-Zell,2020-03-28,13,-0.3655,-0.3249,-0.3296
247608,DEB1C,Cochem-Zell,2020-03-29,13,-0.5073,-0.3263,-0.3296
247609,DEB1C,Cochem-Zell,2020-03-30,14,-0.2604,-0.3255,-0.3366
247610,DEB1C,Cochem-Zell,2020-03-31,14,-0.2362,-0.3226,-0.3366
248397,DEB1D,Rhein-Hunsrück-Kreis,2020-03-01,9,-0.0808,-0.0004,-0.0682
248398,DEB1D,Rhein-Hunsrück-Kreis,2020-03-02,10,0.0466,0.006,0.0204
248399,DEB1D,Rhein-Hunsrück-Kreis,2020-03-03,10,0.0641,0.0101,0.0204
248400,DEB1D,Rhein-Hunsrück-Kreis,2020-03-04,10,0.0307,0.0113,0.0204
248401,DEB1D,Rhein-Hunsrück-Kreis,2020-03-05,10,0.0142,0.0172,0.0204
248402,DEB1D,Rhein-Hunsrück-Kreis,2020-03-06,10,0.0189,0.0209,0.0204
248403,DEB1D,Rhein-Hunsrück-Kreis,2020-03-07,10,-0.0144,0.0144,0.0204
248404,DEB1D,Rhein-Hunsrück-Kreis,2020-03-08,10,-0.04,0.0094,0.0204
248405,DEB1D,Rhein-Hunsrück-Kreis,2020-03-09,11,0.0731,0.0061,-0.0097
248406,DEB1D,Rhein-Hunsrück-Kreis,2020-03-10,11,0.0184,0.0035,-0.0097
248407,DEB1D,Rhein-Hunsrück-Kreis,2020-03-11,11,-0.0045,-0.01,-0.0097
248408,DEB1D,Rhein-Hunsrück-Kreis,2020-03-12,11,-0.0087,-0.0136,-0.0097
248409,DEB1D,Rhein-Hunsrück-Kreis,2020-03-13,11,0.0008,-0.0338,-0.0097
248410,DEB1D,Rhein-Hunsrück-Kreis,2020-03-14,11,-0.1092,-0.0569,-0.0097
248411,DEB1D,Rhein-Hunsrück-Kreis,2020-03-15,11,-0.0651,-0.0859,-0.0097
248412,DEB1D,Rhein-Hunsrück-Kreis,2020-03-16,12,-0.0685,-0.1218,-0.2492
248413,DEB1D,Rhein-Hunsrück-Kreis,2020-03-17,12,-0.143,-0.1635,-0.2492
248414,DEB1D,Rhein-Hunsrück-Kreis,2020-03-18,12,-0.2074,-0.2103,-0.2492
248415,DEB1D,Rhein-Hunsrück-Kreis,2020-03-19,12,-0.2604,-0.2581,-0.2492
248416,DEB1D,Rhein-Hunsrück-Kreis,2020-03-20,12,-0.291,-0.2914,-0.2492
248417,DEB1D,Rhein-Hunsrück-Kreis,2020-03-21,12,-0.4366,-0.3186,-0.2492
248418,DEB1D,Rhein-Hunsrück-Kreis,2020-03-22,12,-0.3994,-0.3389,-0.2492
248419,DEB1D,Rhein-Hunsrück-Kreis,2020-03-23,13,-0.302,-0.3515,-0.3492
248420,DEB1D,Rhein-Hunsrück-Kreis,2020-03-24,13,-0.3336,-0.3567,-0.3492
248421,DEB1D,Rhein-Hunsrück-Kreis,2020-03-25,13,-0.3494,-0.3404,-0.3492
248422,DEB1D,Rhein-Hunsrück-Kreis,2020-03-26,13,-0.3485,-0.3564,-0.3492
248423,DEB1D,Rhein-Hunsrück-Kreis,2020-03-27,13,-0.3271,-0.3547,-0.3492
248424,DEB1D,Rhein-Hunsrück-Kreis,2020-03-28,13,-0.3228,-0.3451,-0.3492
248425,DEB1D,Rhein-Hunsrück-Kreis,2020-03-29,13,-0.5113,-0.3358,-0.3492
248426,DEB1D,Rhein-Hunsrück-Kreis,2020-03-30,14,-0.2903,-0.3235,-0.27
248427,DEB1D,Rhein-Hunsrück-Kreis,2020-03-31,14,-0.2665,-0.3045,-0.27
249214,DEB21,"Trier, Kreisfreie Stadt",2020-03-01,9,0.0439,0.0147,-0.0809
249215,DEB21,"Trier, Kreisfreie Stadt",2020-03-02,10,0.0602,0.0163,0.0157
249216,DEB21,"Trier, Kreisfreie Stadt",2020-03-03,10,0.0405,0.0144,0.0157
249217,DEB21,"Trier, Kreisfreie Stadt",2020-03-04,10,0.0119,0.0166,0.0157
249218,DEB21,"Trier, Kreisfreie Stadt",2020-03-05,10,-0.0196,0.0191,0.0157
249219,DEB21,"Trier, Kreisfreie Stadt",2020-03-06,10,-0.0055,0.025,0.0157
249220,DEB21,"Trier, Kreisfreie Stadt",2020-03-07,10,-0.0152,0.0175,0.0157
249221,DEB21,"Trier, Kreisfreie Stadt",2020-03-08,10,0.0615,0.0132,0.0157
249222,DEB21,"Trier, Kreisfreie Stadt",2020-03-09,11,0.1014,0.0143,-0.0301
249223,DEB21,"Trier, Kreisfreie Stadt",2020-03-10,11,-0.0117,0.0134,-0.0301
249224,DEB21,"Trier, Kreisfreie Stadt",2020-03-11,11,-0.0182,-0.0124,-0.0301
249225,DEB21,"Trier, Kreisfreie Stadt",2020-03-12,11,-0.0125,-0.0364,-0.0301
249226,DEB21,"Trier, Kreisfreie Stadt",2020-03-13,11,-0.0112,-0.0648,-0.0301
249227,DEB21,"Trier, Kreisfreie Stadt",2020-03-14,11,-0.196,-0.0956,-0.0301
249228,DEB21,"Trier, Kreisfreie Stadt",2020-03-15,11,-0.1068,-0.1415,-0.0301
249229,DEB21,"Trier, Kreisfreie Stadt",2020-03-16,12,-0.0968,-0.1917,-0.3387
249230,DEB21,"Trier, Kreisfreie Stadt",2020-03-17,12,-0.2279,-0.2449,-0.3387
249231,DEB21,"Trier, Kreisfreie Stadt",2020-03-18,12,-0.3392,-0.2975,-0.3387
249232,DEB21,"Trier, Kreisfreie Stadt",2020-03-19,12,-0.3643,-0.3453,-0.3387
249233,DEB21,"Trier, Kreisfreie Stadt",2020-03-20,12,-0.383,-0.387,-0.3387
249234,DEB21,"Trier, Kreisfreie Stadt",2020-03-21,12,-0.5647,-0.4165,-0.3387
249235,DEB21,"Trier, Kreisfreie Stadt",2020-03-22,12,-0.4412,-0.4349,-0.3387
249236,DEB21,"Trier, Kreisfreie Stadt",2020-03-23,13,-0.3889,-0.45,-0.4592
249237,DEB21,"Trier, Kreisfreie Stadt",2020-03-24,13,-0.4344,-0.46,-0.4592
249238,DEB21,"Trier, Kreisfreie Stadt",2020-03-25,13,-0.4679,-0.4484,-0.4592
249239,DEB21,"Trier, Kreisfreie Stadt",2020-03-26,13,-0.4701,-0.4647,-0.4592
249240,DEB21,"Trier, Kreisfreie Stadt",2020-03-27,13,-0.4525,-0.4631,-0.4592
249241,DEB21,"Trier, Kreisfreie Stadt",2020-03-28,13,-0.4841,-0.4604,-0.4592
249242,DEB21,"Trier, Kreisfreie Stadt",2020-03-29,13,-0.5549,-0.4543,-0.4592
249243,DEB21,"Trier, Kreisfreie Stadt",2020-03-30,14,-0.3782,-0.4425,-0.3908
249244,DEB21,"Trier, Kreisfreie Stadt",2020-03-31,14,-0.4155,-0.4254,-0.3908
250031,DEB22,Bernkastel-Wittlich,2020-03-01,9,-0.1005,0.0494,-0.0396
250032,DEB22,Bernkastel-Wittlich,2020-03-02,10,0.1223,0.0483,0.0623
250033,DEB22,Bernkastel-Wittlich,2020-03-03,10,0.0944,0.0409,0.0623
250034,DEB22,Bernkastel-Wittlich,2020-03-04,10,0.0798,0.04,0.0623
250035,DEB22,Bernkastel-Wittlich,2020-03-05,10,0.0249,0.0616,0.0623
250036,DEB22,Bernkastel-Wittlich,2020-03-06,10,0.0376,0.059,0.0623
250037,DEB22,Bernkastel-Wittlich,2020-03-07,10,0.0212,0.0536,0.0623
250038,DEB22,Bernkastel-Wittlich,2020-03-08,10,0.051,0.0462,0.0623
250039,DEB22,Bernkastel-Wittlich,2020-03-09,11,0.1041,0.0442,0.0202
250040,DEB22,Bernkastel-Wittlich,2020-03-10,11,0.0564,0.0453,0.0202
250041,DEB22,Bernkastel-Wittlich,2020-03-11,11,0.0284,0.0317,0.0202
250042,DEB22,Bernkastel-Wittlich,2020-03-12,11,0.0105,0.0137,0.0202
250043,DEB22,Bernkastel-Wittlich,2020-03-13,11,0.0451,-0.0012,0.0202
250044,DEB22,Bernkastel-Wittlich,2020-03-14,11,-0.0736,-0.0207,0.0202
250045,DEB22,Bernkastel-Wittlich,2020-03-15,11,-0.0752,-0.0485,0.0202
250046,DEB22,Bernkastel-Wittlich,2020-03-16,12,-0.0002,-0.077,-0.1958
250047,DEB22,Bernkastel-Wittlich,2020-03-17,12,-0.0799,-0.1144,-0.1958
250048,DEB22,Bernkastel-Wittlich,2020-03-18,12,-0.1664,-0.1612,-0.1958
250049,DEB22,Bernkastel-Wittlich,2020-03-19,12,-0.1889,-0.2104,-0.1958
250050,DEB22,Bernkastel-Wittlich,2020-03-20,12,-0.2164,-0.2442,-0.1958
250051,DEB22,Bernkastel-Wittlich,2020-03-21,12,-0.4016,-0.2719,-0.1958
250052,DEB22,Bernkastel-Wittlich,2020-03-22,12,-0.4192,-0.2898,-0.1958
250053,DEB22,Bernkastel-Wittlich,2020-03-23,13,-0.2372,-0.3074,-0.3121
250054,DEB22,Bernkastel-Wittlich,2020-03-24,13,-0.2735,-0.3189,-0.3121
250055,DEB22,Bernkastel-Wittlich,2020-03-25,13,-0.2919,-0.3078,-0.3121
250056,DEB22,Bernkastel-Wittlich,2020-03-26,13,-0.3122,-0.3233,-0.3121
250057,DEB22,Bernkastel-Wittlich,2020-03-27,13,-0.2967,-0.3238,-0.3121
250058,DEB22,Bernkastel-Wittlich,2020-03-28,13,-0.324,-0.3194,-0.3121
250059,DEB22,Bernkastel-Wittlich,2020-03-29,13,-0.5274,-0.3138,-0.3121
250060,DEB22,Bernkastel-Wittlich,2020-03-30,14,-0.2412,-0.3073,-0.2684
250061,DEB22,Bernkastel-Wittlich,2020-03-31,14,-0.2423,-0.2933,-0.2684
250848,DEB23,Eifelkreis Bitburg-Prüm,2020-03-01,9,-0.1617,-0.0353,-0.093
250849,DEB23,Eifelkreis Bitburg-Prüm,2020-03-02,10,0.0484,-0.0373,-0.0604
250850,DEB23,Eifelkreis Bitburg-Prüm,2020-03-03,10,-0.0217,-0.0513,-0.0604
250851,DEB23,Eifelkreis Bitburg-Prüm,2020-03-04,10,-0.0779,-0.0649,-0.0604
250852,DEB23,Eifelkreis Bitburg-Prüm,2020-03-05,10,-0.0689,-0.0645,-0.0604
250853,DEB23,Eifelkreis Bitburg-Prüm,2020-03-06,10,-0.0719,-0.0701,-0.0604
250854,DEB23,Eifelkreis Bitburg-Prüm,2020-03-07,10,-0.1003,-0.075,-0.0604
250855,DEB23,Eifelkreis Bitburg-Prüm,2020-03-08,10,-0.1591,-0.0789,-0.0604
250856,DEB23,Eifelkreis Bitburg-Prüm,2020-03-09,11,0.0089,-0.0839,-0.0975
250857,DEB23,Eifelkreis Bitburg-Prüm,2020-03-10,11,-0.0558,-0.0843,-0.0975
250858,DEB23,Eifelkreis Bitburg-Prüm,2020-03-11,11,-0.1056,-0.0961,-0.0975
250859,DEB23,Eifelkreis Bitburg-Prüm,2020-03-12,11,-0.1034,-0.1032,-0.0975
250860,DEB23,Eifelkreis Bitburg-Prüm,2020-03-13,11,-0.0752,-0.1165,-0.0975
250861,DEB23,Eifelkreis Bitburg-Prüm,2020-03-14,11,-0.1828,-0.1334,-0.0975
250862,DEB23,Eifelkreis Bitburg-Prüm,2020-03-15,11,-0.2083,-0.1536,-0.0975
250863,DEB23,Eifelkreis Bitburg-Prüm,2020-03-16,12,-0.0841,-0.1799,-0.2852
250864,DEB23,Eifelkreis Bitburg-Prüm,2020-03-17,12,-0.1741,-0.216,-0.2852
250865,DEB23,Eifelkreis Bitburg-Prüm,2020-03-18,12,-0.2475,-0.2556,-0.2852
250866,DEB23,Eifelkreis Bitburg-Prüm,2020-03-19,12,-0.2872,-0.2949,-0.2852
250867,DEB23,Eifelkreis Bitburg-Prüm,2020-03-20,12,-0.3277,-0.3261,-0.2852
250868,DEB23,Eifelkreis Bitburg-Prüm,2020-03-21,12,-0.4606,-0.3494,-0.2852
250869,DEB23,Eifelkreis Bitburg-Prüm,2020-03-22,12,-0.4829,-0.3626,-0.2852
250870,DEB23,Eifelkreis Bitburg-Prüm,2020-03-23,13,-0.3029,-0.3778,-0.3853
250871,DEB23,Eifelkreis Bitburg-Prüm,2020-03-24,13,-0.3372,-0.3864,-0.3853
250872,DEB23,Eifelkreis Bitburg-Prüm,2020-03-25,13,-0.3401,-0.3825,-0.3853
250873,DEB23,Eifelkreis Bitburg-Prüm,2020-03-26,13,-0.3931,-0.3939,-0.3853
250874,DEB23,Eifelkreis Bitburg-Prüm,2020-03-27,13,-0.388,-0.4038,-0.3853
250875,DEB23,Eifelkreis Bitburg-Prüm,2020-03-28,13,-0.4333,-0.4232,-0.3853
250876,DEB23,Eifelkreis Bitburg-Prüm,2020-03-29,13,-0.5629,-0.4278,-0.3853
250877,DEB23,Eifelkreis Bitburg-Prüm,2020-03-30,14,-0.372,-0.4251,-0.395
250878,DEB23,Eifelkreis Bitburg-Prüm,2020-03-31,14,-0.4731,-0.4179,-0.395
251665,DEB24,Vulkaneifel,2020-03-01,9,-0.0527,0.0681,-0.0087
251666,DEB24,Vulkaneifel,2020-03-02,10,0.1904,0.0685,0.072
251667,DEB24,Vulkaneifel,2020-03-03,10,0.0922,0.0646,0.072
251668,DEB24,Vulkaneifel,2020-03-04,10,0.0135,0.0596,0.072
251669,DEB24,Vulkaneifel,2020-03-05,10,0.0119,0.0721,0.072
251670,DEB24,Vulkaneifel,2020-03-06,10,0.097,0.0699,0.072
251671,DEB24,Vulkaneifel,2020-03-07,10,0.0647,0.0654,0.072
251672,DEB24,Vulkaneifel,2020-03-08,10,0.0348,0.0679,0.072
251673,DEB24,Vulkaneifel,2020-03-09,11,0.175,0.0727,0.0631
251674,DEB24,Vulkaneifel,2020-03-10,11,0.0606,0.0697,0.0631
251675,DEB24,Vulkaneifel,2020-03-11,11,0.0315,0.0633,0.0631
251676,DEB24,Vulkaneifel,2020-03-12,11,0.0456,0.0622,0.0631
251677,DEB24,Vulkaneifel,2020-03-13,11,0.0758,0.0481,0.0631
251678,DEB24,Vulkaneifel,2020-03-14,11,0.0198,0.0293,0.0631
251679,DEB24,Vulkaneifel,2020-03-15,11,0.0273,-0.0007,0.0631
251680,DEB24,Vulkaneifel,2020-03-16,12,0.0759,-0.0382,-0.1941
251681,DEB24,Vulkaneifel,2020-03-17,12,-0.0706,-0.082,-0.1941
251682,DEB24,Vulkaneifel,2020-03-18,12,-0.179,-0.143,-0.1941
251683,DEB24,Vulkaneifel,2020-03-19,12,-0.2166,-0.2025,-0.1941
251684,DEB24,Vulkaneifel,2020-03-20,12,-0.2308,-0.2487,-0.1941
251685,DEB24,Vulkaneifel,2020-03-21,12,-0.4068,-0.2773,-0.1941
251686,DEB24,Vulkaneifel,2020-03-22,12,-0.3896,-0.2912,-0.1941
251687,DEB24,Vulkaneifel,2020-03-23,13,-0.2471,-0.3032,-0.3049
251688,DEB24,Vulkaneifel,2020-03-24,13,-0.2713,-0.3056,-0.3049
251689,DEB24,Vulkaneifel,2020-03-25,13,-0.2758,-0.2895,-0.3049
251690,DEB24,Vulkaneifel,2020-03-26,13,-0.301,-0.317,-0.3049
251691,DEB24,Vulkaneifel,2020-03-27,13,-0.2478,-0.3106,-0.3049
251692,DEB24,Vulkaneifel,2020-03-28,13,-0.2938,-0.3068,-0.3049
251693,DEB24,Vulkaneifel,2020-03-29,13,-0.5819,-0.3,-0.3049
251694,DEB24,Vulkaneifel,2020-03-30,14,-0.2025,-0.288,-0.2339
251695,DEB24,Vulkaneifel,2020-03-31,14,-0.245,-0.2747,-0.2339
252482,DEB25,Trier-Saarburg,2020-03-01,9,-0.0274,0.0379,-0.0316
252483,DEB25,Trier-Saarburg,2020-03-02,10,0.1122,0.0392,0.0487
252484,DEB25,Trier-Saarburg,2020-03-03,10,0.0724,0.0375,0.0487
252485,DEB25,Trier-Saarburg,2020-03-04,10,0.0148,0.0393,0.0487
252486,DEB25,Trier-Saarburg,2020-03-05,10,0.002,0.0491,0.0487
252487,DEB25,Trier-Saarburg,2020-03-06,10,0.0663,0.053,0.0487
252488,DEB25,Trier-Saarburg,2020-03-07,10,0.0348,0.0508,0.0487
252489,DEB25,Trier-Saarburg,2020-03-08,10,0.0415,0.055,0.0487
252490,DEB25,Trier-Saarburg,2020-03-09,11,0.139,0.0602,0.0339
252491,DEB25,Trier-Saarburg,2020-03-10,11,0.0576,0.0576,0.0339
252492,DEB25,Trier-Saarburg,2020-03-11,11,0.0442,0.0394,0.0339
252493,DEB25,Trier-Saarburg,2020-03-12,11,0.038,0.03,0.0339
252494,DEB25,Trier-Saarburg,2020-03-13,11,0.048,0.0094,0.0339
252495,DEB25,Trier-Saarburg,2020-03-14,11,-0.0924,-0.0157,0.0339
252496,DEB25,Trier-Saarburg,2020-03-15,11,-0.0242,-0.0519,0.0339
252497,DEB25,Trier-Saarburg,2020-03-16,12,-0.0055,-0.0925,-0.2256
252498,DEB25,Trier-Saarburg,2020-03-17,12,-0.1178,-0.1315,-0.2256
252499,DEB25,Trier-Saarburg,2020-03-18,12,-0.2097,-0.1815,-0.2256
252500,DEB25,Trier-Saarburg,2020-03-19,12,-0.2457,-0.2353,-0.2256
252501,DEB25,Trier-Saarburg,2020-03-20,12,-0.2249,-0.2754,-0.2256
252502,DEB25,Trier-Saarburg,2020-03-21,12,-0.4424,-0.3054,-0.2256
252503,DEB25,Trier-Saarburg,2020-03-22,12,-0.4008,-0.327,-0.2256
252504,DEB25,Trier-Saarburg,2020-03-23,13,-0.2869,-0.3443,-0.3605
252505,DEB25,Trier-Saarburg,2020-03-24,13,-0.3274,-0.3598,-0.3605
252506,DEB25,Trier-Saarburg,2020-03-25,13,-0.3608,-0.3489,-0.3605
252507,DEB25,Trier-Saarburg,2020-03-26,13,-0.3673,-0.3698,-0.3605
252508,DEB25,Trier-Saarburg,2020-03-27,13,-0.3332,-0.3714,-0.3605
252509,DEB25,Trier-Saarburg,2020-03-28,13,-0.3657,-0.3698,-0.3605
252510,DEB25,Trier-Saarburg,2020-03-29,13,-0.5472,-0.3635,-0.3605
252511,DEB25,Trier-Saarburg,2020-03-30,14,-0.2983,-0.3463,-0.2814
252512,DEB25,Trier-Saarburg,2020-03-31,14,-0.3158,-0.3313,-0.2814
253299,DEB31,"Frankenthal (Pfalz), Kreisfreie Stadt",2020-03-01,9,0.0547,0.0192,0.0148
253300,DEB31,"Frankenthal (Pfalz), Kreisfreie Stadt",2020-03-02,10,-0.0756,0.0122,-0.0121
253301,DEB31,"Frankenthal (Pfalz), Kreisfreie Stadt",2020-03-03,10,-0.0219,0.0041,-0.0121
253302,DEB31,"Frankenthal (Pfalz), Kreisfreie Stadt",2020-03-04,10,0.0198,-0.0089,-0.0121
253303,DEB31,"Frankenthal (Pfalz), Kreisfreie Stadt",2020-03-05,10,-0.0256,-0.0089,-0.0121
253304,DEB31,"Frankenthal (Pfalz), Kreisfreie Stadt",2020-03-06,10,0.0135,0.0109,-0.0121
253305,DEB31,"Frankenthal (Pfalz), Kreisfreie Stadt",2020-03-07,10,-0.0273,0.0041,-0.0121
253306,DEB31,"Frankenthal (Pfalz), Kreisfreie Stadt",2020-03-08,10,0.0547,-0.005,-0.0121
253307,DEB31,"Frankenthal (Pfalz), Kreisfreie Stadt",2020-03-09,11,0.063,-0.003,-0.0404
253308,DEB31,"Frankenthal (Pfalz), Kreisfreie Stadt",2020-03-10,11,-0.0692,-0.0043,-0.0404
253309,DEB31,"Frankenthal (Pfalz), Kreisfreie Stadt",2020-03-11,11,-0.0443,-0.0236,-0.0404
253310,DEB31,"Frankenthal (Pfalz), Kreisfreie Stadt",2020-03-12,11,-0.0115,-0.0461,-0.0404
253311,DEB31,"Frankenthal (Pfalz), Kreisfreie Stadt",2020-03-13,11,0.0043,-0.0738,-0.0404
253312,DEB31,"Frankenthal (Pfalz), Kreisfreie Stadt",2020-03-14,11,-0.1624,-0.0935,-0.0404
253313,DEB31,"Frankenthal (Pfalz), Kreisfreie Stadt",2020-03-15,11,-0.1027,-0.1257,-0.0404
253314,DEB31,"Frankenthal (Pfalz), Kreisfreie Stadt",2020-03-16,12,-0.1306,-0.168,-0.3159
253315,DEB31,"Frankenthal (Pfalz), Kreisfreie Stadt",2020-03-17,12,-0.2074,-0.2154,-0.3159
253316,DEB31,"Frankenthal (Pfalz), Kreisfreie Stadt",2020-03-18,12,-0.2697,-0.2716,-0.3159
253317,DEB31,"Frankenthal (Pfalz), Kreisfreie Stadt",2020-03-19,12,-0.3073,-0.3301,-0.3159
253318,DEB31,"Frankenthal (Pfalz), Kreisfreie Stadt",2020-03-20,12,-0.3281,-0.3658,-0.3159
253319,DEB31,"Frankenthal (Pfalz), Kreisfreie Stadt",2020-03-21,12,-0.5557,-0.3945,-0.3159
253320,DEB31,"Frankenthal (Pfalz), Kreisfreie Stadt",2020-03-22,12,-0.5121,-0.4154,-0.3159
253321,DEB31,"Frankenthal (Pfalz), Kreisfreie Stadt",2020-03-23,13,-0.3802,-0.4306,-0.4188
253322,DEB31,"Frankenthal (Pfalz), Kreisfreie Stadt",2020-03-24,13,-0.4084,-0.4408,-0.4188
253323,DEB31,"Frankenthal (Pfalz), Kreisfreie Stadt",2020-03-25,13,-0.4161,-0.421,-0.4188
253324,DEB31,"Frankenthal (Pfalz), Kreisfreie Stadt",2020-03-26,13,-0.4138,-0.4264,-0.4188
253325,DEB31,"Frankenthal (Pfalz), Kreisfreie Stadt",2020-03-27,13,-0.3997,-0.4232,-0.4188
253326,DEB31,"Frankenthal (Pfalz), Kreisfreie Stadt",2020-03-28,13,-0.4166,-0.4181,-0.4188
253327,DEB31,"Frankenthal (Pfalz), Kreisfreie Stadt",2020-03-29,13,-0.5499,-0.4067,-0.4188
253328,DEB31,"Frankenthal (Pfalz), Kreisfreie Stadt",2020-03-30,14,-0.3578,-0.3913,-0.3322
253329,DEB31,"Frankenthal (Pfalz), Kreisfreie Stadt",2020-03-31,14,-0.3729,-0.3675,-0.3322
254116,DEB32,"Kaiserslautern, Kreisfreie Stadt",2020-03-01,9,-0.0487,0.0021,-0.0112
254117,DEB32,"Kaiserslautern, Kreisfreie Stadt",2020-03-02,10,-0.0003,0.0006,0.0133
254118,DEB32,"Kaiserslautern, Kreisfreie Stadt",2020-03-03,10,0.0403,-0.0011,0.0133
254119,DEB32,"Kaiserslautern, Kreisfreie Stadt",2020-03-04,10,-0.0041,0.0065,0.0133
254120,DEB32,"Kaiserslautern, Kreisfreie Stadt",2020-03-05,10,-0.0121,0.0135,0.0133
254121,DEB32,"Kaiserslautern, Kreisfreie Stadt",2020-03-06,10,0.0205,0.0215,0.0133
254122,DEB32,"Kaiserslautern, Kreisfreie Stadt",2020-03-07,10,0.0499,0.0135,0.0133
254123,DEB32,"Kaiserslautern, Kreisfreie Stadt",2020-03-08,10,0.0004,0.0092,0.0133
254124,DEB32,"Kaiserslautern, Kreisfreie Stadt",2020-03-09,11,0.0554,0.0085,-0.0385
254125,DEB32,"Kaiserslautern, Kreisfreie Stadt",2020-03-10,11,-0.0153,0.0037,-0.0385
254126,DEB32,"Kaiserslautern, Kreisfreie Stadt",2020-03-11,11,-0.0343,-0.0285,-0.0385
254127,DEB32,"Kaiserslautern, Kreisfreie Stadt",2020-03-12,11,-0.0168,-0.0476,-0.0385
254128,DEB32,"Kaiserslautern, Kreisfreie Stadt",2020-03-13,11,-0.0134,-0.075,-0.0385
254129,DEB32,"Kaiserslautern, Kreisfreie Stadt",2020-03-14,11,-0.1754,-0.103,-0.0385
254130,DEB32,"Kaiserslautern, Kreisfreie Stadt",2020-03-15,11,-0.1335,-0.1436,-0.0385
254131,DEB32,"Kaiserslautern, Kreisfreie Stadt",2020-03-16,12,-0.1366,-0.1914,-0.3318
254132,DEB32,"Kaiserslautern, Kreisfreie Stadt",2020-03-17,12,-0.2108,-0.2437,-0.3318
254133,DEB32,"Kaiserslautern, Kreisfreie Stadt",2020-03-18,12,-0.3183,-0.2951,-0.3318
254134,DEB32,"Kaiserslautern, Kreisfreie Stadt",2020-03-19,12,-0.3521,-0.3446,-0.3318
254135,DEB32,"Kaiserslautern, Kreisfreie Stadt",2020-03-20,12,-0.3795,-0.3847,-0.3318
254136,DEB32,"Kaiserslautern, Kreisfreie Stadt",2020-03-21,12,-0.5346,-0.4169,-0.3318
254137,DEB32,"Kaiserslautern, Kreisfreie Stadt",2020-03-22,12,-0.4804,-0.4384,-0.3318
254138,DEB32,"Kaiserslautern, Kreisfreie Stadt",2020-03-23,13,-0.4171,-0.4542,-0.462
254139,DEB32,"Kaiserslautern, Kreisfreie Stadt",2020-03-24,13,-0.4366,-0.4652,-0.462
254140,DEB32,"Kaiserslautern, Kreisfreie Stadt",2020-03-25,13,-0.4682,-0.4567,-0.462
254141,DEB32,"Kaiserslautern, Kreisfreie Stadt",2020-03-26,13,-0.4633,-0.4686,-0.462
254142,DEB32,"Kaiserslautern, Kreisfreie Stadt",2020-03-27,13,-0.4564,-0.4682,-0.462
254143,DEB32,"Kaiserslautern, Kreisfreie Stadt",2020-03-28,13,-0.4749,-0.465,-0.462
254144,DEB32,"Kaiserslautern, Kreisfreie Stadt",2020-03-29,13,-0.5635,-0.4583,-0.462
254145,DEB32,"Kaiserslautern, Kreisfreie Stadt",2020-03-30,14,-0.4145,-0.4449,-0.3882
254146,DEB32,"Kaiserslautern, Kreisfreie Stadt",2020-03-31,14,-0.4141,-0.4239,-0.3882
254933,DEB33,"Landau in der Pfalz, Kreisfreie Stadt",2020-03-01,9,0.0385,0.0599,0.0194
254934,DEB33,"Landau in der Pfalz, Kreisfreie Stadt",2020-03-02,10,0.0232,0.0481,0.0264
254935,DEB33,"Landau in der Pfalz, Kreisfreie Stadt",2020-03-03,10,0.0687,0.0359,0.0264
254936,DEB33,"Landau in der Pfalz, Kreisfreie Stadt",2020-03-04,10,0.0146,0.0278,0.0264
254937,DEB33,"Landau in der Pfalz, Kreisfreie Stadt",2020-03-05,10,-0.0106,0.0274,0.0264
254938,DEB33,"Landau in der Pfalz, Kreisfreie Stadt",2020-03-06,10,0.0299,0.034,0.0264
254939,DEB33,"Landau in der Pfalz, Kreisfreie Stadt",2020-03-07,10,0.0303,0.027,0.0264
254940,DEB33,"Landau in der Pfalz, Kreisfreie Stadt",2020-03-08,10,0.0358,0.0235,0.0264
254941,DEB33,"Landau in der Pfalz, Kreisfreie Stadt",2020-03-09,11,0.0696,0.0222,-0.0123
254942,DEB33,"Landau in der Pfalz, Kreisfreie Stadt",2020-03-10,11,0.0194,0.0185,-0.0123
254943,DEB33,"Landau in der Pfalz, Kreisfreie Stadt",2020-03-11,11,-0.0096,-0.0032,-0.0123
254944,DEB33,"Landau in der Pfalz, Kreisfreie Stadt",2020-03-12,11,-0.0203,-0.0164,-0.0123
254945,DEB33,"Landau in der Pfalz, Kreisfreie Stadt",2020-03-13,11,0.0044,-0.045,-0.0123
254946,DEB33,"Landau in der Pfalz, Kreisfreie Stadt",2020-03-14,11,-0.1216,-0.0763,-0.0123
254947,DEB33,"Landau in der Pfalz, Kreisfreie Stadt",2020-03-15,11,-0.0568,-0.1176,-0.0123
254948,DEB33,"Landau in der Pfalz, Kreisfreie Stadt",2020-03-16,12,-0.1302,-0.161,-0.3291
254949,DEB33,"Landau in der Pfalz, Kreisfreie Stadt",2020-03-17,12,-0.1998,-0.2084,-0.3291
254950,DEB33,"Landau in der Pfalz, Kreisfreie Stadt",2020-03-18,12,-0.2989,-0.2783,-0.3291
254951,DEB33,"Landau in der Pfalz, Kreisfreie Stadt",2020-03-19,12,-0.3239,-0.3437,-0.3291
254952,DEB33,"Landau in der Pfalz, Kreisfreie Stadt",2020-03-20,12,-0.3277,-0.383,-0.3291
254953,DEB33,"Landau in der Pfalz, Kreisfreie Stadt",2020-03-21,12,-0.611,-0.4141,-0.3291
254954,DEB33,"Landau in der Pfalz, Kreisfreie Stadt",2020-03-22,12,-0.5141,-0.4364,-0.3291
254955,DEB33,"Landau in der Pfalz, Kreisfreie Stadt",2020-03-23,13,-0.4058,-0.4547,-0.4445
254956,DEB33,"Landau in der Pfalz, Kreisfreie Stadt",2020-03-24,13,-0.4173,-0.4692,-0.4445
254957,DEB33,"Landau in der Pfalz, Kreisfreie Stadt",2020-03-25,13,-0.455,-0.4439,-0.4445
254958,DEB33,"Landau in der Pfalz, Kreisfreie Stadt",2020-03-26,13,-0.4516,-0.4509,-0.4445
254959,DEB33,"Landau in der Pfalz, Kreisfreie Stadt",2020-03-27,13,-0.4298,-0.4455,-0.4445
254960,DEB33,"Landau in der Pfalz, Kreisfreie Stadt",2020-03-28,13,-0.4334,-0.4419,-0.4445
254961,DEB33,"Landau in der Pfalz, Kreisfreie Stadt",2020-03-29,13,-0.5634,-0.4357,-0.4445
254962,DEB33,"Landau in der Pfalz, Kreisfreie Stadt",2020-03-30,14,-0.3678,-0.4264,-0.3895
254963,DEB33,"Landau in der Pfalz, Kreisfreie Stadt",2020-03-31,14,-0.3924,-0.416,-0.3895
255750,DEB34,"Ludwigshafen am Rhein, Kreisfreie Stadt",2020-03-01,9,0.0454,0.0316,-0.0035
255751,DEB34,"Ludwigshafen am Rhein, Kreisfreie Stadt",2020-03-02,10,-0.0147,0.0275,0.0184
255752,DEB34,"Ludwigshafen am Rhein, Kreisfreie Stadt",2020-03-03,10,0.0363,0.0216,0.0184
255753,DEB34,"Ludwigshafen am Rhein, Kreisfreie Stadt",2020-03-04,10,0.0327,0.0199,0.0184
255754,DEB34,"Ludwigshafen am Rhein, Kreisfreie Stadt",2020-03-05,10,0.0018,0.02,0.0184
255755,DEB34,"Ludwigshafen am Rhein, Kreisfreie Stadt",2020-03-06,10,0.0238,0.0306,0.0184
255756,DEB34,"Ludwigshafen am Rhein, Kreisfreie Stadt",2020-03-07,10,0.014,0.0196,0.0184
255757,DEB34,"Ludwigshafen am Rhein, Kreisfreie Stadt",2020-03-08,10,0.0459,0.0113,0.0184
255758,DEB34,"Ludwigshafen am Rhein, Kreisfreie Stadt",2020-03-09,11,0.0596,0.008,-0.0279
255759,DEB34,"Ludwigshafen am Rhein, Kreisfreie Stadt",2020-03-10,11,-0.0406,0.0049,-0.0279
255760,DEB34,"Ludwigshafen am Rhein, Kreisfreie Stadt",2020-03-11,11,-0.0256,-0.0164,-0.0279
255761,DEB34,"Ludwigshafen am Rhein, Kreisfreie Stadt",2020-03-12,11,-0.0211,-0.0343,-0.0279
255762,DEB34,"Ludwigshafen am Rhein, Kreisfreie Stadt",2020-03-13,11,0.0021,-0.0604,-0.0279
255763,DEB34,"Ludwigshafen am Rhein, Kreisfreie Stadt",2020-03-14,11,-0.1348,-0.0858,-0.0279
255764,DEB34,"Ludwigshafen am Rhein, Kreisfreie Stadt",2020-03-15,11,-0.0797,-0.1203,-0.0279
255765,DEB34,"Ludwigshafen am Rhein, Kreisfreie Stadt",2020-03-16,12,-0.1229,-0.1602,-0.3004
255766,DEB34,"Ludwigshafen am Rhein, Kreisfreie Stadt",2020-03-17,12,-0.2186,-0.2058,-0.3004
255767,DEB34,"Ludwigshafen am Rhein, Kreisfreie Stadt",2020-03-18,12,-0.267,-0.2578,-0.3004
255768,DEB34,"Ludwigshafen am Rhein, Kreisfreie Stadt",2020-03-19,12,-0.3003,-0.319,-0.3004
255769,DEB34,"Ludwigshafen am Rhein, Kreisfreie Stadt",2020-03-20,12,-0.317,-0.357,-0.3004
255770,DEB34,"Ludwigshafen am Rhein, Kreisfreie Stadt",2020-03-21,12,-0.4989,-0.3858,-0.3004
255771,DEB34,"Ludwigshafen am Rhein, Kreisfreie Stadt",2020-03-22,12,-0.508,-0.4088,-0.3004
255772,DEB34,"Ludwigshafen am Rhein, Kreisfreie Stadt",2020-03-23,13,-0.3893,-0.4256,-0.4186
255773,DEB34,"Ludwigshafen am Rhein, Kreisfreie Stadt",2020-03-24,13,-0.4204,-0.4373,-0.4186
255774,DEB34,"Ludwigshafen am Rhein, Kreisfreie Stadt",2020-03-25,13,-0.4275,-0.4225,-0.4186
255775,DEB34,"Ludwigshafen am Rhein, Kreisfreie Stadt",2020-03-26,13,-0.4184,-0.4247,-0.4186
255776,DEB34,"Ludwigshafen am Rhein, Kreisfreie Stadt",2020-03-27,13,-0.3985,-0.4215,-0.4186
255777,DEB34,"Ludwigshafen am Rhein, Kreisfreie Stadt",2020-03-28,13,-0.3953,-0.416,-0.4186
255778,DEB34,"Ludwigshafen am Rhein, Kreisfreie Stadt",2020-03-29,13,-0.5236,-0.4068,-0.4186
255779,DEB34,"Ludwigshafen am Rhein, Kreisfreie Stadt",2020-03-30,14,-0.3672,-0.3929,-0.3316
255780,DEB34,"Ludwigshafen am Rhein, Kreisfreie Stadt",2020-03-31,14,-0.3815,-0.37,-0.3316
256567,DEB35,"Mainz, Kreisfreie Stadt",2020-03-01,9,-0.0125,-0.002,-0.0248
256568,DEB35,"Mainz, Kreisfreie Stadt",2020-03-02,10,-0.0487,-0.0029,-0.0018
256569,DEB35,"Mainz, Kreisfreie Stadt",2020-03-03,10,0.0385,-0.0033,-0.0018
256570,DEB35,"Mainz, Kreisfreie Stadt",2020-03-04,10,0.0228,-0.0084,-0.0018
256571,DEB35,"Mainz, Kreisfreie Stadt",2020-03-05,10,-0.0278,0.001,-0.0018
256572,DEB35,"Mainz, Kreisfreie Stadt",2020-03-06,10,-0.0088,0.0128,-0.0018
256573,DEB35,"Mainz, Kreisfreie Stadt",2020-03-07,10,-0.0224,0.0028,-0.0018
256574,DEB35,"Mainz, Kreisfreie Stadt",2020-03-08,10,0.053,-0.0027,-0.0018
256575,DEB35,"Mainz, Kreisfreie Stadt",2020-03-09,11,0.0344,0.0001,-0.0488
256576,DEB35,"Mainz, Kreisfreie Stadt",2020-03-10,11,-0.0314,-0.0021,-0.0488
256577,DEB35,"Mainz, Kreisfreie Stadt",2020-03-11,11,-0.0158,-0.0268,-0.0488
256578,DEB35,"Mainz, Kreisfreie Stadt",2020-03-12,11,-0.0084,-0.0586,-0.0488
256579,DEB35,"Mainz, Kreisfreie Stadt",2020-03-13,11,-0.0239,-0.0878,-0.0488
256580,DEB35,"Mainz, Kreisfreie Stadt",2020-03-14,11,-0.1954,-0.1179,-0.0488
256581,DEB35,"Mainz, Kreisfreie Stadt",2020-03-15,11,-0.1698,-0.1626,-0.0488
256582,DEB35,"Mainz, Kreisfreie Stadt",2020-03-16,12,-0.1702,-0.2143,-0.352
256583,DEB35,"Mainz, Kreisfreie Stadt",2020-03-17,12,-0.2422,-0.2687,-0.352
256584,DEB35,"Mainz, Kreisfreie Stadt",2020-03-18,12,-0.3282,-0.3181,-0.352
256585,DEB35,"Mainz, Kreisfreie Stadt",2020-03-19,12,-0.3707,-0.3615,-0.352
256586,DEB35,"Mainz, Kreisfreie Stadt",2020-03-20,12,-0.4046,-0.4008,-0.352
256587,DEB35,"Mainz, Kreisfreie Stadt",2020-03-21,12,-0.5412,-0.4304,-0.352
256588,DEB35,"Mainz, Kreisfreie Stadt",2020-03-22,12,-0.4738,-0.45,-0.352
256589,DEB35,"Mainz, Kreisfreie Stadt",2020-03-23,13,-0.4448,-0.4638,-0.4653
256590,DEB35,"Mainz, Kreisfreie Stadt",2020-03-24,13,-0.4492,-0.4693,-0.4653
256591,DEB35,"Mainz, Kreisfreie Stadt",2020-03-25,13,-0.4657,-0.4571,-0.4653
256592,DEB35,"Mainz, Kreisfreie Stadt",2020-03-26,13,-0.4676,-0.4711,-0.4653
256593,DEB35,"Mainz, Kreisfreie Stadt",2020-03-27,13,-0.4426,-0.4681,-0.4653
256594,DEB35,"Mainz, Kreisfreie Stadt",2020-03-28,13,-0.4558,-0.4643,-0.4653
256595,DEB35,"Mainz, Kreisfreie Stadt",2020-03-29,13,-0.5721,-0.4604,-0.4653
256596,DEB35,"Mainz, Kreisfreie Stadt",2020-03-30,14,-0.4239,-0.4512,-0.4059
256597,DEB35,"Mainz, Kreisfreie Stadt",2020-03-31,14,-0.4223,-0.4381,-0.4059
257384,DEB36,"Neustadt an der Weinstraße, Kreisfreie Stadt",2020-03-01,9,-0.0972,-0.0473,-0.0652
257385,DEB36,"Neustadt an der Weinstraße, Kreisfreie Stadt",2020-03-02,10,-0.0672,-0.0536,-0.0603
257386,DEB36,"Neustadt an der Weinstraße, Kreisfreie Stadt",2020-03-03,10,-0.021,-0.06,-0.0603
257387,DEB36,"Neustadt an der Weinstraße, Kreisfreie Stadt",2020-03-04,10,-0.0552,-0.066,-0.0603
257388,DEB36,"Neustadt an der Weinstraße, Kreisfreie Stadt",2020-03-05,10,-0.0828,-0.0601,-0.0603
257389,DEB36,"Neustadt an der Weinstraße, Kreisfreie Stadt",2020-03-06,10,-0.0514,-0.0517,-0.0603
257390,DEB36,"Neustadt an der Weinstraße, Kreisfreie Stadt",2020-03-07,10,-0.0868,-0.06,-0.0603
257391,DEB36,"Neustadt an der Weinstraße, Kreisfreie Stadt",2020-03-08,10,-0.0561,-0.0632,-0.0603
257392,DEB36,"Neustadt an der Weinstraße, Kreisfreie Stadt",2020-03-09,11,-0.0086,-0.0612,-0.0764
257393,DEB36,"Neustadt an der Weinstraße, Kreisfreie Stadt",2020-03-10,11,-0.0788,-0.0609,-0.0764
257394,DEB36,"Neustadt an der Weinstraße, Kreisfreie Stadt",2020-03-11,11,-0.0777,-0.074,-0.0764
257395,DEB36,"Neustadt an der Weinstraße, Kreisfreie Stadt",2020-03-12,11,-0.0692,-0.0768,-0.0764
257396,DEB36,"Neustadt an der Weinstraße, Kreisfreie Stadt",2020-03-13,11,-0.0488,-0.0945,-0.0764
257397,DEB36,"Neustadt an der Weinstraße, Kreisfreie Stadt",2020-03-14,11,-0.1791,-0.1079,-0.0764
257398,DEB36,"Neustadt an der Weinstraße, Kreisfreie Stadt",2020-03-15,11,-0.0752,-0.1342,-0.0764
257399,DEB36,"Neustadt an der Weinstraße, Kreisfreie Stadt",2020-03-16,12,-0.1331,-0.1671,-0.3088
257400,DEB36,"Neustadt an der Weinstraße, Kreisfreie Stadt",2020-03-17,12,-0.172,-0.2031,-0.3088
257401,DEB36,"Neustadt an der Weinstraße, Kreisfreie Stadt",2020-03-18,12,-0.262,-0.2586,-0.3088
257402,DEB36,"Neustadt an der Weinstraße, Kreisfreie Stadt",2020-03-19,12,-0.2991,-0.3167,-0.3088
257403,DEB36,"Neustadt an der Weinstraße, Kreisfreie Stadt",2020-03-20,12,-0.3014,-0.3458,-0.3088
257404,DEB36,"Neustadt an der Weinstraße, Kreisfreie Stadt",2020-03-21,12,-0.567,-0.374,-0.3088
257405,DEB36,"Neustadt an der Weinstraße, Kreisfreie Stadt",2020-03-22,12,-0.4825,-0.3961,-0.3088
257406,DEB36,"Neustadt an der Weinstraße, Kreisfreie Stadt",2020-03-23,13,-0.3362,-0.4142,-0.4114
257407,DEB36,"Neustadt an der Weinstraße, Kreisfreie Stadt",2020-03-24,13,-0.3696,-0.4288,-0.4114
257408,DEB36,"Neustadt an der Weinstraße, Kreisfreie Stadt",2020-03-25,13,-0.4172,-0.4091,-0.4114
257409,DEB36,"Neustadt an der Weinstraße, Kreisfreie Stadt",2020-03-26,13,-0.4255,-0.4164,-0.4114
257410,DEB36,"Neustadt an der Weinstraße, Kreisfreie Stadt",2020-03-27,13,-0.4037,-0.419,-0.4114
257411,DEB36,"Neustadt an der Weinstraße, Kreisfreie Stadt",2020-03-28,13,-0.4291,-0.4172,-0.4114
257412,DEB36,"Neustadt an der Weinstraße, Kreisfreie Stadt",2020-03-29,13,-0.5334,-0.4058,-0.4114
257413,DEB36,"Neustadt an der Weinstraße, Kreisfreie Stadt",2020-03-30,14,-0.3546,-0.3868,-0.3193
257414,DEB36,"Neustadt an der Weinstraße, Kreisfreie Stadt",2020-03-31,14,-0.3568,-0.3663,-0.3193
258201,DEB37,"Pirmasens, Kreisfreie Stadt",2020-03-01,9,-0.11,-0.1063,-0.1603
258202,DEB37,"Pirmasens, Kreisfreie Stadt",2020-03-02,10,-0.0919,-0.1003,-0.0949
258203,DEB37,"Pirmasens, Kreisfreie Stadt",2020-03-03,10,-0.0736,-0.1007,-0.0949
258204,DEB37,"Pirmasens, Kreisfreie Stadt",2020-03-04,10,-0.0975,-0.0983,-0.0949
258205,DEB37,"Pirmasens, Kreisfreie Stadt",2020-03-05,10,-0.109,-0.0945,-0.0949
258206,DEB37,"Pirmasens, Kreisfreie Stadt",2020-03-06,10,-0.0933,-0.0907,-0.0949
258207,DEB37,"Pirmasens, Kreisfreie Stadt",2020-03-07,10,-0.1128,-0.0972,-0.0949
258208,DEB37,"Pirmasens, Kreisfreie Stadt",2020-03-08,10,-0.0837,-0.1007,-0.0949
258209,DEB37,"Pirmasens, Kreisfreie Stadt",2020-03-09,11,-0.0646,-0.1003,-0.1125
258210,DEB37,"Pirmasens, Kreisfreie Stadt",2020-03-10,11,-0.1194,-0.0987,-0.1125
258211,DEB37,"Pirmasens, Kreisfreie Stadt",2020-03-11,11,-0.1221,-0.1085,-0.1125
258212,DEB37,"Pirmasens, Kreisfreie Stadt",2020-03-12,11,-0.1061,-0.1159,-0.1125
258213,DEB37,"Pirmasens, Kreisfreie Stadt",2020-03-13,11,-0.0822,-0.1306,-0.1125
258214,DEB37,"Pirmasens, Kreisfreie Stadt",2020-03-14,11,-0.1816,-0.1471,-0.1125
258215,DEB37,"Pirmasens, Kreisfreie Stadt",2020-03-15,11,-0.1351,-0.1722,-0.1125
258216,DEB37,"Pirmasens, Kreisfreie Stadt",2020-03-16,12,-0.1674,-0.2032,-0.3191
258217,DEB37,"Pirmasens, Kreisfreie Stadt",2020-03-17,12,-0.235,-0.2379,-0.3191
258218,DEB37,"Pirmasens, Kreisfreie Stadt",2020-03-18,12,-0.2979,-0.2835,-0.3191
258219,DEB37,"Pirmasens, Kreisfreie Stadt",2020-03-19,12,-0.3228,-0.3342,-0.3191
258220,DEB37,"Pirmasens, Kreisfreie Stadt",2020-03-20,12,-0.3253,-0.3668,-0.3191
258221,DEB37,"Pirmasens, Kreisfreie Stadt",2020-03-21,12,-0.5009,-0.3921,-0.3191
258222,DEB37,"Pirmasens, Kreisfreie Stadt",2020-03-22,12,-0.49,-0.4109,-0.3191
258223,DEB37,"Pirmasens, Kreisfreie Stadt",2020-03-23,13,-0.3956,-0.4252,-0.4234
258224,DEB37,"Pirmasens, Kreisfreie Stadt",2020-03-24,13,-0.4119,-0.4379,-0.4234
258225,DEB37,"Pirmasens, Kreisfreie Stadt",2020-03-25,13,-0.4298,-0.4252,-0.4234
258226,DEB37,"Pirmasens, Kreisfreie Stadt",2020-03-26,13,-0.4226,-0.4288,-0.4234
258227,DEB37,"Pirmasens, Kreisfreie Stadt",2020-03-27,13,-0.4141,-0.4258,-0.4234
258228,DEB37,"Pirmasens, Kreisfreie Stadt",2020-03-28,13,-0.4122,-0.4208,-0.4234
258229,DEB37,"Pirmasens, Kreisfreie Stadt",2020-03-29,13,-0.5153,-0.4117,-0.4234
258230,DEB37,"Pirmasens, Kreisfreie Stadt",2020-03-30,14,-0.3751,-0.3945,-0.3295
258231,DEB37,"Pirmasens, Kreisfreie Stadt",2020-03-31,14,-0.3768,-0.3702,-0.3295
259018,DEB38,"Speyer, Kreisfreie Stadt",2020-03-01,9,0.0312,0.0232,0.0157
259019,DEB38,"Speyer, Kreisfreie Stadt",2020-03-02,10,-0.0349,0.0171,0.0016
259020,DEB38,"Speyer, Kreisfreie Stadt",2020-03-03,10,0.0198,0.0079,0.0016
259021,DEB38,"Speyer, Kreisfreie Stadt",2020-03-04,10,0.0058,0.0033,0.0016
259022,DEB38,"Speyer, Kreisfreie Stadt",2020-03-05,10,-0.0098,0.0026,0.0016
259023,DEB38,"Speyer, Kreisfreie Stadt",2020-03-06,10,0.0131,0.016,0.0016
259024,DEB38,"Speyer, Kreisfreie Stadt",2020-03-07,10,-0.0022,0.0064,0.0016
259025,DEB38,"Speyer, Kreisfreie Stadt",2020-03-08,10,0.0265,0.0014,0.0016
259026,DEB38,"Speyer, Kreisfreie Stadt",2020-03-09,11,0.0587,0.0021,-0.0334
259027,DEB38,"Speyer, Kreisfreie Stadt",2020-03-10,11,-0.0471,0.0028,-0.0334
259028,DEB38,"Speyer, Kreisfreie Stadt",2020-03-11,11,-0.0296,-0.0195,-0.0334
259029,DEB38,"Speyer, Kreisfreie Stadt",2020-03-12,11,-0.0043,-0.0401,-0.0334
259030,DEB38,"Speyer, Kreisfreie Stadt",2020-03-13,11,0.0175,-0.0631,-0.0334
259031,DEB38,"Speyer, Kreisfreie Stadt",2020-03-14,11,-0.1582,-0.0853,-0.0334
259032,DEB38,"Speyer, Kreisfreie Stadt",2020-03-15,11,-0.1178,-0.1213,-0.0334
259033,DEB38,"Speyer, Kreisfreie Stadt",2020-03-16,12,-0.1022,-0.163,-0.3244
259034,DEB38,"Speyer, Kreisfreie Stadt",2020-03-17,12,-0.2022,-0.2129,-0.3244
259035,DEB38,"Speyer, Kreisfreie Stadt",2020-03-18,12,-0.2816,-0.2765,-0.3244
259036,DEB38,"Speyer, Kreisfreie Stadt",2020-03-19,12,-0.2967,-0.341,-0.3244
259037,DEB38,"Speyer, Kreisfreie Stadt",2020-03-20,12,-0.3315,-0.383,-0.3244
259038,DEB38,"Speyer, Kreisfreie Stadt",2020-03-21,12,-0.6032,-0.4133,-0.3244
259039,DEB38,"Speyer, Kreisfreie Stadt",2020-03-22,12,-0.5699,-0.4365,-0.3244
259040,DEB38,"Speyer, Kreisfreie Stadt",2020-03-23,13,-0.3957,-0.4566,-0.4463
259041,DEB38,"Speyer, Kreisfreie Stadt",2020-03-24,13,-0.4149,-0.4692,-0.4463
259042,DEB38,"Speyer, Kreisfreie Stadt",2020-03-25,13,-0.4436,-0.4478,-0.4463
259043,DEB38,"Speyer, Kreisfreie Stadt",2020-03-26,13,-0.4373,-0.4556,-0.4463
259044,DEB38,"Speyer, Kreisfreie Stadt",2020-03-27,13,-0.4201,-0.4529,-0.4463
259045,DEB38,"Speyer, Kreisfreie Stadt",2020-03-28,13,-0.4528,-0.4493,-0.4463
259046,DEB38,"Speyer, Kreisfreie Stadt",2020-03-29,13,-0.6249,-0.4386,-0.4463
259047,DEB38,"Speyer, Kreisfreie Stadt",2020-03-30,14,-0.377,-0.4224,-0.3658
259048,DEB38,"Speyer, Kreisfreie Stadt",2020-03-31,14,-0.3893,-0.4042,-0.3658
259835,DEB39,"Worms, Kreisfreie Stadt",2020-03-01,9,0.0021,0.0227,0.0084
259836,DEB39,"Worms, Kreisfreie Stadt",2020-03-02,10,-0.0203,0.0161,0.0034
259837,DEB39,"Worms, Kreisfreie Stadt",2020-03-03,10,0.0149,0.0081,0.0034
259838,DEB39,"Worms, Kreisfreie Stadt",2020-03-04,10,0.027,0.0035,0.0034
259839,DEB39,"Worms, Kreisfreie Stadt",2020-03-05,10,-0.0021,0.0026,0.0034
259840,DEB39,"Worms, Kreisfreie Stadt",2020-03-06,10,0.0129,0.0167,0.0034
259841,DEB39,"Worms, Kreisfreie Stadt",2020-03-07,10,-0.01,0.009,0.0034
259842,DEB39,"Worms, Kreisfreie Stadt",2020-03-08,10,-0.0045,0.001,0.0034
259843,DEB39,"Worms, Kreisfreie Stadt",2020-03-09,11,0.0784,-0.0006,-0.0541
259844,DEB39,"Worms, Kreisfreie Stadt",2020-03-10,11,-0.039,-0.0162,-0.0541
259845,DEB39,"Worms, Kreisfreie Stadt",2020-03-11,11,-0.0287,-0.0408,-0.0541
259846,DEB39,"Worms, Kreisfreie Stadt",2020-03-12,11,-0.0132,-0.0599,-0.0541
259847,DEB39,"Worms, Kreisfreie Stadt",2020-03-13,11,-0.0964,-0.0857,-0.0541
259848,DEB39,"Worms, Kreisfreie Stadt",2020-03-14,11,-0.1822,-0.1065,-0.0541
259849,DEB39,"Worms, Kreisfreie Stadt",2020-03-15,11,-0.1379,-0.1393,-0.0541
259850,DEB39,"Worms, Kreisfreie Stadt",2020-03-16,12,-0.1027,-0.1794,-0.2965
259851,DEB39,"Worms, Kreisfreie Stadt",2020-03-17,12,-0.1842,-0.2108,-0.2965
259852,DEB39,"Worms, Kreisfreie Stadt",2020-03-18,12,-0.2585,-0.2583,-0.2965
259853,DEB39,"Worms, Kreisfreie Stadt",2020-03-19,12,-0.294,-0.3095,-0.2965
259854,DEB39,"Worms, Kreisfreie Stadt",2020-03-20,12,-0.316,-0.3467,-0.2965
259855,DEB39,"Worms, Kreisfreie Stadt",2020-03-21,12,-0.5146,-0.3762,-0.2965
259856,DEB39,"Worms, Kreisfreie Stadt",2020-03-22,12,-0.4965,-0.3962,-0.2965
259857,DEB39,"Worms, Kreisfreie Stadt",2020-03-23,13,-0.3629,-0.4111,-0.4064
259858,DEB39,"Worms, Kreisfreie Stadt",2020-03-24,13,-0.3909,-0.4213,-0.4064
259859,DEB39,"Worms, Kreisfreie Stadt",2020-03-25,13,-0.3983,-0.4056,-0.4064
259860,DEB39,"Worms, Kreisfreie Stadt",2020-03-26,13,-0.3988,-0.4147,-0.4064
259861,DEB39,"Worms, Kreisfreie Stadt",2020-03-27,13,-0.3875,-0.4106,-0.4064
259862,DEB39,"Worms, Kreisfreie Stadt",2020-03-28,13,-0.4045,-0.4034,-0.4064
259863,DEB39,"Worms, Kreisfreie Stadt",2020-03-29,13,-0.5601,-0.3924,-0.4064
259864,DEB39,"Worms, Kreisfreie Stadt",2020-03-30,14,-0.3339,-0.3752,-0.3046
259865,DEB39,"Worms, Kreisfreie Stadt",2020-03-31,14,-0.3405,-0.3505,-0.3046
260652,DEB3A,"Zweibrücken, Kreisfreie Stadt",2020-03-01,9,0.1254,0.0897,0.0529
260653,DEB3A,"Zweibrücken, Kreisfreie Stadt",2020-03-02,10,0.0859,0.0956,0.0944
260654,DEB3A,"Zweibrücken, Kreisfreie Stadt",2020-03-03,10,0.1014,0.0906,0.0944
260655,DEB3A,"Zweibrücken, Kreisfreie Stadt",2020-03-04,10,0.0952,0.0979,0.0944
260656,DEB3A,"Zweibrücken, Kreisfreie Stadt",2020-03-05,10,0.0819,0.0956,0.0944
260657,DEB3A,"Zweibrücken, Kreisfreie Stadt",2020-03-06,10,0.0914,0.1024,0.0944
260658,DEB3A,"Zweibrücken, Kreisfreie Stadt",2020-03-07,10,0.104,0.0939,0.0944
260659,DEB3A,"Zweibrücken, Kreisfreie Stadt",2020-03-08,10,0.1096,0.0886,0.0944
260660,DEB3A,"Zweibrücken, Kreisfreie Stadt",2020-03-09,11,0.1331,0.0874,0.0514
260661,DEB3A,"Zweibrücken, Kreisfreie Stadt",2020-03-10,11,0.0422,0.0857,0.0514
260662,DEB3A,"Zweibrücken, Kreisfreie Stadt",2020-03-11,11,0.0579,0.0603,0.0514
260663,DEB3A,"Zweibrücken, Kreisfreie Stadt",2020-03-12,11,0.0734,0.0463,0.0514
260664,DEB3A,"Zweibrücken, Kreisfreie Stadt",2020-03-13,11,0.0797,0.0243,0.0514
260665,DEB3A,"Zweibrücken, Kreisfreie Stadt",2020-03-14,11,-0.0741,0.0011,0.0514
260666,DEB3A,"Zweibrücken, Kreisfreie Stadt",2020-03-15,11,0.0121,-0.037,0.0514
260667,DEB3A,"Zweibrücken, Kreisfreie Stadt",2020-03-16,12,-0.0212,-0.0825,-0.243
260668,DEB3A,"Zweibrücken, Kreisfreie Stadt",2020-03-17,12,-0.1201,-0.1328,-0.243
260669,DEB3A,"Zweibrücken, Kreisfreie Stadt",2020-03-18,12,-0.2089,-0.1975,-0.243
260670,DEB3A,"Zweibrücken, Kreisfreie Stadt",2020-03-19,12,-0.245,-0.2597,-0.243
260671,DEB3A,"Zweibrücken, Kreisfreie Stadt",2020-03-20,12,-0.2724,-0.3091,-0.243
260672,DEB3A,"Zweibrücken, Kreisfreie Stadt",2020-03-21,12,-0.5272,-0.349,-0.243
260673,DEB3A,"Zweibrücken, Kreisfreie Stadt",2020-03-22,12,-0.4233,-0.3756,-0.243
260674,DEB3A,"Zweibrücken, Kreisfreie Stadt",2020-03-23,13,-0.3671,-0.3994,-0.3998
260675,DEB3A,"Zweibrücken, Kreisfreie Stadt",2020-03-24,13,-0.3994,-0.416,-0.3998
260676,DEB3A,"Zweibrücken, Kreisfreie Stadt",2020-03-25,13,-0.3949,-0.3972,-0.3998
260677,DEB3A,"Zweibrücken, Kreisfreie Stadt",2020-03-26,13,-0.4117,-0.4049,-0.3998
260678,DEB3A,"Zweibrücken, Kreisfreie Stadt",2020-03-27,13,-0.3883,-0.4044,-0.3998
260679,DEB3A,"Zweibrücken, Kreisfreie Stadt",2020-03-28,13,-0.3954,-0.4008,-0.3998
260680,DEB3A,"Zweibrücken, Kreisfreie Stadt",2020-03-29,13,-0.4776,-0.3964,-0.3998
260681,DEB3A,"Zweibrücken, Kreisfreie Stadt",2020-03-30,14,-0.3637,-0.3863,-0.3495
260682,DEB3A,"Zweibrücken, Kreisfreie Stadt",2020-03-31,14,-0.3739,-0.3719,-0.3495
261469,DEB3B,Alzey-Worms,2020-03-01,9,0.032,0.0489,0.0033
261470,DEB3B,Alzey-Worms,2020-03-02,10,0.0555,0.0464,0.0384
261471,DEB3B,Alzey-Worms,2020-03-03,10,0.066,0.0421,0.0384
261472,DEB3B,Alzey-Worms,2020-03-04,10,0.052,0.0393,0.0384
261473,DEB3B,Alzey-Worms,2020-03-05,10,0.0141,0.0376,0.0384
261474,DEB3B,Alzey-Worms,2020-03-06,10,0.0315,0.0459,0.0384
261475,DEB3B,Alzey-Worms,2020-03-07,10,0.0242,0.0367,0.0384
261476,DEB3B,Alzey-Worms,2020-03-08,10,0.0202,0.0313,0.0384
261477,DEB3B,Alzey-Worms,2020-03-09,11,0.1131,0.0325,0.0029
261478,DEB3B,Alzey-Worms,2020-03-10,11,0.0021,0.0298,0.0029
261479,DEB3B,Alzey-Worms,2020-03-11,11,0.0137,0.0133,0.0029
261480,DEB3B,Alzey-Worms,2020-03-12,11,0.0225,-0.0024,0.0029
261481,DEB3B,Alzey-Worms,2020-03-13,11,0.0129,-0.0258,0.0029
261482,DEB3B,Alzey-Worms,2020-03-14,11,-0.0917,-0.0435,0.0029
261483,DEB3B,Alzey-Worms,2020-03-15,11,-0.0896,-0.0734,0.0029
261484,DEB3B,Alzey-Worms,2020-03-16,12,-0.0502,-0.1074,-0.2305
261485,DEB3B,Alzey-Worms,2020-03-17,12,-0.1219,-0.1445,-0.2305
261486,DEB3B,Alzey-Worms,2020-03-18,12,-0.1956,-0.1938,-0.2305
261487,DEB3B,Alzey-Worms,2020-03-19,12,-0.2155,-0.2413,-0.2305
261488,DEB3B,Alzey-Worms,2020-03-20,12,-0.2469,-0.2718,-0.2305
261489,DEB3B,Alzey-Worms,2020-03-21,12,-0.4367,-0.2971,-0.2305
261490,DEB3B,Alzey-Worms,2020-03-22,12,-0.4225,-0.3136,-0.2305
261491,DEB3B,Alzey-Worms,2020-03-23,13,-0.2635,-0.3287,-0.3209
261492,DEB3B,Alzey-Worms,2020-03-24,13,-0.2988,-0.3364,-0.3209
261493,DEB3B,Alzey-Worms,2020-03-25,13,-0.3111,-0.3174,-0.3209
261494,DEB3B,Alzey-Worms,2020-03-26,13,-0.3217,-0.33,-0.3209
261495,DEB3B,Alzey-Worms,2020-03-27,13,-0.3004,-0.3286,-0.3209
261496,DEB3B,Alzey-Worms,2020-03-28,13,-0.3037,-0.3233,-0.3209
261497,DEB3B,Alzey-Worms,2020-03-29,13,-0.5106,-0.3183,-0.3209
261498,DEB3B,Alzey-Worms,2020-03-30,14,-0.2537,-0.3074,-0.2528
261499,DEB3B,Alzey-Worms,2020-03-31,14,-0.2619,-0.2905,-0.2528
262286,DEB3C,Bad Dürkheim,2020-03-01,9,-0.031,-0.0123,-0.022
262287,DEB3C,Bad Dürkheim,2020-03-02,10,-0.0402,-0.0198,-0.0246
262288,DEB3C,Bad Dürkheim,2020-03-03,10,-0.0146,-0.0244,-0.0246
262289,DEB3C,Bad Dürkheim,2020-03-04,10,-0.0267,-0.0244,-0.0246
262290,DEB3C,Bad Dürkheim,2020-03-05,10,-0.0642,-0.0249,-0.0246
262291,DEB3C,Bad Dürkheim,2020-03-06,10,-0.0089,-0.0183,-0.0246
262292,DEB3C,Bad Dürkheim,2020-03-07,10,0.015,-0.0278,-0.0246
262293,DEB3C,Bad Dürkheim,2020-03-08,10,-0.0348,-0.0333,-0.0246
262294,DEB3C,Bad Dürkheim,2020-03-09,11,0.0064,-0.0316,-0.0673
262295,DEB3C,Bad Dürkheim,2020-03-10,11,-0.0814,-0.0373,-0.0673
262296,DEB3C,Bad Dürkheim,2020-03-11,11,-0.0651,-0.0648,-0.0673
262297,DEB3C,Bad Dürkheim,2020-03-12,11,-0.0527,-0.0668,-0.0673
262298,DEB3C,Bad Dürkheim,2020-03-13,11,-0.0484,-0.082,-0.0673
262299,DEB3C,Bad Dürkheim,2020-03-14,11,-0.1776,-0.0956,-0.0673
262300,DEB3C,Bad Dürkheim,2020-03-15,11,-0.0488,-0.1188,-0.0673
262301,DEB3C,Bad Dürkheim,2020-03-16,12,-0.1001,-0.1486,-0.3017
262302,DEB3C,Bad Dürkheim,2020-03-17,12,-0.1764,-0.1847,-0.3017
262303,DEB3C,Bad Dürkheim,2020-03-18,12,-0.2277,-0.2392,-0.3017
262304,DEB3C,Bad Dürkheim,2020-03-19,12,-0.2611,-0.3093,-0.3017
262305,DEB3C,Bad Dürkheim,2020-03-20,12,-0.301,-0.3454,-0.3017
262306,DEB3C,Bad Dürkheim,2020-03-21,12,-0.5593,-0.3722,-0.3017
262307,DEB3C,Bad Dürkheim,2020-03-22,12,-0.5394,-0.3943,-0.3017
262308,DEB3C,Bad Dürkheim,2020-03-23,13,-0.3528,-0.412,-0.4029
262309,DEB3C,Bad Dürkheim,2020-03-24,13,-0.3643,-0.4231,-0.4029
262310,DEB3C,Bad Dürkheim,2020-03-25,13,-0.3821,-0.4022,-0.4029
262311,DEB3C,Bad Dürkheim,2020-03-26,13,-0.3849,-0.4096,-0.4029
262312,DEB3C,Bad Dürkheim,2020-03-27,13,-0.379,-0.4052,-0.4029
262313,DEB3C,Bad Dürkheim,2020-03-28,13,-0.4126,-0.4013,-0.4029
262314,DEB3C,Bad Dürkheim,2020-03-29,13,-0.5915,-0.3913,-0.4029
262315,DEB3C,Bad Dürkheim,2020-03-30,14,-0.3219,-0.3745,-0.3158
262316,DEB3C,Bad Dürkheim,2020-03-31,14,-0.337,-0.3565,-0.3158
263103,DEB3D,Donnersbergkreis,2020-03-01,9,-0.0882,-0.0419,-0.0984
263104,DEB3D,Donnersbergkreis,2020-03-02,10,-0.013,-0.0399,-0.0194
263105,DEB3D,Donnersbergkreis,2020-03-03,10,0.0147,-0.0371,-0.0194
263106,DEB3D,Donnersbergkreis,2020-03-04,10,-0.0182,-0.0325,-0.0194
263107,DEB3D,Donnersbergkreis,2020-03-05,10,-0.0614,-0.0167,-0.0194
263108,DEB3D,Donnersbergkreis,2020-03-06,10,-0.0352,-0.0134,-0.0194
263109,DEB3D,Donnersbergkreis,2020-03-07,10,-0.0264,-0.0231,-0.0194
263110,DEB3D,Donnersbergkreis,2020-03-08,10,0.0228,-0.0262,-0.0194
263111,DEB3D,Donnersbergkreis,2020-03-09,11,0.0099,-0.0266,-0.0593
263112,DEB3D,Donnersbergkreis,2020-03-10,11,-0.0532,-0.0294,-0.0593
263113,DEB3D,Donnersbergkreis,2020-03-11,11,-0.0397,-0.047,-0.0593
263114,DEB3D,Donnersbergkreis,2020-03-12,11,-0.0642,-0.0627,-0.0593
263115,DEB3D,Donnersbergkreis,2020-03-13,11,-0.0553,-0.0818,-0.0593
263116,DEB3D,Donnersbergkreis,2020-03-14,11,-0.1492,-0.1011,-0.0593
263117,DEB3D,Donnersbergkreis,2020-03-15,11,-0.0875,-0.1303,-0.0593
263118,DEB3D,Donnersbergkreis,2020-03-16,12,-0.1237,-0.1614,-0.2806
263119,DEB3D,Donnersbergkreis,2020-03-17,12,-0.1884,-0.1965,-0.2806
263120,DEB3D,Donnersbergkreis,2020-03-18,12,-0.2441,-0.2418,-0.2806
263121,DEB3D,Donnersbergkreis,2020-03-19,12,-0.2816,-0.2934,-0.2806
263122,DEB3D,Donnersbergkreis,2020-03-20,12,-0.301,-0.3263,-0.2806
263123,DEB3D,Donnersbergkreis,2020-03-21,12,-0.4661,-0.3519,-0.2806
263124,DEB3D,Donnersbergkreis,2020-03-22,12,-0.4486,-0.3745,-0.2806
263125,DEB3D,Donnersbergkreis,2020-03-23,13,-0.3538,-0.3928,-0.3958
263126,DEB3D,Donnersbergkreis,2020-03-24,13,-0.3679,-0.4049,-0.3958
263127,DEB3D,Donnersbergkreis,2020-03-25,13,-0.4021,-0.3889,-0.3958
263128,DEB3D,Donnersbergkreis,2020-03-26,13,-0.4099,-0.403,-0.3958
263129,DEB3D,Donnersbergkreis,2020-03-27,13,-0.3858,-0.4042,-0.3958
263130,DEB3D,Donnersbergkreis,2020-03-28,13,-0.3539,-0.4055,-0.3958
263131,DEB3D,Donnersbergkreis,2020-03-29,13,-0.5475,-0.3973,-0.3958
263132,DEB3D,Donnersbergkreis,2020-03-30,14,-0.3626,-0.3835,-0.3272
263133,DEB3D,Donnersbergkreis,2020-03-31,14,-0.3767,-0.3644,-0.3272
263920,DEB3E,Germersheim,2020-03-01,9,0.0198,0.0942,0.0641
263921,DEB3E,Germersheim,2020-03-02,10,0.0896,0.084,0.0668
263922,DEB3E,Germersheim,2020-03-03,10,0.1056,0.0717,0.0668
263923,DEB3E,Germersheim,2020-03-04,10,0.0746,0.0632,0.0668
263924,DEB3E,Germersheim,2020-03-05,10,0.0351,0.0652,0.0668
263925,DEB3E,Germersheim,2020-03-06,10,0.0618,0.0708,0.0668
263926,DEB3E,Germersheim,2020-03-07,10,0.0557,0.0649,0.0668
263927,DEB3E,Germersheim,2020-03-08,10,0.0341,0.0612,0.0668
263928,DEB3E,Germersheim,2020-03-09,11,0.1288,0.0621,0.0545
263929,DEB3E,Germersheim,2020-03-10,11,0.0643,0.0627,0.0545
263930,DEB3E,Germersheim,2020-03-11,11,0.0484,0.0527,0.0545
263931,DEB3E,Germersheim,2020-03-12,11,0.0417,0.0516,0.0545
263932,DEB3E,Germersheim,2020-03-13,11,0.0663,0.0318,0.0545
263933,DEB3E,Germersheim,2020-03-14,11,-0.0144,0.014,0.0545
263934,DEB3E,Germersheim,2020-03-15,11,0.026,-0.0115,0.0545
263935,DEB3E,Germersheim,2020-03-16,12,-0.0098,-0.0434,-0.2078
263936,DEB3E,Germersheim,2020-03-17,12,-0.0603,-0.0795,-0.2078
263937,DEB3E,Germersheim,2020-03-18,12,-0.1301,-0.1543,-0.2078
263938,DEB3E,Germersheim,2020-03-19,12,-0.1815,-0.2335,-0.2078
263939,DEB3E,Germersheim,2020-03-20,12,-0.1864,-0.2797,-0.2078
263940,DEB3E,Germersheim,2020-03-21,12,-0.5382,-0.3209,-0.2078
263941,DEB3E,Germersheim,2020-03-22,12,-0.5277,-0.3578,-0.2078
263942,DEB3E,Germersheim,2020-03-23,13,-0.3335,-0.3874,-0.3748
263943,DEB3E,Germersheim,2020-03-24,13,-0.3486,-0.411,-0.3748
263944,DEB3E,Germersheim,2020-03-25,13,-0.3886,-0.3801,-0.3748
263945,DEB3E,Germersheim,2020-03-26,13,-0.3887,-0.383,-0.3748
263946,DEB3E,Germersheim,2020-03-27,13,-0.3517,-0.3804,-0.3748
263947,DEB3E,Germersheim,2020-03-28,13,-0.322,-0.3758,-0.3748
263948,DEB3E,Germersheim,2020-03-29,13,-0.5476,-0.3661,-0.3748
263949,DEB3E,Germersheim,2020-03-30,14,-0.3154,-0.3544,-0.2987
263950,DEB3E,Germersheim,2020-03-31,14,-0.3165,-0.3423,-0.2987
264737,DEB3F,"Kaiserslautern, Landkreis",2020-03-01,9,-0.0444,-0.0011,-0.0228
264738,DEB3F,"Kaiserslautern, Landkreis",2020-03-02,10,0.0293,-0.0,0.0041
264739,DEB3F,"Kaiserslautern, Landkreis",2020-03-03,10,0.0132,-0.003,0.0041
264740,DEB3F,"Kaiserslautern, Landkreis",2020-03-04,10,-0.0051,-0.0021,0.0041
264741,DEB3F,"Kaiserslautern, Landkreis",2020-03-05,10,-0.0192,0.0038,0.0041
264742,DEB3F,"Kaiserslautern, Landkreis",2020-03-06,10,0.0111,0.0044,0.0041
264743,DEB3F,"Kaiserslautern, Landkreis",2020-03-07,10,0.0005,-0.001,0.0041
264744,DEB3F,"Kaiserslautern, Landkreis",2020-03-08,10,-0.0029,-0.0026,0.0041
264745,DEB3F,"Kaiserslautern, Landkreis",2020-03-09,11,0.0333,-0.0009,-0.0208
264746,DEB3F,"Kaiserslautern, Landkreis",2020-03-10,11,-0.0243,-0.0003,-0.0208
264747,DEB3F,"Kaiserslautern, Landkreis",2020-03-11,11,-0.0169,-0.0161,-0.0208
264748,DEB3F,"Kaiserslautern, Landkreis",2020-03-12,11,-0.007,-0.0258,-0.0208
264749,DEB3F,"Kaiserslautern, Landkreis",2020-03-13,11,0.0153,-0.0427,-0.0208
264750,DEB3F,"Kaiserslautern, Landkreis",2020-03-14,11,-0.1102,-0.062,-0.0208
264751,DEB3F,"Kaiserslautern, Landkreis",2020-03-15,11,-0.0706,-0.0907,-0.0208
264752,DEB3F,"Kaiserslautern, Landkreis",2020-03-16,12,-0.0856,-0.1237,-0.2488
264753,DEB3F,"Kaiserslautern, Landkreis",2020-03-17,12,-0.1589,-0.1629,-0.2488
264754,DEB3F,"Kaiserslautern, Landkreis",2020-03-18,12,-0.2182,-0.2119,-0.2488
264755,DEB3F,"Kaiserslautern, Landkreis",2020-03-19,12,-0.2378,-0.263,-0.2488
264756,DEB3F,"Kaiserslautern, Landkreis",2020-03-20,12,-0.2594,-0.2955,-0.2488
264757,DEB3F,"Kaiserslautern, Landkreis",2020-03-21,12,-0.453,-0.3228,-0.2488
264758,DEB3F,"Kaiserslautern, Landkreis",2020-03-22,12,-0.4283,-0.3444,-0.2488
264759,DEB3F,"Kaiserslautern, Landkreis",2020-03-23,13,-0.3131,-0.3619,-0.3591
264760,DEB3F,"Kaiserslautern, Landkreis",2020-03-24,13,-0.3502,-0.3737,-0.3591
264761,DEB3F,"Kaiserslautern, Landkreis",2020-03-25,13,-0.3688,-0.3567,-0.3591
264762,DEB3F,"Kaiserslautern, Landkreis",2020-03-26,13,-0.3608,-0.3659,-0.3591
264763,DEB3F,"Kaiserslautern, Landkreis",2020-03-27,13,-0.3418,-0.3651,-0.3591
264764,DEB3F,"Kaiserslautern, Landkreis",2020-03-28,13,-0.3339,-0.3624,-0.3591
264765,DEB3F,"Kaiserslautern, Landkreis",2020-03-29,13,-0.4927,-0.3578,-0.3591
264766,DEB3F,"Kaiserslautern, Landkreis",2020-03-30,14,-0.3079,-0.3508,-0.3169
264767,DEB3F,"Kaiserslautern, Landkreis",2020-03-31,14,-0.3311,-0.3407,-0.3169
265554,DEB3G,Kusel,2020-03-01,9,-0.0488,-0.0091,-0.0584
265555,DEB3G,Kusel,2020-03-02,10,0.0276,-0.0011,0.0154
265556,DEB3G,Kusel,2020-03-03,10,0.0354,0.0026,0.0154
265557,DEB3G,Kusel,2020-03-04,10,-0.0082,0.0057,0.0154
265558,DEB3G,Kusel,2020-03-05,10,-0.0079,0.0159,0.0154
265559,DEB3G,Kusel,2020-03-06,10,0.0248,0.0175,0.0154
265560,DEB3G,Kusel,2020-03-07,10,0.017,0.012,0.0154
265561,DEB3G,Kusel,2020-03-08,10,0.0228,0.0087,0.0154
265562,DEB3G,Kusel,2020-03-09,11,0.0388,0.0093,-0.0186
265563,DEB3G,Kusel,2020-03-10,11,-0.0031,0.0064,-0.0186
265564,DEB3G,Kusel,2020-03-11,11,-0.0313,-0.0101,-0.0186
265565,DEB3G,Kusel,2020-03-12,11,-0.004,-0.0228,-0.0186
265566,DEB3G,Kusel,2020-03-13,11,0.0046,-0.0404,-0.0186
265567,DEB3G,Kusel,2020-03-14,11,-0.0982,-0.0588,-0.0186
265568,DEB3G,Kusel,2020-03-15,11,-0.0661,-0.0845,-0.0186
265569,DEB3G,Kusel,2020-03-16,12,-0.0845,-0.1158,-0.2334
265570,DEB3G,Kusel,2020-03-17,12,-0.1319,-0.15,-0.2334
265571,DEB3G,Kusel,2020-03-18,12,-0.2114,-0.198,-0.2334
265572,DEB3G,Kusel,2020-03-19,12,-0.2232,-0.2459,-0.2334
265573,DEB3G,Kusel,2020-03-20,12,-0.2344,-0.277,-0.2334
265574,DEB3G,Kusel,2020-03-21,12,-0.4345,-0.304,-0.2334
265575,DEB3G,Kusel,2020-03-22,12,-0.4015,-0.3201,-0.2334
265576,DEB3G,Kusel,2020-03-23,13,-0.3024,-0.3327,-0.3266
265577,DEB3G,Kusel,2020-03-24,13,-0.3207,-0.3429,-0.3266
265578,DEB3G,Kusel,2020-03-25,13,-0.3241,-0.3234,-0.3266
265579,DEB3G,Kusel,2020-03-26,13,-0.3115,-0.3338,-0.3266
265580,DEB3G,Kusel,2020-03-27,13,-0.3054,-0.3299,-0.3266
265581,DEB3G,Kusel,2020-03-28,13,-0.2984,-0.325,-0.3266
265582,DEB3G,Kusel,2020-03-29,13,-0.4743,-0.3147,-0.3266
265583,DEB3G,Kusel,2020-03-30,14,-0.275,-0.3062,-0.2606
265584,DEB3G,Kusel,2020-03-31,14,-0.2863,-0.2924,-0.2606
266371,DEB3H,Südliche Weinstraße,2020-03-01,9,-0.0084,0.032,0.0042
266372,DEB3H,Südliche Weinstraße,2020-03-02,10,0.0508,0.0257,0.0123
266373,DEB3H,Südliche Weinstraße,2020-03-03,10,0.0554,0.0193,0.0123
266374,DEB3H,Südliche Weinstraße,2020-03-04,10,0.0034,0.0093,0.0123
266375,DEB3H,Südliche Weinstraße,2020-03-05,10,-0.0282,0.0128,0.0123
266376,DEB3H,Südliche Weinstraße,2020-03-06,10,0.009,0.0138,0.0123
266377,DEB3H,Südliche Weinstraße,2020-03-07,10,-0.0172,0.0066,0.0123
266378,DEB3H,Südliche Weinstraße,2020-03-08,10,0.0166,0.0082,0.0123
266379,DEB3H,Südliche Weinstraße,2020-03-09,11,0.0578,0.0129,0.0144
266380,DEB3H,Südliche Weinstraße,2020-03-10,11,0.0049,0.0143,0.0144
266381,DEB3H,Südliche Weinstraße,2020-03-11,11,0.0145,0.0068,0.0144
266382,DEB3H,Südliche Weinstraße,2020-03-12,11,0.0044,0.0168,0.0144
266383,DEB3H,Südliche Weinstraße,2020-03-13,11,0.0193,0.0063,0.0144
266384,DEB3H,Südliche Weinstraße,2020-03-14,11,-0.0702,-0.0056,0.0144
266385,DEB3H,Südliche Weinstraße,2020-03-15,11,0.0871,-0.0291,0.0144
266386,DEB3H,Südliche Weinstraße,2020-03-16,12,-0.0158,-0.055,-0.2052
266387,DEB3H,Südliche Weinstraße,2020-03-17,12,-0.0783,-0.0821,-0.2052
266388,DEB3H,Südliche Weinstraße,2020-03-18,12,-0.1503,-0.1434,-0.2052
266389,DEB3H,Südliche Weinstraße,2020-03-19,12,-0.177,-0.2153,-0.2052
266390,DEB3H,Südliche Weinstraße,2020-03-20,12,-0.1703,-0.2469,-0.2052
266391,DEB3H,Südliche Weinstraße,2020-03-21,12,-0.4992,-0.2732,-0.2052
266392,DEB3H,Südliche Weinstraße,2020-03-22,12,-0.4159,-0.2944,-0.2052
266393,DEB3H,Südliche Weinstraße,2020-03-23,13,-0.2376,-0.3103,-0.2939
266394,DEB3H,Südliche Weinstraße,2020-03-24,13,-0.2624,-0.3255,-0.2939
266395,DEB3H,Südliche Weinstraße,2020-03-25,13,-0.2982,-0.2947,-0.2939
266396,DEB3H,Südliche Weinstraße,2020-03-26,13,-0.2888,-0.2998,-0.2939
266397,DEB3H,Südliche Weinstraße,2020-03-27,13,-0.2761,-0.297,-0.2939
266398,DEB3H,Südliche Weinstraße,2020-03-28,13,-0.284,-0.294,-0.2939
266399,DEB3H,Südliche Weinstraße,2020-03-29,13,-0.4516,-0.2836,-0.2939
266400,DEB3H,Südliche Weinstraße,2020-03-30,14,-0.2179,-0.2756,-0.2327
266401,DEB3H,Südliche Weinstraße,2020-03-31,14,-0.2411,-0.2674,-0.2327
267188,DEB3I,Rhein-Pfalz-Kreis,2020-03-01,9,0.0063,0.027,0.0173
267189,DEB3I,Rhein-Pfalz-Kreis,2020-03-02,10,-0.0073,0.0214,0.0154
267190,DEB3I,Rhein-Pfalz-Kreis,2020-03-03,10,0.0049,0.0176,0.0154
267191,DEB3I,Rhein-Pfalz-Kreis,2020-03-04,10,0.0412,0.0139,0.0154
267192,DEB3I,Rhein-Pfalz-Kreis,2020-03-05,10,-0.0015,0.0152,0.0154
267193,DEB3I,Rhein-Pfalz-Kreis,2020-03-06,10,0.0347,0.0251,0.0154
267194,DEB3I,Rhein-Pfalz-Kreis,2020-03-07,10,0.019,0.0209,0.0154
267195,DEB3I,Rhein-Pfalz-Kreis,2020-03-08,10,0.0152,0.0137,0.0154
267196,DEB3I,Rhein-Pfalz-Kreis,2020-03-09,11,0.0625,0.0152,-0.0019
267197,DEB3I,Rhein-Pfalz-Kreis,2020-03-10,11,-0.0251,0.0183,-0.0019
267198,DEB3I,Rhein-Pfalz-Kreis,2020-03-11,11,-0.0087,0.0026,-0.0019
267199,DEB3I,Rhein-Pfalz-Kreis,2020-03-12,11,0.0089,-0.0042,-0.0019
267200,DEB3I,Rhein-Pfalz-Kreis,2020-03-13,11,0.0566,-0.0198,-0.0019
267201,DEB3I,Rhein-Pfalz-Kreis,2020-03-14,11,-0.0908,-0.0327,-0.0019
267202,DEB3I,Rhein-Pfalz-Kreis,2020-03-15,11,-0.0326,-0.0548,-0.0019
267203,DEB3I,Rhein-Pfalz-Kreis,2020-03-16,12,-0.0467,-0.0848,-0.2276
267204,DEB3I,Rhein-Pfalz-Kreis,2020-03-17,12,-0.1155,-0.1228,-0.2276
267205,DEB3I,Rhein-Pfalz-Kreis,2020-03-18,12,-0.1637,-0.1794,-0.2276
267206,DEB3I,Rhein-Pfalz-Kreis,2020-03-19,12,-0.2009,-0.2383,-0.2276
267207,DEB3I,Rhein-Pfalz-Kreis,2020-03-20,12,-0.2097,-0.2736,-0.2276
267208,DEB3I,Rhein-Pfalz-Kreis,2020-03-21,12,-0.4869,-0.3027,-0.2276
267209,DEB3I,Rhein-Pfalz-Kreis,2020-03-22,12,-0.4447,-0.3253,-0.2276
267210,DEB3I,Rhein-Pfalz-Kreis,2020-03-23,13,-0.2938,-0.3424,-0.3284
267211,DEB3I,Rhein-Pfalz-Kreis,2020-03-24,13,-0.3193,-0.3538,-0.3284
267212,DEB3I,Rhein-Pfalz-Kreis,2020-03-25,13,-0.3219,-0.3274,-0.3284
267213,DEB3I,Rhein-Pfalz-Kreis,2020-03-26,13,-0.3204,-0.3359,-0.3284
267214,DEB3I,Rhein-Pfalz-Kreis,2020-03-27,13,-0.2896,-0.3307,-0.3284
267215,DEB3I,Rhein-Pfalz-Kreis,2020-03-28,13,-0.302,-0.3247,-0.3284
267216,DEB3I,Rhein-Pfalz-Kreis,2020-03-29,13,-0.5045,-0.3174,-0.3284
267217,DEB3I,Rhein-Pfalz-Kreis,2020-03-30,14,-0.2573,-0.303,-0.2495
267218,DEB3I,Rhein-Pfalz-Kreis,2020-03-31,14,-0.2774,-0.2884,-0.2495
268005,DEB3J,Mainz-Bingen,2020-03-01,9,-0.0049,0.0284,-0.0401
268006,DEB3J,Mainz-Bingen,2020-03-02,10,0.0734,0.0251,0.0331
268007,DEB3J,Mainz-Bingen,2020-03-03,10,0.0594,0.0267,0.0331
268008,DEB3J,Mainz-Bingen,2020-03-04,10,0.0275,0.0275,0.0331
268009,DEB3J,Mainz-Bingen,2020-03-05,10,-0.0115,0.0341,0.0331
268010,DEB3J,Mainz-Bingen,2020-03-06,10,0.0286,0.041,0.0331
268011,DEB3J,Mainz-Bingen,2020-03-07,10,0.0201,0.0337,0.0331
268012,DEB3J,Mainz-Bingen,2020-03-08,10,0.0408,0.0312,0.0331
268013,DEB3J,Mainz-Bingen,2020-03-09,11,0.1224,0.0336,0.0093
268014,DEB3J,Mainz-Bingen,2020-03-10,11,0.0083,0.0349,0.0093
268015,DEB3J,Mainz-Bingen,2020-03-11,11,0.0096,0.0177,0.0093
268016,DEB3J,Mainz-Bingen,2020-03-12,11,0.0056,0.0059,0.0093
268017,DEB3J,Mainz-Bingen,2020-03-13,11,0.0377,-0.0177,0.0093
268018,DEB3J,Mainz-Bingen,2020-03-14,11,-0.1004,-0.0434,0.0093
268019,DEB3J,Mainz-Bingen,2020-03-15,11,-0.0418,-0.0769,0.0093
268020,DEB3J,Mainz-Bingen,2020-03-16,12,-0.0429,-0.1158,-0.2533
268021,DEB3J,Mainz-Bingen,2020-03-17,12,-0.1718,-0.1617,-0.2533
268022,DEB3J,Mainz-Bingen,2020-03-18,12,-0.2248,-0.2107,-0.2533
268023,DEB3J,Mainz-Bingen,2020-03-19,12,-0.2663,-0.261,-0.2533
268024,DEB3J,Mainz-Bingen,2020-03-20,12,-0.2835,-0.3001,-0.2533
268025,DEB3J,Mainz-Bingen,2020-03-21,12,-0.4438,-0.3254,-0.2533
268026,DEB3J,Mainz-Bingen,2020-03-22,12,-0.3935,-0.3458,-0.2533
268027,DEB3J,Mainz-Bingen,2020-03-23,13,-0.3171,-0.361,-0.359
268028,DEB3J,Mainz-Bingen,2020-03-24,13,-0.349,-0.3683,-0.359
268029,DEB3J,Mainz-Bingen,2020-03-25,13,-0.3671,-0.3507,-0.359
268030,DEB3J,Mainz-Bingen,2020-03-26,13,-0.373,-0.365,-0.359
268031,DEB3J,Mainz-Bingen,2020-03-27,13,-0.335,-0.3598,-0.359
268032,DEB3J,Mainz-Bingen,2020-03-28,13,-0.3206,-0.3562,-0.359
268033,DEB3J,Mainz-Bingen,2020-03-29,13,-0.4936,-0.3486,-0.359
268034,DEB3J,Mainz-Bingen,2020-03-30,14,-0.2805,-0.3343,-0.2844
268035,DEB3J,Mainz-Bingen,2020-03-31,14,-0.3235,-0.3192,-0.2844
268822,DEB3K,Südwestpfalz,2020-03-01,9,-0.0772,0.0028,-0.0277
268823,DEB3K,Südwestpfalz,2020-03-02,10,0.0282,0.0039,0.0026
268824,DEB3K,Südwestpfalz,2020-03-03,10,0.0208,-0.0042,0.0026
268825,DEB3K,Südwestpfalz,2020-03-04,10,0.0025,-0.0085,0.0026
268826,DEB3K,Südwestpfalz,2020-03-05,10,-0.0126,0.0027,0.0026
268827,DEB3K,Südwestpfalz,2020-03-06,10,-0.0017,0.008,0.0026
268828,DEB3K,Südwestpfalz,2020-03-07,10,-0.0193,0.0026,0.0026
268829,DEB3K,Südwestpfalz,2020-03-08,10,0.001,-0.0,0.0026
268830,DEB3K,Südwestpfalz,2020-03-09,11,0.0652,0.0012,-0.0106
268831,DEB3K,Südwestpfalz,2020-03-10,11,-0.0171,0.0023,-0.0106
268832,DEB3K,Südwestpfalz,2020-03-11,11,-0.0155,-0.0112,-0.0106
268833,DEB3K,Südwestpfalz,2020-03-12,11,-0.0044,-0.0104,-0.0106
268834,DEB3K,Südwestpfalz,2020-03-13,11,0.0064,-0.0252,-0.0106
268835,DEB3K,Südwestpfalz,2020-03-14,11,-0.1138,-0.0388,-0.0106
268836,DEB3K,Südwestpfalz,2020-03-15,11,0.0063,-0.0625,-0.0106
268837,DEB3K,Südwestpfalz,2020-03-16,12,-0.0386,-0.0917,-0.2458
268838,DEB3K,Südwestpfalz,2020-03-17,12,-0.1121,-0.1247,-0.2458
268839,DEB3K,Südwestpfalz,2020-03-18,12,-0.1814,-0.1831,-0.2458
268840,DEB3K,Südwestpfalz,2020-03-19,12,-0.2085,-0.2593,-0.2458
268841,DEB3K,Südwestpfalz,2020-03-20,12,-0.2247,-0.2982,-0.2458
268842,DEB3K,Südwestpfalz,2020-03-21,12,-0.5231,-0.3289,-0.2458
268843,DEB3K,Südwestpfalz,2020-03-22,12,-0.5271,-0.3519,-0.2458
268844,DEB3K,Südwestpfalz,2020-03-23,13,-0.311,-0.3688,-0.3481
268845,DEB3K,Südwestpfalz,2020-03-24,13,-0.3269,-0.3817,-0.3481
268846,DEB3K,Südwestpfalz,2020-03-25,13,-0.3424,-0.3575,-0.3481
268847,DEB3K,Südwestpfalz,2020-03-26,13,-0.3264,-0.3556,-0.3481
268848,DEB3K,Südwestpfalz,2020-03-27,13,-0.3147,-0.3497,-0.3481
268849,DEB3K,Südwestpfalz,2020-03-28,13,-0.3543,-0.3446,-0.3481
268850,DEB3K,Südwestpfalz,2020-03-29,13,-0.5137,-0.3349,-0.3481
268851,DEB3K,Südwestpfalz,2020-03-30,14,-0.2697,-0.326,-0.2767
268852,DEB3K,Südwestpfalz,2020-03-31,14,-0.2912,-0.3143,-0.2767
269639,DEC01,Regionalverband Saarbrücken,2020-03-01,9,0.0377,0.0452,-0.0244
269640,DEC01,Regionalverband Saarbrücken,2020-03-02,10,0.0761,0.0455,0.0389
269641,DEC01,Regionalverband Saarbrücken,2020-03-03,10,0.0748,0.0393,0.0389
269642,DEC01,Regionalverband Saarbrücken,2020-03-04,10,0.0324,0.038,0.0389
269643,DEC01,Regionalverband Saarbrücken,2020-03-05,10,-0.0006,0.0401,0.0389
269644,DEC01,Regionalverband Saarbrücken,2020-03-06,10,0.0217,0.0455,0.0389
269645,DEC01,Regionalverband Saarbrücken,2020-03-07,10,0.024,0.0358,0.0389
269646,DEC01,Regionalverband Saarbrücken,2020-03-08,10,0.0527,0.0322,0.0389
269647,DEC01,Regionalverband Saarbrücken,2020-03-09,11,0.1138,0.0299,-0.0106
269648,DEC01,Regionalverband Saarbrücken,2020-03-10,11,0.0065,0.0257,-0.0106
269649,DEC01,Regionalverband Saarbrücken,2020-03-11,11,0.0073,0.0035,-0.0106
269650,DEC01,Regionalverband Saarbrücken,2020-03-12,11,-0.0166,-0.017,-0.0106
269651,DEC01,Regionalverband Saarbrücken,2020-03-13,11,-0.0078,-0.0449,-0.0106
269652,DEC01,Regionalverband Saarbrücken,2020-03-14,11,-0.1312,-0.0734,-0.0106
269653,DEC01,Regionalverband Saarbrücken,2020-03-15,11,-0.0907,-0.1132,-0.0106
269654,DEC01,Regionalverband Saarbrücken,2020-03-16,12,-0.0819,-0.1561,-0.3031
269655,DEC01,Regionalverband Saarbrücken,2020-03-17,12,-0.1929,-0.2004,-0.3031
269656,DEC01,Regionalverband Saarbrücken,2020-03-18,12,-0.2715,-0.2606,-0.3031
269657,DEC01,Regionalverband Saarbrücken,2020-03-19,12,-0.3167,-0.3174,-0.3031
269658,DEC01,Regionalverband Saarbrücken,2020-03-20,12,-0.3178,-0.3589,-0.3031
269659,DEC01,Regionalverband Saarbrücken,2020-03-21,12,-0.5528,-0.3891,-0.3031
269660,DEC01,Regionalverband Saarbrücken,2020-03-22,12,-0.4883,-0.4105,-0.3031
269661,DEC01,Regionalverband Saarbrücken,2020-03-23,13,-0.3725,-0.4261,-0.4163
269662,DEC01,Regionalverband Saarbrücken,2020-03-24,13,-0.4043,-0.4388,-0.4163
269663,DEC01,Regionalverband Saarbrücken,2020-03-25,13,-0.4209,-0.4183,-0.4163
269664,DEC01,Regionalverband Saarbrücken,2020-03-26,13,-0.4257,-0.4213,-0.4163
269665,DEC01,Regionalverband Saarbrücken,2020-03-27,13,-0.4068,-0.4178,-0.4163
269666,DEC01,Regionalverband Saarbrücken,2020-03-28,13,-0.4095,-0.4137,-0.4163
269667,DEC01,Regionalverband Saarbrücken,2020-03-29,13,-0.5091,-0.4059,-0.4163
269668,DEC01,Regionalverband Saarbrücken,2020-03-30,14,-0.3483,-0.396,-0.36
269669,DEC01,Regionalverband Saarbrücken,2020-03-31,14,-0.3757,-0.3839,-0.36
270456,DEC02,Merzig-Wadern,2020-03-01,9,-0.059,-0.0068,-0.0811
270457,DEC02,Merzig-Wadern,2020-03-02,10,0.0556,0.0002,0.0071
270458,DEC02,Merzig-Wadern,2020-03-03,10,0.0417,-0.0037,0.0071
270459,DEC02,Merzig-Wadern,2020-03-04,10,0.0054,-0.0005,0.0071
270460,DEC02,Merzig-Wadern,2020-03-05,10,-0.0223,0.0065,0.0071
270461,DEC02,Merzig-Wadern,2020-03-06,10,-0.0099,0.0067,0.0071
270462,DEC02,Merzig-Wadern,2020-03-07,10,-0.0154,-0.0012,0.0071
270463,DEC02,Merzig-Wadern,2020-03-08,10,-0.0097,-0.0015,0.0071
270464,DEC02,Merzig-Wadern,2020-03-09,11,0.0573,-0.0007,-0.0209
270465,DEC02,Merzig-Wadern,2020-03-10,11,-0.0139,0.0011,-0.0209
270466,DEC02,Merzig-Wadern,2020-03-11,11,0.0036,-0.0181,-0.0209
270467,DEC02,Merzig-Wadern,2020-03-12,11,-0.017,-0.0245,-0.0209
270468,DEC02,Merzig-Wadern,2020-03-13,11,0.0031,-0.0455,-0.0209
270469,DEC02,Merzig-Wadern,2020-03-14,11,-0.1502,-0.0662,-0.0209
270470,DEC02,Merzig-Wadern,2020-03-15,11,-0.054,-0.1016,-0.0209
270471,DEC02,Merzig-Wadern,2020-03-16,12,-0.09,-0.1394,-0.292
270472,DEC02,Merzig-Wadern,2020-03-17,12,-0.1587,-0.1805,-0.292
270473,DEC02,Merzig-Wadern,2020-03-18,12,-0.2444,-0.2391,-0.292
270474,DEC02,Merzig-Wadern,2020-03-19,12,-0.2818,-0.3077,-0.292
270475,DEC02,Merzig-Wadern,2020-03-20,12,-0.2847,-0.3479,-0.292
270476,DEC02,Merzig-Wadern,2020-03-21,12,-0.5604,-0.3804,-0.292
270477,DEC02,Merzig-Wadern,2020-03-22,12,-0.5336,-0.3999,-0.292
270478,DEC02,Merzig-Wadern,2020-03-23,13,-0.3716,-0.4166,-0.3961
270479,DEC02,Merzig-Wadern,2020-03-24,13,-0.3864,-0.4296,-0.3961
270480,DEC02,Merzig-Wadern,2020-03-25,13,-0.3811,-0.404,-0.3961
270481,DEC02,Merzig-Wadern,2020-03-26,13,-0.3982,-0.4026,-0.3961
270482,DEC02,Merzig-Wadern,2020-03-27,13,-0.3756,-0.3957,-0.3961
270483,DEC02,Merzig-Wadern,2020-03-28,13,-0.3814,-0.3915,-0.3961
270484,DEC02,Merzig-Wadern,2020-03-29,13,-0.524,-0.3882,-0.3961
270485,DEC02,Merzig-Wadern,2020-03-30,14,-0.3232,-0.3796,-0.3522
270486,DEC02,Merzig-Wadern,2020-03-31,14,-0.3571,-0.371,-0.3522
271273,DEC03,Neunkirchen,2020-03-01,9,0.0069,0.0397,-0.0134
271274,DEC03,Neunkirchen,2020-03-02,10,0.1073,0.0452,0.0488
271275,DEC03,Neunkirchen,2020-03-03,10,0.0779,0.0426,0.0488
271276,DEC03,Neunkirchen,2020-03-04,10,0.0271,0.0459,0.0488
271277,DEC03,Neunkirchen,2020-03-05,10,0.0157,0.048,0.0488
271278,DEC03,Neunkirchen,2020-03-06,10,0.0376,0.0502,0.0488
271279,DEC03,Neunkirchen,2020-03-07,10,0.049,0.0419,0.0488
271280,DEC03,Neunkirchen,2020-03-08,10,0.0211,0.0427,0.0488
271281,DEC03,Neunkirchen,2020-03-09,11,0.123,0.0447,0.0277
271282,DEC03,Neunkirchen,2020-03-10,11,0.0196,0.0435,0.0277
271283,DEC03,Neunkirchen,2020-03-11,11,0.0328,0.0259,0.0277
271284,DEC03,Neunkirchen,2020-03-12,11,0.0298,0.0261,0.0277
271285,DEC03,Neunkirchen,2020-03-13,11,0.029,0.0049,0.0277
271286,DEC03,Neunkirchen,2020-03-14,11,-0.0739,-0.0147,0.0277
271287,DEC03,Neunkirchen,2020-03-15,11,0.0223,-0.0474,0.0277
271288,DEC03,Neunkirchen,2020-03-16,12,-0.0255,-0.085,-0.2339
271289,DEC03,Neunkirchen,2020-03-17,12,-0.1172,-0.1227,-0.2339
271290,DEC03,Neunkirchen,2020-03-18,12,-0.1964,-0.1837,-0.2339
271291,DEC03,Neunkirchen,2020-03-19,12,-0.2336,-0.2486,-0.2339
271292,DEC03,Neunkirchen,2020-03-20,12,-0.2349,-0.2899,-0.2339
271293,DEC03,Neunkirchen,2020-03-21,12,-0.5008,-0.3226,-0.2339
271294,DEC03,Neunkirchen,2020-03-22,12,-0.4317,-0.3443,-0.2339
271295,DEC03,Neunkirchen,2020-03-23,13,-0.3147,-0.3618,-0.348
271296,DEC03,Neunkirchen,2020-03-24,13,-0.3462,-0.3747,-0.348
271297,DEC03,Neunkirchen,2020-03-25,13,-0.3486,-0.3507,-0.348
271298,DEC03,Neunkirchen,2020-03-26,13,-0.3558,-0.3535,-0.348
271299,DEC03,Neunkirchen,2020-03-27,13,-0.3248,-0.3472,-0.348
271300,DEC03,Neunkirchen,2020-03-28,13,-0.3329,-0.3413,-0.348
271301,DEC03,Neunkirchen,2020-03-29,13,-0.4516,-0.3329,-0.348
271302,DEC03,Neunkirchen,2020-03-30,14,-0.2706,-0.3234,-0.2912
271303,DEC03,Neunkirchen,2020-03-31,14,-0.305,-0.3137,-0.2912
272090,DEC04,Saarlouis,2020-03-01,9,0.0085,0.0337,-0.0468
272091,DEC04,Saarlouis,2020-03-02,10,0.0907,0.0393,0.0554
272092,DEC04,Saarlouis,2020-03-03,10,0.0813,0.0417,0.0554
272093,DEC04,Saarlouis,2020-03-04,10,0.0508,0.0481,0.0554
272094,DEC04,Saarlouis,2020-03-05,10,0.0145,0.0563,0.0554
272095,DEC04,Saarlouis,2020-03-06,10,0.0474,0.0602,0.0554
272096,DEC04,Saarlouis,2020-03-07,10,0.0434,0.0536,0.0554
272097,DEC04,Saarlouis,2020-03-08,10,0.0663,0.0532,0.0554
272098,DEC04,Saarlouis,2020-03-09,11,0.1178,0.055,0.0271
272099,DEC04,Saarlouis,2020-03-10,11,0.0353,0.0539,0.0271
272100,DEC04,Saarlouis,2020-03-11,11,0.048,0.0352,0.0271
272101,DEC04,Saarlouis,2020-03-12,11,0.0269,0.0224,0.0271
272102,DEC04,Saarlouis,2020-03-13,11,0.0394,-0.0014,0.0271
272103,DEC04,Saarlouis,2020-03-14,11,-0.0872,-0.025,0.0271
272104,DEC04,Saarlouis,2020-03-15,11,-0.0235,-0.0616,0.0271
272105,DEC04,Saarlouis,2020-03-16,12,-0.0485,-0.1024,-0.2523
272106,DEC04,Saarlouis,2020-03-17,12,-0.1298,-0.1461,-0.2523
272107,DEC04,Saarlouis,2020-03-18,12,-0.2085,-0.207,-0.2523
272108,DEC04,Saarlouis,2020-03-19,12,-0.2586,-0.267,-0.2523
272109,DEC04,Saarlouis,2020-03-20,12,-0.2667,-0.3087,-0.2523
272110,DEC04,Saarlouis,2020-03-21,12,-0.5135,-0.342,-0.2523
272111,DEC04,Saarlouis,2020-03-22,12,-0.4433,-0.3645,-0.2523
272112,DEC04,Saarlouis,2020-03-23,13,-0.3407,-0.3802,-0.3652
272113,DEC04,Saarlouis,2020-03-24,13,-0.363,-0.3915,-0.3652
272114,DEC04,Saarlouis,2020-03-25,13,-0.3657,-0.3688,-0.3652
272115,DEC04,Saarlouis,2020-03-26,13,-0.3683,-0.3699,-0.3652
272116,DEC04,Saarlouis,2020-03-27,13,-0.3462,-0.3632,-0.3652
272117,DEC04,Saarlouis,2020-03-28,13,-0.3544,-0.3588,-0.3652
272118,DEC04,Saarlouis,2020-03-29,13,-0.4512,-0.3499,-0.3652
272119,DEC04,Saarlouis,2020-03-30,14,-0.2932,-0.3397,-0.3039
272120,DEC04,Saarlouis,2020-03-31,14,-0.3323,-0.3285,-0.3039
272907,DEC05,Saarpfalz-Kreis,2020-03-01,9,-0.0436,-0.0044,-0.0648
272908,DEC05,Saarpfalz-Kreis,2020-03-02,10,0.0536,-0.0038,0.0053
272909,DEC05,Saarpfalz-Kreis,2020-03-03,10,0.0305,-0.0068,0.0053
272910,DEC05,Saarpfalz-Kreis,2020-03-04,10,-0.007,0.0001,0.0053
272911,DEC05,Saarpfalz-Kreis,2020-03-05,10,-0.0316,0.0057,0.0053
272912,DEC05,Saarpfalz-Kreis,2020-03-06,10,-0.017,0.0079,0.0053
272913,DEC05,Saarpfalz-Kreis,2020-03-07,10,0.0162,-0.0021,0.0053
272914,DEC05,Saarpfalz-Kreis,2020-03-08,10,-0.0045,-0.0063,0.0053
272915,DEC05,Saarpfalz-Kreis,2020-03-09,11,0.0689,-0.0074,-0.0346
272916,DEC05,Saarpfalz-Kreis,2020-03-10,11,-0.0399,-0.0083,-0.0346
272917,DEC05,Saarpfalz-Kreis,2020-03-11,11,-0.036,-0.0283,-0.0346
272918,DEC05,Saarpfalz-Kreis,2020-03-12,11,-0.0396,-0.0394,-0.0346
272919,DEC05,Saarpfalz-Kreis,2020-03-13,11,-0.0233,-0.0623,-0.0346
272920,DEC05,Saarpfalz-Kreis,2020-03-14,11,-0.124,-0.0813,-0.0346
272921,DEC05,Saarpfalz-Kreis,2020-03-15,11,-0.0821,-0.111,-0.0346
272922,DEC05,Saarpfalz-Kreis,2020-03-16,12,-0.0913,-0.1448,-0.2822
272923,DEC05,Saarpfalz-Kreis,2020-03-17,12,-0.1725,-0.1824,-0.2822
272924,DEC05,Saarpfalz-Kreis,2020-03-18,12,-0.244,-0.2418,-0.2822
272925,DEC05,Saarpfalz-Kreis,2020-03-19,12,-0.2765,-0.3022,-0.2822
272926,DEC05,Saarpfalz-Kreis,2020-03-20,12,-0.2863,-0.3391,-0.2822
272927,DEC05,Saarpfalz-Kreis,2020-03-21,12,-0.5398,-0.3706,-0.2822
272928,DEC05,Saarpfalz-Kreis,2020-03-22,12,-0.5051,-0.3939,-0.2822
272929,DEC05,Saarpfalz-Kreis,2020-03-23,13,-0.3491,-0.4125,-0.4011
272930,DEC05,Saarpfalz-Kreis,2020-03-24,13,-0.3932,-0.4263,-0.4011
272931,DEC05,Saarpfalz-Kreis,2020-03-25,13,-0.4069,-0.405,-0.4011
272932,DEC05,Saarpfalz-Kreis,2020-03-26,13,-0.407,-0.4085,-0.4011
272933,DEC05,Saarpfalz-Kreis,2020-03-27,13,-0.3832,-0.4056,-0.4011
272934,DEC05,Saarpfalz-Kreis,2020-03-28,13,-0.3907,-0.4022,-0.4011
272935,DEC05,Saarpfalz-Kreis,2020-03-29,13,-0.5293,-0.393,-0.4011
272936,DEC05,Saarpfalz-Kreis,2020-03-30,14,-0.3291,-0.3772,-0.3257
272937,DEC05,Saarpfalz-Kreis,2020-03-31,14,-0.3689,-0.3598,-0.3257
273724,DEC06,St. Wendel,2020-03-01,9,-0.0593,-0.0352,-0.0995
273725,DEC06,St. Wendel,2020-03-02,10,0.0146,-0.0257,-0.0261
273726,DEC06,St. Wendel,2020-03-03,10,-0.0052,-0.0283,-0.0261
273727,DEC06,St. Wendel,2020-03-04,10,-0.0344,-0.0281,-0.0261
273728,DEC06,St. Wendel,2020-03-05,10,-0.053,-0.0269,-0.0261
273729,DEC06,St. Wendel,2020-03-06,10,-0.0358,-0.0252,-0.0261
273730,DEC06,St. Wendel,2020-03-07,10,-0.0234,-0.0315,-0.0261
273731,DEC06,St. Wendel,2020-03-08,10,-0.051,-0.0325,-0.0261
273732,DEC06,St. Wendel,2020-03-09,11,0.026,-0.0322,-0.0525
273733,DEC06,St. Wendel,2020-03-10,11,-0.0487,-0.0328,-0.0525
273734,DEC06,St. Wendel,2020-03-11,11,-0.0413,-0.0512,-0.0525
273735,DEC06,St. Wendel,2020-03-12,11,-0.0512,-0.056,-0.0525
273736,DEC06,St. Wendel,2020-03-13,11,-0.0401,-0.0796,-0.0525
273737,DEC06,St. Wendel,2020-03-14,11,-0.152,-0.1025,-0.0525
273738,DEC06,St. Wendel,2020-03-15,11,-0.0849,-0.1364,-0.0525
273739,DEC06,St. Wendel,2020-03-16,12,-0.1386,-0.1743,-0.326
273740,DEC06,St. Wendel,2020-03-17,12,-0.2094,-0.2143,-0.326
273741,DEC06,St. Wendel,2020-03-18,12,-0.2785,-0.2763,-0.326
273742,DEC06,St. Wendel,2020-03-19,12,-0.3163,-0.342,-0.326
273743,DEC06,St. Wendel,2020-03-20,12,-0.3206,-0.3803,-0.326
273744,DEC06,St. Wendel,2020-03-21,12,-0.5855,-0.4109,-0.326
273745,DEC06,St. Wendel,2020-03-22,12,-0.5447,-0.4313,-0.326
273746,DEC06,St. Wendel,2020-03-23,13,-0.4072,-0.4466,-0.4324
273747,DEC06,St. Wendel,2020-03-24,13,-0.4233,-0.459,-0.4324
273748,DEC06,St. Wendel,2020-03-25,13,-0.4212,-0.433,-0.4324
273749,DEC06,St. Wendel,2020-03-26,13,-0.4235,-0.4403,-0.4324
273750,DEC06,St. Wendel,2020-03-27,13,-0.4074,-0.4328,-0.4324
273751,DEC06,St. Wendel,2020-03-28,13,-0.404,-0.4287,-0.4324
273752,DEC06,St. Wendel,2020-03-29,13,-0.5953,-0.4188,-0.4324
273753,DEC06,St. Wendel,2020-03-30,14,-0.355,-0.4096,-0.3733
273754,DEC06,St. Wendel,2020-03-31,14,-0.3946,-0.3991,-0.3733
274541,DED21,"Dresden, Kreisfreie Stadt",2020-03-01,9,0.0593,0.04,0.0777
274542,DED21,"Dresden, Kreisfreie Stadt",2020-03-02,10,0.0105,0.0317,0.0215
274543,DED21,"Dresden, Kreisfreie Stadt",2020-03-03,10,-0.0111,0.0262,0.0215
274544,DED21,"Dresden, Kreisfreie Stadt",2020-03-04,10,0.0227,0.0166,0.0215
274545,DED21,"Dresden, Kreisfreie Stadt",2020-03-05,10,0.0283,0.0271,0.0215
274546,DED21,"Dresden, Kreisfreie Stadt",2020-03-06,10,0.0271,0.0288,0.0215
274547,DED21,"Dresden, Kreisfreie Stadt",2020-03-07,10,-0.0206,0.028,0.0215
274548,DED21,"Dresden, Kreisfreie Stadt",2020-03-08,10,0.1331,0.0218,0.0215
274549,DED21,"Dresden, Kreisfreie Stadt",2020-03-09,11,0.0218,0.0181,-0.0141
274550,DED21,"Dresden, Kreisfreie Stadt",2020-03-10,11,-0.0166,0.0135,-0.0141
274551,DED21,"Dresden, Kreisfreie Stadt",2020-03-11,11,-0.0205,0.0062,-0.0141
274552,DED21,"Dresden, Kreisfreie Stadt",2020-03-12,11,0.002,-0.0163,-0.0141
274553,DED21,"Dresden, Kreisfreie Stadt",2020-03-13,11,-0.0051,-0.0294,-0.0141
274554,DED21,"Dresden, Kreisfreie Stadt",2020-03-14,11,-0.0717,-0.0489,-0.0141
274555,DED21,"Dresden, Kreisfreie Stadt",2020-03-15,11,-0.0243,-0.0713,-0.0141
274556,DED21,"Dresden, Kreisfreie Stadt",2020-03-16,12,-0.0695,-0.1075,-0.2416
274557,DED21,"Dresden, Kreisfreie Stadt",2020-03-17,12,-0.1529,-0.1536,-0.2416
274558,DED21,"Dresden, Kreisfreie Stadt",2020-03-18,12,-0.1777,-0.2059,-0.2416
274559,DED21,"Dresden, Kreisfreie Stadt",2020-03-19,12,-0.2511,-0.2536,-0.2416
274560,DED21,"Dresden, Kreisfreie Stadt",2020-03-20,12,-0.3279,-0.295,-0.2416
274561,DED21,"Dresden, Kreisfreie Stadt",2020-03-21,12,-0.4376,-0.3268,-0.2416
274562,DED21,"Dresden, Kreisfreie Stadt",2020-03-22,12,-0.3582,-0.3562,-0.2416
274563,DED21,"Dresden, Kreisfreie Stadt",2020-03-23,13,-0.3595,-0.3762,-0.3814
274564,DED21,"Dresden, Kreisfreie Stadt",2020-03-24,13,-0.3754,-0.3803,-0.3814
274565,DED21,"Dresden, Kreisfreie Stadt",2020-03-25,13,-0.3839,-0.3694,-0.3814
274566,DED21,"Dresden, Kreisfreie Stadt",2020-03-26,13,-0.3907,-0.3869,-0.3814
274567,DED21,"Dresden, Kreisfreie Stadt",2020-03-27,13,-0.3568,-0.3861,-0.3814
274568,DED21,"Dresden, Kreisfreie Stadt",2020-03-28,13,-0.3612,-0.3868,-0.3814
274569,DED21,"Dresden, Kreisfreie Stadt",2020-03-29,13,-0.4807,-0.3843,-0.3814
274570,DED21,"Dresden, Kreisfreie Stadt",2020-03-30,14,-0.354,-0.3798,-0.3532
274571,DED21,"Dresden, Kreisfreie Stadt",2020-03-31,14,-0.3804,-0.3747,-0.3532
275358,DED2C,Bautzen,2020-03-01,9,-0.0126,0.0869,0.1489
275359,DED2C,Bautzen,2020-03-02,10,0.058,0.0708,0.0524
275360,DED2C,Bautzen,2020-03-03,10,0.0412,0.0577,0.0524
275361,DED2C,Bautzen,2020-03-04,10,0.0645,0.0386,0.0524
275362,DED2C,Bautzen,2020-03-05,10,0.0607,0.0522,0.0524
275363,DED2C,Bautzen,2020-03-06,10,0.065,0.0532,0.0524
275364,DED2C,Bautzen,2020-03-07,10,-0.0065,0.0552,0.0524
275365,DED2C,Bautzen,2020-03-08,10,0.0823,0.0531,0.0524
275366,DED2C,Bautzen,2020-03-09,11,0.0649,0.0489,0.0369
275367,DED2C,Bautzen,2020-03-10,11,0.0557,0.0486,0.0369
275368,DED2C,Bautzen,2020-03-11,11,0.0498,0.0487,0.0369
275369,DED2C,Bautzen,2020-03-12,11,0.0309,0.0293,0.0369
275370,DED2C,Bautzen,2020-03-13,11,0.0629,0.0195,0.0369
275371,DED2C,Bautzen,2020-03-14,11,-0.0057,0.008,0.0369
275372,DED2C,Bautzen,2020-03-15,11,-0.0537,0.0108,0.0369
275373,DED2C,Bautzen,2020-03-16,12,-0.0032,-0.0111,-0.1132
275374,DED2C,Bautzen,2020-03-17,12,-0.0252,-0.0503,-0.1132
275375,DED2C,Bautzen,2020-03-18,12,0.0699,-0.0934,-0.1132
275376,DED2C,Bautzen,2020-03-19,12,-0.1226,-0.1364,-0.1132
275377,DED2C,Bautzen,2020-03-20,12,-0.2113,-0.1775,-0.1132
275378,DED2C,Bautzen,2020-03-21,12,-0.3074,-0.2176,-0.1132
275379,DED2C,Bautzen,2020-03-22,12,-0.3551,-0.272,-0.1132
275380,DED2C,Bautzen,2020-03-23,13,-0.291,-0.2988,-0.3256
275381,DED2C,Bautzen,2020-03-24,13,-0.3057,-0.3097,-0.3256
275382,DED2C,Bautzen,2020-03-25,13,-0.3113,-0.3141,-0.3256
275383,DED2C,Bautzen,2020-03-26,13,-0.3101,-0.3408,-0.3256
275384,DED2C,Bautzen,2020-03-27,13,-0.2876,-0.3399,-0.3256
275385,DED2C,Bautzen,2020-03-28,13,-0.3378,-0.3391,-0.3256
275386,DED2C,Bautzen,2020-03-29,13,-0.5419,-0.336,-0.3256
275387,DED2C,Bautzen,2020-03-30,14,-0.285,-0.3315,-0.3047
275388,DED2C,Bautzen,2020-03-31,14,-0.3004,-0.3229,-0.3047
276175,DED2D,Görlitz,2020-03-01,9,-0.015,0.0817,0.1775
276176,DED2D,Görlitz,2020-03-02,10,0.0512,0.0488,-0.0079
276177,DED2D,Görlitz,2020-03-03,10,0.0026,0.0166,-0.0079
276178,DED2D,Görlitz,2020-03-04,10,0.0071,-0.0151,-0.0079
276179,DED2D,Görlitz,2020-03-05,10,-0.0128,-0.0095,-0.0079
276180,DED2D,Görlitz,2020-03-06,10,-0.0089,-0.0118,-0.0079
276181,DED2D,Görlitz,2020-03-07,10,-0.1303,-0.0107,-0.0079
276182,DED2D,Görlitz,2020-03-08,10,0.0246,-0.0113,-0.0079
276183,DED2D,Görlitz,2020-03-09,11,0.0348,-0.0093,-0.0263
276184,DED2D,Görlitz,2020-03-10,11,0.0108,-0.0059,-0.0263
276185,DED2D,Görlitz,2020-03-11,11,0.0023,-0.0027,-0.0263
276186,DED2D,Görlitz,2020-03-12,11,0.0016,-0.0391,-0.0263
276187,DED2D,Görlitz,2020-03-13,11,0.0151,-0.057,-0.0263
276188,DED2D,Görlitz,2020-03-14,11,-0.1085,-0.0718,-0.0263
276189,DED2D,Görlitz,2020-03-15,11,-0.2299,-0.0872,-0.0263
276190,DED2D,Görlitz,2020-03-16,12,-0.0906,-0.1166,-0.2404
276191,DED2D,Görlitz,2020-03-17,12,-0.0926,-0.1679,-0.2404
276192,DED2D,Görlitz,2020-03-18,12,-0.1055,-0.2198,-0.2404
276193,DED2D,Görlitz,2020-03-19,12,-0.2045,-0.2605,-0.2404
276194,DED2D,Görlitz,2020-03-20,12,-0.3437,-0.3012,-0.2404
276195,DED2D,Görlitz,2020-03-21,12,-0.4719,-0.3456,-0.2404
276196,DED2D,Görlitz,2020-03-22,12,-0.5148,-0.3858,-0.2404
276197,DED2D,Görlitz,2020-03-23,13,-0.3756,-0.4147,-0.4381
276198,DED2D,Görlitz,2020-03-24,13,-0.403,-0.4258,-0.4381
276199,DED2D,Görlitz,2020-03-25,13,-0.3871,-0.4312,-0.4381
276200,DED2D,Görlitz,2020-03-26,13,-0.4069,-0.4512,-0.4381
276201,DED2D,Görlitz,2020-03-27,13,-0.4216,-0.4542,-0.4381
276202,DED2D,Görlitz,2020-03-28,13,-0.5091,-0.4572,-0.4381
276203,DED2D,Görlitz,2020-03-29,13,-0.6553,-0.4661,-0.4381
276204,DED2D,Görlitz,2020-03-30,14,-0.3967,-0.4726,-0.4591
276205,DED2D,Görlitz,2020-03-31,14,-0.4239,-0.472,-0.4591
276992,DED2E,Meißen,2020-03-01,9,-0.046,-0.0061,0.0411
276993,DED2E,Meißen,2020-03-02,10,-0.0257,-0.0155,-0.0283
276994,DED2E,Meißen,2020-03-03,10,-0.0488,-0.0232,-0.0283
276995,DED2E,Meißen,2020-03-04,10,-0.0207,-0.0345,-0.0283
276996,DED2E,Meißen,2020-03-05,10,-0.0157,-0.028,-0.0283
276997,DED2E,Meißen,2020-03-06,10,-0.0094,-0.0274,-0.0283
276998,DED2E,Meißen,2020-03-07,10,-0.0754,-0.0265,-0.0283
276999,DED2E,Meißen,2020-03-08,10,-0.0006,-0.0281,-0.0283
277000,DED2E,Meißen,2020-03-09,11,-0.0213,-0.0315,-0.0444
277001,DED2E,Meißen,2020-03-10,11,-0.0423,-0.0361,-0.0444
277002,DED2E,Meißen,2020-03-11,11,-0.0317,-0.0381,-0.0444
277003,DED2E,Meißen,2020-03-12,11,-0.04,-0.0467,-0.0444
277004,DED2E,Meißen,2020-03-13,11,-0.0413,-0.0544,-0.0444
277005,DED2E,Meißen,2020-03-14,11,-0.0896,-0.0692,-0.0444
277006,DED2E,Meißen,2020-03-15,11,-0.061,-0.0843,-0.0444
277007,DED2E,Meißen,2020-03-16,12,-0.0752,-0.1059,-0.2031
277008,DED2E,Meißen,2020-03-17,12,-0.1455,-0.1376,-0.2031
277009,DED2E,Meißen,2020-03-18,12,-0.1376,-0.1743,-0.2031
277010,DED2E,Meißen,2020-03-19,12,-0.191,-0.2166,-0.2031
277011,DED2E,Meißen,2020-03-20,12,-0.263,-0.251,-0.2031
277012,DED2E,Meißen,2020-03-21,12,-0.3466,-0.2777,-0.2031
277013,DED2E,Meißen,2020-03-22,12,-0.3571,-0.3057,-0.2031
277014,DED2E,Meißen,2020-03-23,13,-0.3165,-0.3259,-0.3461
277015,DED2E,Meißen,2020-03-24,13,-0.332,-0.3313,-0.3461
277016,DED2E,Meißen,2020-03-25,13,-0.3336,-0.3327,-0.3461
277017,DED2E,Meißen,2020-03-26,13,-0.3328,-0.3583,-0.3461
277018,DED2E,Meißen,2020-03-27,13,-0.3006,-0.3587,-0.3461
277019,DED2E,Meißen,2020-03-28,13,-0.3564,-0.3566,-0.3461
277020,DED2E,Meißen,2020-03-29,13,-0.5359,-0.3491,-0.3461
277021,DED2E,Meißen,2020-03-30,14,-0.3196,-0.3373,-0.2883
277022,DED2E,Meißen,2020-03-31,14,-0.3172,-0.3247,-0.2883
277809,DED2F,Sächsische Schweiz-Osterzgebirge,2020-03-01,9,-0.0233,-0.0072,0.0293
277810,DED2F,Sächsische Schweiz-Osterzgebirge,2020-03-02,10,-0.0117,-0.0151,-0.0338
277811,DED2F,Sächsische Schweiz-Osterzgebirge,2020-03-03,10,-0.0297,-0.025,-0.0338
277812,DED2F,Sächsische Schweiz-Osterzgebirge,2020-03-04,10,-0.0269,-0.0394,-0.0338
277813,DED2F,Sächsische Schweiz-Osterzgebirge,2020-03-05,10,-0.0104,-0.0326,-0.0338
277814,DED2F,Sächsische Schweiz-Osterzgebirge,2020-03-06,10,-0.0435,-0.0323,-0.0338
277815,DED2F,Sächsische Schweiz-Osterzgebirge,2020-03-07,10,-0.1306,-0.0303,-0.0338
277816,DED2F,Sächsische Schweiz-Osterzgebirge,2020-03-08,10,0.0247,-0.0343,-0.0338
277817,DED2F,Sächsische Schweiz-Osterzgebirge,2020-03-09,11,-0.01,-0.0343,-0.0433
277818,DED2F,Sächsische Schweiz-Osterzgebirge,2020-03-10,11,-0.0155,-0.0316,-0.0433
277819,DED2F,Sächsische Schweiz-Osterzgebirge,2020-03-11,11,-0.0551,-0.0326,-0.0433
277820,DED2F,Sächsische Schweiz-Osterzgebirge,2020-03-12,11,-0.0101,-0.0463,-0.0433
277821,DED2F,Sächsische Schweiz-Osterzgebirge,2020-03-13,11,-0.0247,-0.0537,-0.0433
277822,DED2F,Sächsische Schweiz-Osterzgebirge,2020-03-14,11,-0.1379,-0.0661,-0.0433
277823,DED2F,Sächsische Schweiz-Osterzgebirge,2020-03-15,11,-0.0707,-0.0753,-0.0433
277824,DED2F,Sächsische Schweiz-Osterzgebirge,2020-03-16,12,-0.0617,-0.101,-0.2184
277825,DED2F,Sächsische Schweiz-Osterzgebirge,2020-03-17,12,-0.1025,-0.1386,-0.2184
277826,DED2F,Sächsische Schweiz-Osterzgebirge,2020-03-18,12,-0.1199,-0.1824,-0.2184
277827,DED2F,Sächsische Schweiz-Osterzgebirge,2020-03-19,12,-0.1896,-0.2309,-0.2184
277828,DED2F,Sächsische Schweiz-Osterzgebirge,2020-03-20,12,-0.2876,-0.2652,-0.2184
277829,DED2F,Sächsische Schweiz-Osterzgebirge,2020-03-21,12,-0.4448,-0.2946,-0.2184
277830,DED2F,Sächsische Schweiz-Osterzgebirge,2020-03-22,12,-0.41,-0.3245,-0.2184
277831,DED2F,Sächsische Schweiz-Osterzgebirge,2020-03-23,13,-0.302,-0.3458,-0.3613
277832,DED2F,Sächsische Schweiz-Osterzgebirge,2020-03-24,13,-0.3083,-0.3515,-0.3613
277833,DED2F,Sächsische Schweiz-Osterzgebirge,2020-03-25,13,-0.3291,-0.3469,-0.3613
277834,DED2F,Sächsische Schweiz-Osterzgebirge,2020-03-26,13,-0.339,-0.3736,-0.3613
277835,DED2F,Sächsische Schweiz-Osterzgebirge,2020-03-27,13,-0.3276,-0.3765,-0.3613
277836,DED2F,Sächsische Schweiz-Osterzgebirge,2020-03-28,13,-0.4125,-0.3818,-0.3613
277837,DED2F,Sächsische Schweiz-Osterzgebirge,2020-03-29,13,-0.5968,-0.386,-0.3613
277838,DED2F,Sächsische Schweiz-Osterzgebirge,2020-03-30,14,-0.3224,-0.3884,-0.3859
277839,DED2F,Sächsische Schweiz-Osterzgebirge,2020-03-31,14,-0.345,-0.3949,-0.3859
278626,DED41,"Chemnitz, Kreisfreie Stadt",2020-03-01,9,0.0559,0.0305,0.0837
278627,DED41,"Chemnitz, Kreisfreie Stadt",2020-03-02,10,-0.0078,0.0205,0.0022
278628,DED41,"Chemnitz, Kreisfreie Stadt",2020-03-03,10,-0.0488,0.0134,0.0022
278629,DED41,"Chemnitz, Kreisfreie Stadt",2020-03-04,10,-0.006,0.006,0.0022
278630,DED41,"Chemnitz, Kreisfreie Stadt",2020-03-05,10,0.0137,0.0062,0.0022
278631,DED41,"Chemnitz, Kreisfreie Stadt",2020-03-06,10,0.0274,0.0094,0.0022
278632,DED41,"Chemnitz, Kreisfreie Stadt",2020-03-07,10,0.0074,0.0114,0.0022
278633,DED41,"Chemnitz, Kreisfreie Stadt",2020-03-08,10,0.0572,0.004,0.0022
278634,DED41,"Chemnitz, Kreisfreie Stadt",2020-03-09,11,0.0151,0.0017,-0.0267
278635,DED41,"Chemnitz, Kreisfreie Stadt",2020-03-10,11,-0.0347,-0.0038,-0.0267
278636,DED41,"Chemnitz, Kreisfreie Stadt",2020-03-11,11,-0.0578,-0.0163,-0.0267
278637,DED41,"Chemnitz, Kreisfreie Stadt",2020-03-12,11,-0.0025,-0.0283,-0.0267
278638,DED41,"Chemnitz, Kreisfreie Stadt",2020-03-13,11,-0.011,-0.0392,-0.0267
278639,DED41,"Chemnitz, Kreisfreie Stadt",2020-03-14,11,-0.0805,-0.0576,-0.0267
278640,DED41,"Chemnitz, Kreisfreie Stadt",2020-03-15,11,-0.0268,-0.0746,-0.0267
278641,DED41,"Chemnitz, Kreisfreie Stadt",2020-03-16,12,-0.0609,-0.1089,-0.2305
278642,DED41,"Chemnitz, Kreisfreie Stadt",2020-03-17,12,-0.1635,-0.1534,-0.2305
278643,DED41,"Chemnitz, Kreisfreie Stadt",2020-03-18,12,-0.1772,-0.2003,-0.2305
278644,DED41,"Chemnitz, Kreisfreie Stadt",2020-03-19,12,-0.2423,-0.2415,-0.2305
278645,DED41,"Chemnitz, Kreisfreie Stadt",2020-03-20,12,-0.3224,-0.2861,-0.2305
278646,DED41,"Chemnitz, Kreisfreie Stadt",2020-03-21,12,-0.4088,-0.3188,-0.2305
278647,DED41,"Chemnitz, Kreisfreie Stadt",2020-03-22,12,-0.3153,-0.3492,-0.2305
278648,DED41,"Chemnitz, Kreisfreie Stadt",2020-03-23,13,-0.3736,-0.3691,-0.3894
278649,DED41,"Chemnitz, Kreisfreie Stadt",2020-03-24,13,-0.3918,-0.374,-0.3894
278650,DED41,"Chemnitz, Kreisfreie Stadt",2020-03-25,13,-0.3901,-0.3704,-0.3894
278651,DED41,"Chemnitz, Kreisfreie Stadt",2020-03-26,13,-0.382,-0.3973,-0.3894
278652,DED41,"Chemnitz, Kreisfreie Stadt",2020-03-27,13,-0.3566,-0.3972,-0.3894
278653,DED41,"Chemnitz, Kreisfreie Stadt",2020-03-28,13,-0.3837,-0.3978,-0.3894
278654,DED41,"Chemnitz, Kreisfreie Stadt",2020-03-29,13,-0.5035,-0.3943,-0.3894
278655,DED41,"Chemnitz, Kreisfreie Stadt",2020-03-30,14,-0.3726,-0.3895,-0.3563
278656,DED41,"Chemnitz, Kreisfreie Stadt",2020-03-31,14,-0.3962,-0.3818,-0.3563
279443,DED42,Erzgebirgskreis,2020-03-01,9,0.0341,0.012,0.0335
279444,DED42,Erzgebirgskreis,2020-03-02,10,0.0221,0.0061,-0.0134
279445,DED42,Erzgebirgskreis,2020-03-03,10,-0.0384,0.0018,-0.0134
279446,DED42,Erzgebirgskreis,2020-03-04,10,-0.0124,-0.0117,-0.0134
279447,DED42,Erzgebirgskreis,2020-03-05,10,-0.0085,-0.0126,-0.0134
279448,DED42,Erzgebirgskreis,2020-03-06,10,-0.0043,-0.0131,-0.0134
279449,DED42,Erzgebirgskreis,2020-03-07,10,-0.0748,-0.0112,-0.0134
279450,DED42,Erzgebirgskreis,2020-03-08,10,0.0283,-0.013,-0.0134
279451,DED42,Erzgebirgskreis,2020-03-09,11,0.0182,-0.0122,-0.0178
279452,DED42,Erzgebirgskreis,2020-03-10,11,-0.0246,-0.0114,-0.0178
279453,DED42,Erzgebirgskreis,2020-03-11,11,-0.0255,-0.0137,-0.0178
279454,DED42,Erzgebirgskreis,2020-03-12,11,-0.0025,-0.0195,-0.0178
279455,DED42,Erzgebirgskreis,2020-03-13,11,0.001,-0.0262,-0.0178
279456,DED42,Erzgebirgskreis,2020-03-14,11,-0.0909,-0.0405,-0.0178
279457,DED42,Erzgebirgskreis,2020-03-15,11,-0.012,-0.0548,-0.0178
279458,DED42,Erzgebirgskreis,2020-03-16,12,-0.0289,-0.0822,-0.202
279459,DED42,Erzgebirgskreis,2020-03-17,12,-0.1243,-0.1224,-0.202
279460,DED42,Erzgebirgskreis,2020-03-18,12,-0.126,-0.1681,-0.202
279461,DED42,Erzgebirgskreis,2020-03-19,12,-0.1939,-0.2154,-0.202
279462,DED42,Erzgebirgskreis,2020-03-20,12,-0.2806,-0.2586,-0.202
279463,DED42,Erzgebirgskreis,2020-03-21,12,-0.4109,-0.2923,-0.202
279464,DED42,Erzgebirgskreis,2020-03-22,12,-0.3433,-0.3253,-0.202
279465,DED42,Erzgebirgskreis,2020-03-23,13,-0.3312,-0.3501,-0.381
279466,DED42,Erzgebirgskreis,2020-03-24,13,-0.3604,-0.3589,-0.381
279467,DED42,Erzgebirgskreis,2020-03-25,13,-0.3566,-0.359,-0.381
279468,DED42,Erzgebirgskreis,2020-03-26,13,-0.3673,-0.395,-0.381
279469,DED42,Erzgebirgskreis,2020-03-27,13,-0.3425,-0.3973,-0.381
279470,DED42,Erzgebirgskreis,2020-03-28,13,-0.4117,-0.4003,-0.381
279471,DED42,Erzgebirgskreis,2020-03-29,13,-0.5951,-0.399,-0.381
279472,DED42,Erzgebirgskreis,2020-03-30,14,-0.3474,-0.3924,-0.3632
279473,DED42,Erzgebirgskreis,2020-03-31,14,-0.3815,-0.3883,-0.3632
280260,DED43,Mittelsachsen,2020-03-01,9,0.0354,0.0455,0.0901
280261,DED43,Mittelsachsen,2020-03-02,10,0.0246,0.0382,0.0257
280262,DED43,Mittelsachsen,2020-03-03,10,-0.0089,0.0317,0.0257
280263,DED43,Mittelsachsen,2020-03-04,10,0.0291,0.0223,0.0257
280264,DED43,Mittelsachsen,2020-03-05,10,0.0449,0.0271,0.0257
280265,DED43,Mittelsachsen,2020-03-06,10,0.0445,0.0289,0.0257
280266,DED43,Mittelsachsen,2020-03-07,10,-0.0137,0.0321,0.0257
280267,DED43,Mittelsachsen,2020-03-08,10,0.0694,0.0287,0.0257
280268,DED43,Mittelsachsen,2020-03-09,11,0.0371,0.0275,0.0253
280269,DED43,Mittelsachsen,2020-03-10,11,0.0132,0.028,0.0253
280270,DED43,Mittelsachsen,2020-03-11,11,0.0054,0.0307,0.0253
280271,DED43,Mittelsachsen,2020-03-12,11,0.0369,0.0246,0.0253
280272,DED43,Mittelsachsen,2020-03-13,11,0.0477,0.0214,0.0253
280273,DED43,Mittelsachsen,2020-03-14,11,0.0053,0.0093,0.0253
280274,DED43,Mittelsachsen,2020-03-15,11,0.0267,-0.0038,0.0253
280275,DED43,Mittelsachsen,2020-03-16,12,0.0149,-0.0288,-0.1363
280276,DED43,Mittelsachsen,2020-03-17,12,-0.0718,-0.064,-0.1363
280277,DED43,Mittelsachsen,2020-03-18,12,-0.0865,-0.1073,-0.1363
280278,DED43,Mittelsachsen,2020-03-19,12,-0.1381,-0.1504,-0.1363
280279,DED43,Mittelsachsen,2020-03-20,12,-0.1983,-0.1923,-0.1363
280280,DED43,Mittelsachsen,2020-03-21,12,-0.2978,-0.2233,-0.1363
280281,DED43,Mittelsachsen,2020-03-22,12,-0.2755,-0.252,-0.1363
280282,DED43,Mittelsachsen,2020-03-23,13,-0.278,-0.2733,-0.3057
280283,DED43,Mittelsachsen,2020-03-24,13,-0.2893,-0.2834,-0.3057
280284,DED43,Mittelsachsen,2020-03-25,13,-0.2873,-0.2859,-0.3057
280285,DED43,Mittelsachsen,2020-03-26,13,-0.2871,-0.3198,-0.3057
280286,DED43,Mittelsachsen,2020-03-27,13,-0.2685,-0.3216,-0.3057
280287,DED43,Mittelsachsen,2020-03-28,13,-0.3159,-0.324,-0.3057
280288,DED43,Mittelsachsen,2020-03-29,13,-0.5124,-0.3211,-0.3057
280289,DED43,Mittelsachsen,2020-03-30,14,-0.2907,-0.3171,-0.2832
280290,DED43,Mittelsachsen,2020-03-31,14,-0.306,-0.3095,-0.2832
281077,DED44,Vogtlandkreis,2020-03-01,9,0.0011,0.0035,0.0177
281078,DED44,Vogtlandkreis,2020-03-02,10,0.01,-0.0018,-0.0139
281079,DED44,Vogtlandkreis,2020-03-03,10,-0.0351,-0.0089,-0.0139
281080,DED44,Vogtlandkreis,2020-03-04,10,-0.0104,-0.0149,-0.0139
281081,DED44,Vogtlandkreis,2020-03-05,10,-0.0045,-0.0131,-0.0139
281082,DED44,Vogtlandkreis,2020-03-06,10,-0.0162,-0.0127,-0.0139
281083,DED44,Vogtlandkreis,2020-03-07,10,-0.0494,-0.0105,-0.0139
281084,DED44,Vogtlandkreis,2020-03-08,10,0.0136,-0.0144,-0.0139
281085,DED44,Vogtlandkreis,2020-03-09,11,0.0132,-0.0138,-0.013
281086,DED44,Vogtlandkreis,2020-03-10,11,-0.0194,-0.01,-0.013
281087,DED44,Vogtlandkreis,2020-03-11,11,-0.038,-0.0118,-0.013
281088,DED44,Vogtlandkreis,2020-03-12,11,-0.0,-0.0136,-0.013
281089,DED44,Vogtlandkreis,2020-03-13,11,0.0104,-0.0188,-0.013
281090,DED44,Vogtlandkreis,2020-03-14,11,-0.0622,-0.0339,-0.013
281091,DED44,Vogtlandkreis,2020-03-15,11,0.0006,-0.0451,-0.013
281092,DED44,Vogtlandkreis,2020-03-16,12,-0.0232,-0.0715,-0.1882
281093,DED44,Vogtlandkreis,2020-03-17,12,-0.1249,-0.1132,-0.1882
281094,DED44,Vogtlandkreis,2020-03-18,12,-0.1165,-0.1586,-0.1882
281095,DED44,Vogtlandkreis,2020-03-19,12,-0.1848,-0.1985,-0.1882
281096,DED44,Vogtlandkreis,2020-03-20,12,-0.2812,-0.241,-0.1882
281097,DED44,Vogtlandkreis,2020-03-21,12,-0.3805,-0.2711,-0.1882
281098,DED44,Vogtlandkreis,2020-03-22,12,-0.2782,-0.301,-0.1882
281099,DED44,Vogtlandkreis,2020-03-23,13,-0.3208,-0.3237,-0.3464
281100,DED44,Vogtlandkreis,2020-03-24,13,-0.336,-0.3292,-0.3464
281101,DED44,Vogtlandkreis,2020-03-25,13,-0.3259,-0.3247,-0.3464
281102,DED44,Vogtlandkreis,2020-03-26,13,-0.3433,-0.3562,-0.3464
281103,DED44,Vogtlandkreis,2020-03-27,13,-0.3197,-0.3582,-0.3464
281104,DED44,Vogtlandkreis,2020-03-28,13,-0.349,-0.3596,-0.3464
281105,DED44,Vogtlandkreis,2020-03-29,13,-0.4988,-0.3571,-0.3464
281106,DED44,Vogtlandkreis,2020-03-30,14,-0.3347,-0.3526,-0.3272
281107,DED44,Vogtlandkreis,2020-03-31,14,-0.346,-0.3482,-0.3272
281894,DED45,Zwickau,2020-03-01,9,0.0131,0.0544,0.0951
281895,DED45,Zwickau,2020-03-02,10,0.0574,0.044,0.026
281896,DED45,Zwickau,2020-03-03,10,0.0034,0.0351,0.026
281897,DED45,Zwickau,2020-03-04,10,0.0224,0.0245,0.026
281898,DED45,Zwickau,2020-03-05,10,0.0343,0.0245,0.026
281899,DED45,Zwickau,2020-03-06,10,0.0385,0.0219,0.026
281900,DED45,Zwickau,2020-03-07,10,0.0027,0.0211,0.026
281901,DED45,Zwickau,2020-03-08,10,0.0126,0.0173,0.026
281902,DED45,Zwickau,2020-03-09,11,0.0393,0.0177,0.0135
281903,DED45,Zwickau,2020-03-10,11,-0.0024,0.0175,0.0135
281904,DED45,Zwickau,2020-03-11,11,-0.004,0.0128,0.0135
281905,DED45,Zwickau,2020-03-12,11,0.0375,0.0113,0.0135
281906,DED45,Zwickau,2020-03-13,11,0.0367,0.0032,0.0135
281907,DED45,Zwickau,2020-03-14,11,-0.0302,-0.0112,0.0135
281908,DED45,Zwickau,2020-03-15,11,0.0024,-0.0273,0.0135
281909,DED45,Zwickau,2020-03-16,12,-0.0174,-0.0569,-0.1762
281910,DED45,Zwickau,2020-03-17,12,-0.1033,-0.0981,-0.1762
281911,DED45,Zwickau,2020-03-18,12,-0.1168,-0.1455,-0.1762
281912,DED45,Zwickau,2020-03-19,12,-0.1697,-0.19,-0.1762
281913,DED45,Zwickau,2020-03-20,12,-0.2518,-0.2351,-0.1762
281914,DED45,Zwickau,2020-03-21,12,-0.3616,-0.2693,-0.1762
281915,DED45,Zwickau,2020-03-22,12,-0.3092,-0.3017,-0.1762
281916,DED45,Zwickau,2020-03-23,13,-0.3335,-0.3255,-0.3495
281917,DED45,Zwickau,2020-03-24,13,-0.3421,-0.3323,-0.3495
281918,DED45,Zwickau,2020-03-25,13,-0.3436,-0.3307,-0.3495
281919,DED45,Zwickau,2020-03-26,13,-0.3363,-0.3606,-0.3495
281920,DED45,Zwickau,2020-03-27,13,-0.2999,-0.36,-0.3495
281921,DED45,Zwickau,2020-03-28,13,-0.35,-0.3608,-0.3495
281922,DED45,Zwickau,2020-03-29,13,-0.5188,-0.3564,-0.3495
281923,DED45,Zwickau,2020-03-30,14,-0.3292,-0.3478,-0.3071
281924,DED45,Zwickau,2020-03-31,14,-0.3479,-0.3405,-0.3071
282711,DED51,"Leipzig, Kreisfreie Stadt",2020-03-01,9,0.0568,-0.0035,0.043
282712,DED51,"Leipzig, Kreisfreie Stadt",2020-03-02,10,-0.0695,-0.0159,-0.0561
282713,DED51,"Leipzig, Kreisfreie Stadt",2020-03-03,10,-0.0927,-0.0286,-0.0561
282714,DED51,"Leipzig, Kreisfreie Stadt",2020-03-04,10,-0.0395,-0.0448,-0.0561
282715,DED51,"Leipzig, Kreisfreie Stadt",2020-03-05,10,-0.0373,-0.054,-0.0561
282716,DED51,"Leipzig, Kreisfreie Stadt",2020-03-06,10,-0.0416,-0.0464,-0.0561
282717,DED51,"Leipzig, Kreisfreie Stadt",2020-03-07,10,-0.0897,-0.039,-0.0561
282718,DED51,"Leipzig, Kreisfreie Stadt",2020-03-08,10,-0.0077,-0.0453,-0.0561
282719,DED51,"Leipzig, Kreisfreie Stadt",2020-03-09,11,-0.0162,-0.0472,-0.0648
282720,DED51,"Leipzig, Kreisfreie Stadt",2020-03-10,11,-0.0412,-0.0512,-0.0648
282721,DED51,"Leipzig, Kreisfreie Stadt",2020-03-11,11,-0.0832,-0.0572,-0.0648
282722,DED51,"Leipzig, Kreisfreie Stadt",2020-03-12,11,-0.0505,-0.0665,-0.0648
282723,DED51,"Leipzig, Kreisfreie Stadt",2020-03-13,11,-0.0699,-0.0796,-0.0648
282724,DED51,"Leipzig, Kreisfreie Stadt",2020-03-14,11,-0.1318,-0.1052,-0.0648
282725,DED51,"Leipzig, Kreisfreie Stadt",2020-03-15,11,-0.0729,-0.1262,-0.0648
282726,DED51,"Leipzig, Kreisfreie Stadt",2020-03-16,12,-0.1076,-0.1652,-0.3008
282727,DED51,"Leipzig, Kreisfreie Stadt",2020-03-17,12,-0.2208,-0.2125,-0.3008
282728,DED51,"Leipzig, Kreisfreie Stadt",2020-03-18,12,-0.2302,-0.2627,-0.3008
282729,DED51,"Leipzig, Kreisfreie Stadt",2020-03-19,12,-0.3232,-0.3097,-0.3008
282730,DED51,"Leipzig, Kreisfreie Stadt",2020-03-20,12,-0.4012,-0.357,-0.3008
282731,DED51,"Leipzig, Kreisfreie Stadt",2020-03-21,12,-0.4829,-0.3905,-0.3008
282732,DED51,"Leipzig, Kreisfreie Stadt",2020-03-22,12,-0.402,-0.4228,-0.3008
282733,DED51,"Leipzig, Kreisfreie Stadt",2020-03-23,13,-0.4388,-0.4424,-0.4665
282734,DED51,"Leipzig, Kreisfreie Stadt",2020-03-24,13,-0.455,-0.4482,-0.4665
282735,DED51,"Leipzig, Kreisfreie Stadt",2020-03-25,13,-0.4566,-0.4459,-0.4665
282736,DED51,"Leipzig, Kreisfreie Stadt",2020-03-26,13,-0.4602,-0.4759,-0.4665
282737,DED51,"Leipzig, Kreisfreie Stadt",2020-03-27,13,-0.4419,-0.4746,-0.4665
282738,DED51,"Leipzig, Kreisfreie Stadt",2020-03-28,13,-0.4669,-0.4711,-0.4665
282739,DED51,"Leipzig, Kreisfreie Stadt",2020-03-29,13,-0.612,-0.4662,-0.4665
282740,DED51,"Leipzig, Kreisfreie Stadt",2020-03-30,14,-0.4296,-0.4603,-0.4134
282741,DED51,"Leipzig, Kreisfreie Stadt",2020-03-31,14,-0.4302,-0.4492,-0.4134
283528,DED52,Leipzig,2020-03-01,9,-0.0285,-0.0072,0.0431
283529,DED52,Leipzig,2020-03-02,10,-0.0253,-0.0176,-0.0356
283530,DED52,Leipzig,2020-03-03,10,-0.0659,-0.0271,-0.0356
283531,DED52,Leipzig,2020-03-04,10,-0.0363,-0.0397,-0.0356
283532,DED52,Leipzig,2020-03-05,10,-0.0166,-0.034,-0.0356
283533,DED52,Leipzig,2020-03-06,10,-0.022,-0.0315,-0.0356
283534,DED52,Leipzig,2020-03-07,10,-0.0832,-0.0304,-0.0356
283535,DED52,Leipzig,2020-03-08,10,0.0114,-0.0342,-0.0356
283536,DED52,Leipzig,2020-03-09,11,-0.0078,-0.0362,-0.0351
283537,DED52,Leipzig,2020-03-10,11,-0.0585,-0.036,-0.0351
283538,DED52,Leipzig,2020-03-11,11,-0.0625,-0.0325,-0.0351
283539,DED52,Leipzig,2020-03-12,11,-0.0308,-0.0331,-0.0351
283540,DED52,Leipzig,2020-03-13,11,-0.0204,-0.0368,-0.0351
283541,DED52,Leipzig,2020-03-14,11,-0.059,-0.0454,-0.0351
283542,DED52,Leipzig,2020-03-15,11,0.0069,-0.0535,-0.0351
283543,DED52,Leipzig,2020-03-16,12,-0.0333,-0.0743,-0.1784
283544,DED52,Leipzig,2020-03-17,12,-0.1191,-0.1058,-0.1784
283545,DED52,Leipzig,2020-03-18,12,-0.119,-0.1455,-0.1784
283546,DED52,Leipzig,2020-03-19,12,-0.1763,-0.1885,-0.1784
283547,DED52,Leipzig,2020-03-20,12,-0.2408,-0.2293,-0.1784
283548,DED52,Leipzig,2020-03-21,12,-0.3369,-0.2591,-0.1784
283549,DED52,Leipzig,2020-03-22,12,-0.2942,-0.2886,-0.1784
283550,DED52,Leipzig,2020-03-23,13,-0.319,-0.3086,-0.3383
283551,DED52,Leipzig,2020-03-24,13,-0.3277,-0.3154,-0.3383
283552,DED52,Leipzig,2020-03-25,13,-0.3254,-0.3157,-0.3383
283553,DED52,Leipzig,2020-03-26,13,-0.3163,-0.3509,-0.3383
283554,DED52,Leipzig,2020-03-27,13,-0.2881,-0.3468,-0.3383
283555,DED52,Leipzig,2020-03-28,13,-0.3395,-0.3432,-0.3383
283556,DED52,Leipzig,2020-03-29,13,-0.5406,-0.3375,-0.3383
283557,DED52,Leipzig,2020-03-30,14,-0.2902,-0.3321,-0.2981
283558,DED52,Leipzig,2020-03-31,14,-0.3024,-0.324,-0.2981
284345,DED53,Nordsachsen,2020-03-01,9,-0.0011,-0.0001,0.0421
284346,DED53,Nordsachsen,2020-03-02,10,-0.0299,-0.0135,-0.0459
284347,DED53,Nordsachsen,2020-03-03,10,-0.0643,-0.0279,-0.0459
284348,DED53,Nordsachsen,2020-03-04,10,-0.0332,-0.043,-0.0459
284349,DED53,Nordsachsen,2020-03-05,10,-0.0392,-0.0454,-0.0459
284350,DED53,Nordsachsen,2020-03-06,10,-0.0427,-0.0479,-0.0459
284351,DED53,Nordsachsen,2020-03-07,10,-0.0904,-0.0502,-0.0459
284352,DED53,Nordsachsen,2020-03-08,10,-0.0183,-0.0545,-0.0459
284353,DED53,Nordsachsen,2020-03-09,11,-0.0475,-0.0557,-0.0621
284354,DED53,Nordsachsen,2020-03-10,11,-0.0801,-0.0571,-0.0621
284355,DED53,Nordsachsen,2020-03-11,11,-0.0635,-0.0573,-0.0621
284356,DED53,Nordsachsen,2020-03-12,11,-0.0478,-0.0626,-0.0621
284357,DED53,Nordsachsen,2020-03-13,11,-0.0522,-0.0673,-0.0621
284358,DED53,Nordsachsen,2020-03-14,11,-0.0918,-0.0757,-0.0621
284359,DED53,Nordsachsen,2020-03-15,11,-0.0556,-0.0862,-0.0621
284360,DED53,Nordsachsen,2020-03-16,12,-0.08,-0.1063,-0.1924
284361,DED53,Nordsachsen,2020-03-17,12,-0.1389,-0.1349,-0.1924
284362,DED53,Nordsachsen,2020-03-18,12,-0.1368,-0.1683,-0.1924
284363,DED53,Nordsachsen,2020-03-19,12,-0.1889,-0.2028,-0.1924
284364,DED53,Nordsachsen,2020-03-20,12,-0.2526,-0.2384,-0.1924
284365,DED53,Nordsachsen,2020-03-21,12,-0.3253,-0.2667,-0.1924
284366,DED53,Nordsachsen,2020-03-22,12,-0.2974,-0.294,-0.1924
284367,DED53,Nordsachsen,2020-03-23,13,-0.3291,-0.313,-0.3433
284368,DED53,Nordsachsen,2020-03-24,13,-0.3369,-0.3216,-0.3433
284369,DED53,Nordsachsen,2020-03-25,13,-0.328,-0.3248,-0.3433
284370,DED53,Nordsachsen,2020-03-26,13,-0.3217,-0.3541,-0.3433
284371,DED53,Nordsachsen,2020-03-27,13,-0.3128,-0.3536,-0.3433
284372,DED53,Nordsachsen,2020-03-28,13,-0.3475,-0.3521,-0.3433
284373,DED53,Nordsachsen,2020-03-29,13,-0.5026,-0.3492,-0.3433
284374,DED53,Nordsachsen,2020-03-30,14,-0.3259,-0.3449,-0.3099
284375,DED53,Nordsachsen,2020-03-31,14,-0.3264,-0.3347,-0.3099
285162,DEE01,"Dessau-Roßlau, Kreisfreie Stadt",2020-03-01,9,0.0052,0.0237,0.0499
285163,DEE01,"Dessau-Roßlau, Kreisfreie Stadt",2020-03-02,10,0.0051,0.0197,0.0039
285164,DEE01,"Dessau-Roßlau, Kreisfreie Stadt",2020-03-03,10,-0.0304,0.0093,0.0039
285165,DEE01,"Dessau-Roßlau, Kreisfreie Stadt",2020-03-04,10,0.0136,0.0033,0.0039
285166,DEE01,"Dessau-Roßlau, Kreisfreie Stadt",2020-03-05,10,0.0205,0.0052,0.0039
285167,DEE01,"Dessau-Roßlau, Kreisfreie Stadt",2020-03-06,10,-0.001,0.0085,0.0039
285168,DEE01,"Dessau-Roßlau, Kreisfreie Stadt",2020-03-07,10,0.0103,0.0082,0.0039
285169,DEE01,"Dessau-Roßlau, Kreisfreie Stadt",2020-03-08,10,0.0185,0.0052,0.0039
285170,DEE01,"Dessau-Roßlau, Kreisfreie Stadt",2020-03-09,11,0.0282,0.0026,-0.0205
285171,DEE01,"Dessau-Roßlau, Kreisfreie Stadt",2020-03-10,11,-0.0329,-0.0022,-0.0205
285172,DEE01,"Dessau-Roßlau, Kreisfreie Stadt",2020-03-11,11,-0.0074,-0.0157,-0.0205
285173,DEE01,"Dessau-Roßlau, Kreisfreie Stadt",2020-03-12,11,0.0027,-0.0235,-0.0205
285174,DEE01,"Dessau-Roßlau, Kreisfreie Stadt",2020-03-13,11,-0.0345,-0.0332,-0.0205
285175,DEE01,"Dessau-Roßlau, Kreisfreie Stadt",2020-03-14,11,-0.0848,-0.0457,-0.0205
285176,DEE01,"Dessau-Roßlau, Kreisfreie Stadt",2020-03-15,11,-0.0356,-0.0652,-0.0205
285177,DEE01,"Dessau-Roßlau, Kreisfreie Stadt",2020-03-16,12,-0.0399,-0.0936,-0.1917
285178,DEE01,"Dessau-Roßlau, Kreisfreie Stadt",2020-03-17,12,-0.1203,-0.1273,-0.1917
285179,DEE01,"Dessau-Roßlau, Kreisfreie Stadt",2020-03-18,12,-0.1444,-0.1657,-0.1917
285180,DEE01,"Dessau-Roßlau, Kreisfreie Stadt",2020-03-19,12,-0.1956,-0.2042,-0.1917
285181,DEE01,"Dessau-Roßlau, Kreisfreie Stadt",2020-03-20,12,-0.2705,-0.2378,-0.1917
285182,DEE01,"Dessau-Roßlau, Kreisfreie Stadt",2020-03-21,12,-0.3535,-0.2644,-0.1917
285183,DEE01,"Dessau-Roßlau, Kreisfreie Stadt",2020-03-22,12,-0.3055,-0.2879,-0.1917
285184,DEE01,"Dessau-Roßlau, Kreisfreie Stadt",2020-03-23,13,-0.2747,-0.3045,-0.332
285185,DEE01,"Dessau-Roßlau, Kreisfreie Stadt",2020-03-24,13,-0.3069,-0.3136,-0.332
285186,DEE01,"Dessau-Roßlau, Kreisfreie Stadt",2020-03-25,13,-0.3088,-0.3159,-0.332
285187,DEE01,"Dessau-Roßlau, Kreisfreie Stadt",2020-03-26,13,-0.3116,-0.3472,-0.332
285188,DEE01,"Dessau-Roßlau, Kreisfreie Stadt",2020-03-27,13,-0.3343,-0.3539,-0.332
285189,DEE01,"Dessau-Roßlau, Kreisfreie Stadt",2020-03-28,13,-0.3692,-0.3551,-0.332
285190,DEE01,"Dessau-Roßlau, Kreisfreie Stadt",2020-03-29,13,-0.5246,-0.3561,-0.332
285191,DEE01,"Dessau-Roßlau, Kreisfreie Stadt",2020-03-30,14,-0.3218,-0.3568,-0.3095
285192,DEE01,"Dessau-Roßlau, Kreisfreie Stadt",2020-03-31,14,-0.3158,-0.3417,-0.3095
285979,DEE02,"Halle (Saale), Kreisfreie Stadt",2020-03-01,9,0.0263,0.0032,0.0312
285980,DEE02,"Halle (Saale), Kreisfreie Stadt",2020-03-02,10,-0.0326,0.0008,-0.0064
285981,DEE02,"Halle (Saale), Kreisfreie Stadt",2020-03-03,10,-0.0542,-0.0076,-0.0064
285982,DEE02,"Halle (Saale), Kreisfreie Stadt",2020-03-04,10,0.0046,-0.01,-0.0064
285983,DEE02,"Halle (Saale), Kreisfreie Stadt",2020-03-05,10,0.0097,0.0014,-0.0064
285984,DEE02,"Halle (Saale), Kreisfreie Stadt",2020-03-06,10,-0.0107,0.0107,-0.0064
285985,DEE02,"Halle (Saale), Kreisfreie Stadt",2020-03-07,10,-0.0132,0.0138,-0.0064
285986,DEE02,"Halle (Saale), Kreisfreie Stadt",2020-03-08,10,0.1062,0.0052,-0.0064
285987,DEE02,"Halle (Saale), Kreisfreie Stadt",2020-03-09,11,0.0326,0.0057,-0.0494
285988,DEE02,"Halle (Saale), Kreisfreie Stadt",2020-03-10,11,-0.0327,-0.0144,-0.0494
285989,DEE02,"Halle (Saale), Kreisfreie Stadt",2020-03-11,11,-0.0555,-0.0316,-0.0494
285990,DEE02,"Halle (Saale), Kreisfreie Stadt",2020-03-12,11,0.0129,-0.0492,-0.0494
285991,DEE02,"Halle (Saale), Kreisfreie Stadt",2020-03-13,11,-0.1513,-0.0708,-0.0494
285992,DEE02,"Halle (Saale), Kreisfreie Stadt",2020-03-14,11,-0.133,-0.0963,-0.0494
285993,DEE02,"Halle (Saale), Kreisfreie Stadt",2020-03-15,11,-0.0172,-0.1188,-0.0494
285994,DEE02,"Halle (Saale), Kreisfreie Stadt",2020-03-16,12,-0.1189,-0.1583,-0.2626
285995,DEE02,"Halle (Saale), Kreisfreie Stadt",2020-03-17,12,-0.2111,-0.1873,-0.2626
285996,DEE02,"Halle (Saale), Kreisfreie Stadt",2020-03-18,12,-0.2132,-0.2263,-0.2626
285997,DEE02,"Halle (Saale), Kreisfreie Stadt",2020-03-19,12,-0.2637,-0.2719,-0.2626
285998,DEE02,"Halle (Saale), Kreisfreie Stadt",2020-03-20,12,-0.3538,-0.3055,-0.2626
285999,DEE02,"Halle (Saale), Kreisfreie Stadt",2020-03-21,12,-0.4062,-0.3286,-0.2626
286000,DEE02,"Halle (Saale), Kreisfreie Stadt",2020-03-22,12,-0.3365,-0.3522,-0.2626
286001,DEE02,"Halle (Saale), Kreisfreie Stadt",2020-03-23,13,-0.3537,-0.3682,-0.3762
286002,DEE02,"Halle (Saale), Kreisfreie Stadt",2020-03-24,13,-0.3731,-0.3699,-0.3762
286003,DEE02,"Halle (Saale), Kreisfreie Stadt",2020-03-25,13,-0.3785,-0.3596,-0.3762
286004,DEE02,"Halle (Saale), Kreisfreie Stadt",2020-03-26,13,-0.3757,-0.3846,-0.3762
286005,DEE02,"Halle (Saale), Kreisfreie Stadt",2020-03-27,13,-0.3658,-0.3859,-0.3762
286006,DEE02,"Halle (Saale), Kreisfreie Stadt",2020-03-28,13,-0.3341,-0.3835,-0.3762
286007,DEE02,"Halle (Saale), Kreisfreie Stadt",2020-03-29,13,-0.5111,-0.379,-0.3762
286008,DEE02,"Halle (Saale), Kreisfreie Stadt",2020-03-30,14,-0.3629,-0.3742,-0.3289
286009,DEE02,"Halle (Saale), Kreisfreie Stadt",2020-03-31,14,-0.3563,-0.3599,-0.3289
286796,DEE03,"Magdeburg, Kreisfreie Stadt",2020-03-01,9,0.0799,0.0649,0.0861
286797,DEE03,"Magdeburg, Kreisfreie Stadt",2020-03-02,10,0.039,0.0594,0.0437
286798,DEE03,"Magdeburg, Kreisfreie Stadt",2020-03-03,10,0.0217,0.0508,0.0437
286799,DEE03,"Magdeburg, Kreisfreie Stadt",2020-03-04,10,0.0532,0.0439,0.0437
286800,DEE03,"Magdeburg, Kreisfreie Stadt",2020-03-05,10,0.0408,0.0486,0.0437
286801,DEE03,"Magdeburg, Kreisfreie Stadt",2020-03-06,10,0.0333,0.0537,0.0437
286802,DEE03,"Magdeburg, Kreisfreie Stadt",2020-03-07,10,0.0394,0.054,0.0437
286803,DEE03,"Magdeburg, Kreisfreie Stadt",2020-03-08,10,0.1131,0.0505,0.0437
286804,DEE03,"Magdeburg, Kreisfreie Stadt",2020-03-09,11,0.0745,0.0486,0.0141
286805,DEE03,"Magdeburg, Kreisfreie Stadt",2020-03-10,11,0.0234,0.0411,0.0141
286806,DEE03,"Magdeburg, Kreisfreie Stadt",2020-03-11,11,0.0288,0.0277,0.0141
286807,DEE03,"Magdeburg, Kreisfreie Stadt",2020-03-12,11,0.0278,0.0112,0.0141
286808,DEE03,"Magdeburg, Kreisfreie Stadt",2020-03-13,11,-0.0192,-0.0036,0.0141
286809,DEE03,"Magdeburg, Kreisfreie Stadt",2020-03-14,11,-0.0544,-0.0239,0.0141
286810,DEE03,"Magdeburg, Kreisfreie Stadt",2020-03-15,11,-0.0028,-0.0501,0.0141
286811,DEE03,"Magdeburg, Kreisfreie Stadt",2020-03-16,12,-0.0288,-0.0867,-0.2044
286812,DEE03,"Magdeburg, Kreisfreie Stadt",2020-03-17,12,-0.1187,-0.1282,-0.2044
286813,DEE03,"Magdeburg, Kreisfreie Stadt",2020-03-18,12,-0.1548,-0.1724,-0.2044
286814,DEE03,"Magdeburg, Kreisfreie Stadt",2020-03-19,12,-0.2283,-0.215,-0.2044
286815,DEE03,"Magdeburg, Kreisfreie Stadt",2020-03-20,12,-0.3096,-0.254,-0.2044
286816,DEE03,"Magdeburg, Kreisfreie Stadt",2020-03-21,12,-0.3637,-0.2841,-0.2044
286817,DEE03,"Magdeburg, Kreisfreie Stadt",2020-03-22,12,-0.3012,-0.3089,-0.2044
286818,DEE03,"Magdeburg, Kreisfreie Stadt",2020-03-23,13,-0.3013,-0.3237,-0.3399
286819,DEE03,"Magdeburg, Kreisfreie Stadt",2020-03-24,13,-0.33,-0.3273,-0.3399
286820,DEE03,"Magdeburg, Kreisfreie Stadt",2020-03-25,13,-0.3283,-0.323,-0.3399
286821,DEE03,"Magdeburg, Kreisfreie Stadt",2020-03-26,13,-0.3317,-0.3507,-0.3399
286822,DEE03,"Magdeburg, Kreisfreie Stadt",2020-03-27,13,-0.3352,-0.3553,-0.3399
286823,DEE03,"Magdeburg, Kreisfreie Stadt",2020-03-28,13,-0.3331,-0.354,-0.3399
286824,DEE03,"Magdeburg, Kreisfreie Stadt",2020-03-29,13,-0.4956,-0.3531,-0.3399
286825,DEE03,"Magdeburg, Kreisfreie Stadt",2020-03-30,14,-0.333,-0.3528,-0.3124
286826,DEE03,"Magdeburg, Kreisfreie Stadt",2020-03-31,14,-0.3211,-0.3398,-0.3124
287613,DEE04,Altmarkkreis Salzwedel,2020-03-01,9,0.1476,0.1649,0.1779
287614,DEE04,Altmarkkreis Salzwedel,2020-03-02,10,0.1248,0.1558,0.1031
287615,DEE04,Altmarkkreis Salzwedel,2020-03-03,10,0.1053,0.1311,0.1031
287616,DEE04,Altmarkkreis Salzwedel,2020-03-04,10,0.1191,0.1034,0.1031
287617,DEE04,Altmarkkreis Salzwedel,2020-03-05,10,0.1066,0.1054,0.1031
287618,DEE04,Altmarkkreis Salzwedel,2020-03-06,10,0.0724,0.1038,0.1031
287619,DEE04,Altmarkkreis Salzwedel,2020-03-07,10,0.048,0.1008,0.1031
287620,DEE04,Altmarkkreis Salzwedel,2020-03-08,10,0.1615,0.0974,0.1031
287621,DEE04,Altmarkkreis Salzwedel,2020-03-09,11,0.1138,0.0932,0.0735
287622,DEE04,Altmarkkreis Salzwedel,2020-03-10,11,0.0846,0.0922,0.0735
287623,DEE04,Altmarkkreis Salzwedel,2020-03-11,11,0.095,0.0929,0.0735
287624,DEE04,Altmarkkreis Salzwedel,2020-03-12,11,0.0774,0.0666,0.0735
287625,DEE04,Altmarkkreis Salzwedel,2020-03-13,11,0.0651,0.0586,0.0735
287626,DEE04,Altmarkkreis Salzwedel,2020-03-14,11,0.0527,0.0413,0.0735
287627,DEE04,Altmarkkreis Salzwedel,2020-03-15,11,-0.0222,0.0208,0.0735
287628,DEE04,Altmarkkreis Salzwedel,2020-03-16,12,0.0578,-0.0095,-0.1058
287629,DEE04,Altmarkkreis Salzwedel,2020-03-17,12,-0.0368,-0.043,-0.1058
287630,DEE04,Altmarkkreis Salzwedel,2020-03-18,12,-0.0483,-0.0882,-0.1058
287631,DEE04,Altmarkkreis Salzwedel,2020-03-19,12,-0.1348,-0.1184,-0.1058
287632,DEE04,Altmarkkreis Salzwedel,2020-03-20,12,-0.1691,-0.1535,-0.1058
287633,DEE04,Altmarkkreis Salzwedel,2020-03-21,12,-0.2637,-0.1834,-0.1058
287634,DEE04,Altmarkkreis Salzwedel,2020-03-22,12,-0.2339,-0.2118,-0.1058
287635,DEE04,Altmarkkreis Salzwedel,2020-03-23,13,-0.188,-0.2286,-0.2565
287636,DEE04,Altmarkkreis Salzwedel,2020-03-24,13,-0.2459,-0.2355,-0.2565
287637,DEE04,Altmarkkreis Salzwedel,2020-03-25,13,-0.2475,-0.2394,-0.2565
287638,DEE04,Altmarkkreis Salzwedel,2020-03-26,13,-0.2524,-0.2706,-0.2565
287639,DEE04,Altmarkkreis Salzwedel,2020-03-27,13,-0.2167,-0.2793,-0.2565
287640,DEE04,Altmarkkreis Salzwedel,2020-03-28,13,-0.2913,-0.2781,-0.2565
287641,DEE04,Altmarkkreis Salzwedel,2020-03-29,13,-0.4525,-0.2738,-0.2565
287642,DEE04,Altmarkkreis Salzwedel,2020-03-30,14,-0.2486,-0.2662,-0.2369
287643,DEE04,Altmarkkreis Salzwedel,2020-03-31,14,-0.238,-0.2561,-0.2369
288430,DEE05,Anhalt-Bitterfeld,2020-03-01,9,0.0581,0.0797,0.102
288431,DEE05,Anhalt-Bitterfeld,2020-03-02,10,0.0784,0.0783,0.0615
288432,DEE05,Anhalt-Bitterfeld,2020-03-03,10,0.0438,0.0683,0.0615
288433,DEE05,Anhalt-Bitterfeld,2020-03-04,10,0.0737,0.0588,0.0615
288434,DEE05,Anhalt-Bitterfeld,2020-03-05,10,0.0817,0.0615,0.0615
288435,DEE05,Anhalt-Bitterfeld,2020-03-06,10,0.0547,0.0625,0.0615
288436,DEE05,Anhalt-Bitterfeld,2020-03-07,10,0.0214,0.0615,0.0615
288437,DEE05,Anhalt-Bitterfeld,2020-03-08,10,0.0767,0.0639,0.0615
288438,DEE05,Anhalt-Bitterfeld,2020-03-09,11,0.0856,0.0622,0.0543
288439,DEE05,Anhalt-Bitterfeld,2020-03-10,11,0.0369,0.0606,0.0543
288440,DEE05,Anhalt-Bitterfeld,2020-03-11,11,0.09,0.0569,0.0543
288441,DEE05,Anhalt-Bitterfeld,2020-03-12,11,0.0703,0.0522,0.0543
288442,DEE05,Anhalt-Bitterfeld,2020-03-13,11,0.0432,0.045,0.0543
288443,DEE05,Anhalt-Bitterfeld,2020-03-14,11,-0.0042,0.0359,0.0543
288444,DEE05,Anhalt-Bitterfeld,2020-03-15,11,0.0435,0.0179,0.0543
288445,DEE05,Anhalt-Bitterfeld,2020-03-16,12,0.0351,-0.0051,-0.095
288446,DEE05,Anhalt-Bitterfeld,2020-03-17,12,-0.027,-0.0359,-0.095
288447,DEE05,Anhalt-Bitterfeld,2020-03-18,12,-0.0359,-0.0695,-0.095
288448,DEE05,Anhalt-Bitterfeld,2020-03-19,12,-0.0908,-0.1051,-0.095
288449,DEE05,Anhalt-Bitterfeld,2020-03-20,12,-0.172,-0.135,-0.095
288450,DEE05,Anhalt-Bitterfeld,2020-03-21,12,-0.2397,-0.1602,-0.095
288451,DEE05,Anhalt-Bitterfeld,2020-03-22,12,-0.2053,-0.1842,-0.095
288452,DEE05,Anhalt-Bitterfeld,2020-03-23,13,-0.1745,-0.1999,-0.2196
288453,DEE05,Anhalt-Bitterfeld,2020-03-24,13,-0.2035,-0.2035,-0.2196
288454,DEE05,Anhalt-Bitterfeld,2020-03-25,13,-0.2036,-0.2042,-0.2196
288455,DEE05,Anhalt-Bitterfeld,2020-03-26,13,-0.201,-0.2324,-0.2196
288456,DEE05,Anhalt-Bitterfeld,2020-03-27,13,-0.1972,-0.2367,-0.2196
288457,DEE05,Anhalt-Bitterfeld,2020-03-28,13,-0.244,-0.2353,-0.2196
288458,DEE05,Anhalt-Bitterfeld,2020-03-29,13,-0.403,-0.2333,-0.2196
288459,DEE05,Anhalt-Bitterfeld,2020-03-30,14,-0.2043,-0.2319,-0.1968
288460,DEE05,Anhalt-Bitterfeld,2020-03-31,14,-0.1939,-0.2189,-0.1968
289247,DEE06,Jerichower Land,2020-03-01,9,0.104,0.1161,0.1202
289248,DEE06,Jerichower Land,2020-03-02,10,0.105,0.1141,0.0955
289249,DEE06,Jerichower Land,2020-03-03,10,0.1038,0.1045,0.0955
289250,DEE06,Jerichower Land,2020-03-04,10,0.1065,0.0922,0.0955
289251,DEE06,Jerichower Land,2020-03-05,10,0.0891,0.0978,0.0955
289252,DEE06,Jerichower Land,2020-03-06,10,0.0736,0.098,0.0955
289253,DEE06,Jerichower Land,2020-03-07,10,0.0636,0.0891,0.0955
289254,DEE06,Jerichower Land,2020-03-08,10,0.143,0.0852,0.0955
289255,DEE06,Jerichower Land,2020-03-09,11,0.1065,0.0809,0.0739
289256,DEE06,Jerichower Land,2020-03-10,11,0.0418,0.081,0.0739
289257,DEE06,Jerichower Land,2020-03-11,11,0.0786,0.0819,0.0739
289258,DEE06,Jerichower Land,2020-03-12,11,0.0593,0.0757,0.0739
289259,DEE06,Jerichower Land,2020-03-13,11,0.0744,0.0681,0.0739
289260,DEE06,Jerichower Land,2020-03-14,11,0.0699,0.0614,0.0739
289261,DEE06,Jerichower Land,2020-03-15,11,0.0998,0.0462,0.0739
289262,DEE06,Jerichower Land,2020-03-16,12,0.0533,0.0242,-0.075
289263,DEE06,Jerichower Land,2020-03-17,12,-0.0053,-0.0073,-0.075
289264,DEE06,Jerichower Land,2020-03-18,12,-0.0278,-0.0463,-0.075
289265,DEE06,Jerichower Land,2020-03-19,12,-0.0948,-0.084,-0.075
289266,DEE06,Jerichower Land,2020-03-20,12,-0.1459,-0.1144,-0.075
289267,DEE06,Jerichower Land,2020-03-21,12,-0.2034,-0.1376,-0.075
289268,DEE06,Jerichower Land,2020-03-22,12,-0.1639,-0.1584,-0.075
289269,DEE06,Jerichower Land,2020-03-23,13,-0.1599,-0.1682,-0.185
289270,DEE06,Jerichower Land,2020-03-24,13,-0.1676,-0.171,-0.185
289271,DEE06,Jerichower Land,2020-03-25,13,-0.1733,-0.1654,-0.185
289272,DEE06,Jerichower Land,2020-03-26,13,-0.1634,-0.198,-0.185
289273,DEE06,Jerichower Land,2020-03-27,13,-0.1657,-0.2042,-0.185
289274,DEE06,Jerichower Land,2020-03-28,13,-0.164,-0.2067,-0.185
289275,DEE06,Jerichower Land,2020-03-29,13,-0.3923,-0.207,-0.185
289276,DEE06,Jerichower Land,2020-03-30,14,-0.2034,-0.2088,-0.1733
289277,DEE06,Jerichower Land,2020-03-31,14,-0.1849,-0.1956,-0.1733
290064,DEE07,Börde,2020-03-01,9,0.1018,0.0913,0.107
290065,DEE07,Börde,2020-03-02,10,0.0917,0.0873,0.0727
290066,DEE07,Börde,2020-03-03,10,0.057,0.0781,0.0727
290067,DEE07,Börde,2020-03-04,10,0.0644,0.0717,0.0727
290068,DEE07,Börde,2020-03-05,10,0.0681,0.0779,0.0727
290069,DEE07,Börde,2020-03-06,10,0.0529,0.0784,0.0727
290070,DEE07,Börde,2020-03-07,10,0.0657,0.0782,0.0727
290071,DEE07,Börde,2020-03-08,10,0.1456,0.08,0.0727
290072,DEE07,Börde,2020-03-09,11,0.0951,0.0798,0.0657
290073,DEE07,Börde,2020-03-10,11,0.0558,0.0808,0.0657
290074,DEE07,Börde,2020-03-11,11,0.0771,0.0751,0.0657
290075,DEE07,Börde,2020-03-12,11,0.0666,0.0655,0.0657
290076,DEE07,Börde,2020-03-13,11,0.0594,0.0564,0.0657
290077,DEE07,Börde,2020-03-14,11,0.026,0.0464,0.0657
290078,DEE07,Börde,2020-03-15,11,0.0785,0.0276,0.0657
290079,DEE07,Börde,2020-03-16,12,0.0315,0.0017,-0.0975
290080,DEE07,Börde,2020-03-17,12,-0.0142,-0.0322,-0.0975
290081,DEE07,Börde,2020-03-18,12,-0.0547,-0.0703,-0.0975
290082,DEE07,Börde,2020-03-19,12,-0.1143,-0.1062,-0.0975
290083,DEE07,Börde,2020-03-20,12,-0.1784,-0.1353,-0.0975
290084,DEE07,Börde,2020-03-21,12,-0.2405,-0.1619,-0.0975
290085,DEE07,Börde,2020-03-22,12,-0.173,-0.182,-0.0975
290086,DEE07,Börde,2020-03-23,13,-0.1721,-0.1935,-0.2146
290087,DEE07,Börde,2020-03-24,13,-0.2002,-0.1974,-0.2146
290088,DEE07,Börde,2020-03-25,13,-0.1954,-0.1958,-0.2146
290089,DEE07,Börde,2020-03-26,13,-0.195,-0.2281,-0.2146
290090,DEE07,Börde,2020-03-27,13,-0.2053,-0.234,-0.2146
290091,DEE07,Börde,2020-03-28,13,-0.2298,-0.2344,-0.2146
290092,DEE07,Börde,2020-03-29,13,-0.3989,-0.2305,-0.2146
290093,DEE07,Börde,2020-03-30,14,-0.2137,-0.2285,-0.1851
290094,DEE07,Börde,2020-03-31,14,-0.2027,-0.2115,-0.1851
290881,DEE08,Burgenlandkreis,2020-03-01,9,0.1344,0.113,0.1366
290882,DEE08,Burgenlandkreis,2020-03-02,10,0.0889,0.1071,0.0845
290883,DEE08,Burgenlandkreis,2020-03-03,10,0.0564,0.0958,0.0845
290884,DEE08,Burgenlandkreis,2020-03-04,10,0.0849,0.0845,0.0845
290885,DEE08,Burgenlandkreis,2020-03-05,10,0.0888,0.0901,0.0845
290886,DEE08,Burgenlandkreis,2020-03-06,10,0.0719,0.0938,0.0845
290887,DEE08,Burgenlandkreis,2020-03-07,10,0.0663,0.0947,0.0845
290888,DEE08,Burgenlandkreis,2020-03-08,10,0.1735,0.0936,0.0845
290889,DEE08,Burgenlandkreis,2020-03-09,11,0.1146,0.0934,0.0881
290890,DEE08,Burgenlandkreis,2020-03-10,11,0.0629,0.0947,0.0881
290891,DEE08,Burgenlandkreis,2020-03-11,11,0.0771,0.0954,0.0881
290892,DEE08,Burgenlandkreis,2020-03-12,11,0.0877,0.0918,0.0881
290893,DEE08,Burgenlandkreis,2020-03-13,11,0.0809,0.0869,0.0881
290894,DEE08,Burgenlandkreis,2020-03-14,11,0.0712,0.0752,0.0881
290895,DEE08,Burgenlandkreis,2020-03-15,11,0.1484,0.061,0.0881
290896,DEE08,Burgenlandkreis,2020-03-16,12,0.0803,0.0385,-0.0807
290897,DEE08,Burgenlandkreis,2020-03-17,12,-0.0193,0.0049,-0.0807
290898,DEE08,Burgenlandkreis,2020-03-18,12,-0.0223,-0.0416,-0.0807
290899,DEE08,Burgenlandkreis,2020-03-19,12,-0.0695,-0.0921,-0.0807
290900,DEE08,Burgenlandkreis,2020-03-20,12,-0.1545,-0.129,-0.0807
290901,DEE08,Burgenlandkreis,2020-03-21,12,-0.2541,-0.1531,-0.0807
290902,DEE08,Burgenlandkreis,2020-03-22,12,-0.2055,-0.179,-0.0807
290903,DEE08,Burgenlandkreis,2020-03-23,13,-0.178,-0.1991,-0.2169
290904,DEE08,Burgenlandkreis,2020-03-24,13,-0.1878,-0.2066,-0.2169
290905,DEE08,Burgenlandkreis,2020-03-25,13,-0.2037,-0.2025,-0.2169
290906,DEE08,Burgenlandkreis,2020-03-26,13,-0.2102,-0.2286,-0.2169
290907,DEE08,Burgenlandkreis,2020-03-27,13,-0.2069,-0.2282,-0.2169
290908,DEE08,Burgenlandkreis,2020-03-28,13,-0.2251,-0.2281,-0.2169
290909,DEE08,Burgenlandkreis,2020-03-29,13,-0.3886,-0.2253,-0.2169
290910,DEE08,Burgenlandkreis,2020-03-30,14,-0.175,-0.2191,-0.1832
290911,DEE08,Burgenlandkreis,2020-03-31,14,-0.1874,-0.2046,-0.1832
291698,DEE09,Harz,2020-03-01,9,0.1658,0.1589,0.1693
291699,DEE09,Harz,2020-03-02,10,0.1869,0.1562,0.1613
291700,DEE09,Harz,2020-03-03,10,0.1545,0.1463,0.1613
291701,DEE09,Harz,2020-03-04,10,0.1563,0.1542,0.1613
291702,DEE09,Harz,2020-03-05,10,0.1493,0.1665,0.1613
291703,DEE09,Harz,2020-03-06,10,0.1238,0.1703,0.1613
291704,DEE09,Harz,2020-03-07,10,0.1427,0.1662,0.1613
291705,DEE09,Harz,2020-03-08,10,0.2519,0.1677,0.1613
291706,DEE09,Harz,2020-03-09,11,0.214,0.1653,0.1481
291707,DEE09,Harz,2020-03-10,11,0.1254,0.1651,0.1481
291708,DEE09,Harz,2020-03-11,11,0.1669,0.1593,0.1481
291709,DEE09,Harz,2020-03-12,11,0.1324,0.1502,0.1481
291710,DEE09,Harz,2020-03-13,11,0.1224,0.1383,0.1481
291711,DEE09,Harz,2020-03-14,11,0.1024,0.1286,0.1481
291712,DEE09,Harz,2020-03-15,11,0.1878,0.1078,0.1481
291713,DEE09,Harz,2020-03-16,12,0.1307,0.0786,-0.0729
291714,DEE09,Harz,2020-03-17,12,0.058,0.0332,-0.0729
291715,DEE09,Harz,2020-03-18,12,0.0212,-0.0249,-0.0729
291716,DEE09,Harz,2020-03-19,12,-0.0725,-0.0819,-0.0729
291717,DEE09,Harz,2020-03-20,12,-0.195,-0.126,-0.0729
291718,DEE09,Harz,2020-03-21,12,-0.3047,-0.164,-0.0729
291719,DEE09,Harz,2020-03-22,12,-0.2111,-0.1969,-0.0729
291720,DEE09,Harz,2020-03-23,13,-0.1776,-0.2165,-0.235
291721,DEE09,Harz,2020-03-24,13,-0.208,-0.2182,-0.235
291722,DEE09,Harz,2020-03-25,13,-0.2096,-0.2108,-0.235
291723,DEE09,Harz,2020-03-26,13,-0.2097,-0.2486,-0.235
291724,DEE09,Harz,2020-03-27,13,-0.2065,-0.2538,-0.235
291725,DEE09,Harz,2020-03-28,13,-0.2527,-0.2519,-0.235
291726,DEE09,Harz,2020-03-29,13,-0.4758,-0.2555,-0.235
291727,DEE09,Harz,2020-03-30,14,-0.2142,-0.2547,-0.2285
291728,DEE09,Harz,2020-03-31,14,-0.1948,-0.2477,-0.2285
292515,DEE0A,Mansfeld-Südharz,2020-03-01,9,0.0692,0.0548,0.0595
292516,DEE0A,Mansfeld-Südharz,2020-03-02,10,0.0557,0.0544,0.033
292517,DEE0A,Mansfeld-Südharz,2020-03-03,10,0.018,0.0424,0.033
292518,DEE0A,Mansfeld-Südharz,2020-03-04,10,0.0203,0.0317,0.033
292519,DEE0A,Mansfeld-Südharz,2020-03-05,10,0.0338,0.0381,0.033
292520,DEE0A,Mansfeld-Südharz,2020-03-06,10,0.011,0.0364,0.033
292521,DEE0A,Mansfeld-Südharz,2020-03-07,10,0.0138,0.0328,0.033
292522,DEE0A,Mansfeld-Südharz,2020-03-08,10,0.1141,0.0318,0.033
292523,DEE0A,Mansfeld-Südharz,2020-03-09,11,0.0441,0.0302,0.0176
292524,DEE0A,Mansfeld-Südharz,2020-03-10,11,-0.0074,0.0283,0.0176
292525,DEE0A,Mansfeld-Südharz,2020-03-11,11,0.0134,0.0263,0.0176
292526,DEE0A,Mansfeld-Südharz,2020-03-12,11,0.0227,0.0217,0.0176
292527,DEE0A,Mansfeld-Südharz,2020-03-13,11,-0.0027,0.0165,0.0176
292528,DEE0A,Mansfeld-Südharz,2020-03-14,11,0.0002,0.0052,0.0176
292529,DEE0A,Mansfeld-Südharz,2020-03-15,11,0.0816,-0.0116,0.0176
292530,DEE0A,Mansfeld-Südharz,2020-03-16,12,0.0075,-0.0385,-0.1497
292531,DEE0A,Mansfeld-Südharz,2020-03-17,12,-0.0866,-0.0731,-0.1497
292532,DEE0A,Mansfeld-Südharz,2020-03-18,12,-0.1038,-0.1132,-0.1497
292533,DEE0A,Mansfeld-Südharz,2020-03-19,12,-0.1655,-0.1572,-0.1497
292534,DEE0A,Mansfeld-Südharz,2020-03-20,12,-0.2454,-0.1923,-0.1497
292535,DEE0A,Mansfeld-Südharz,2020-03-21,12,-0.2805,-0.2176,-0.1497
292536,DEE0A,Mansfeld-Südharz,2020-03-22,12,-0.2261,-0.2386,-0.1497
292537,DEE0A,Mansfeld-Südharz,2020-03-23,13,-0.238,-0.2519,-0.2679
292538,DEE0A,Mansfeld-Südharz,2020-03-24,13,-0.2635,-0.2542,-0.2679
292539,DEE0A,Mansfeld-Südharz,2020-03-25,13,-0.2515,-0.2491,-0.2679
292540,DEE0A,Mansfeld-Südharz,2020-03-26,13,-0.2581,-0.2779,-0.2679
292541,DEE0A,Mansfeld-Südharz,2020-03-27,13,-0.2617,-0.2801,-0.2679
292542,DEE0A,Mansfeld-Südharz,2020-03-28,13,-0.2448,-0.2761,-0.2679
292543,DEE0A,Mansfeld-Südharz,2020-03-29,13,-0.4275,-0.2694,-0.2679
292544,DEE0A,Mansfeld-Südharz,2020-03-30,14,-0.2535,-0.261,-0.2164
292545,DEE0A,Mansfeld-Südharz,2020-03-31,14,-0.2359,-0.2439,-0.2164
293332,DEE0B,Saalekreis,2020-03-01,9,0.0614,0.0615,0.0846
293333,DEE0B,Saalekreis,2020-03-02,10,0.0366,0.0581,0.0452
293334,DEE0B,Saalekreis,2020-03-03,10,0.0135,0.0472,0.0452
293335,DEE0B,Saalekreis,2020-03-04,10,0.0483,0.0417,0.0452
293336,DEE0B,Saalekreis,2020-03-05,10,0.0568,0.0509,0.0452
293337,DEE0B,Saalekreis,2020-03-06,10,0.0338,0.0553,0.0452
293338,DEE0B,Saalekreis,2020-03-07,10,0.0415,0.0556,0.0452
293339,DEE0B,Saalekreis,2020-03-08,10,0.1262,0.0517,0.0452
293340,DEE0B,Saalekreis,2020-03-09,11,0.0668,0.0515,0.0318
293341,DEE0B,Saalekreis,2020-03-10,11,0.0156,0.0481,0.0318
293342,DEE0B,Saalekreis,2020-03-11,11,0.0214,0.0388,0.0318
293343,DEE0B,Saalekreis,2020-03-12,11,0.0553,0.0364,0.0318
293344,DEE0B,Saalekreis,2020-03-13,11,0.01,0.0282,0.0318
293345,DEE0B,Saalekreis,2020-03-14,11,-0.024,0.0164,0.0318
293346,DEE0B,Saalekreis,2020-03-15,11,0.1095,0.0022,0.0318
293347,DEE0B,Saalekreis,2020-03-16,12,0.0095,-0.0211,-0.133
293348,DEE0B,Saalekreis,2020-03-17,12,-0.0672,-0.0522,-0.133
293349,DEE0B,Saalekreis,2020-03-18,12,-0.0775,-0.0966,-0.133
293350,DEE0B,Saalekreis,2020-03-19,12,-0.1079,-0.1416,-0.133
293351,DEE0B,Saalekreis,2020-03-20,12,-0.2079,-0.1734,-0.133
293352,DEE0B,Saalekreis,2020-03-21,12,-0.3345,-0.197,-0.133
293353,DEE0B,Saalekreis,2020-03-22,12,-0.2056,-0.2188,-0.133
293354,DEE0B,Saalekreis,2020-03-23,13,-0.2133,-0.2353,-0.2501
293355,DEE0B,Saalekreis,2020-03-24,13,-0.2325,-0.2401,-0.2501
293356,DEE0B,Saalekreis,2020-03-25,13,-0.2301,-0.2331,-0.2501
293357,DEE0B,Saalekreis,2020-03-26,13,-0.2235,-0.2623,-0.2501
293358,DEE0B,Saalekreis,2020-03-27,13,-0.2414,-0.2628,-0.2501
293359,DEE0B,Saalekreis,2020-03-28,13,-0.2856,-0.2611,-0.2501
293360,DEE0B,Saalekreis,2020-03-29,13,-0.41,-0.2595,-0.2501
293361,DEE0B,Saalekreis,2020-03-30,14,-0.2166,-0.2588,-0.2194
293362,DEE0B,Saalekreis,2020-03-31,14,-0.221,-0.2458,-0.2194
294149,DEE0C,Salzlandkreis,2020-03-01,9,0.0422,0.0492,0.0585
294150,DEE0C,Salzlandkreis,2020-03-02,10,0.0569,0.0472,0.0402
294151,DEE0C,Salzlandkreis,2020-03-03,10,0.0268,0.0404,0.0402
294152,DEE0C,Salzlandkreis,2020-03-04,10,0.0447,0.0346,0.0402
294153,DEE0C,Salzlandkreis,2020-03-05,10,0.0431,0.0433,0.0402
294154,DEE0C,Salzlandkreis,2020-03-06,10,0.0295,0.0459,0.0402
294155,DEE0C,Salzlandkreis,2020-03-07,10,-0.0009,0.0448,0.0402
294156,DEE0C,Salzlandkreis,2020-03-08,10,0.1034,0.0447,0.0402
294157,DEE0C,Salzlandkreis,2020-03-09,11,0.0747,0.0458,0.039
294158,DEE0C,Salzlandkreis,2020-03-10,11,0.0193,0.0465,0.039
294159,DEE0C,Salzlandkreis,2020-03-11,11,0.044,0.0464,0.039
294160,DEE0C,Salzlandkreis,2020-03-12,11,0.0509,0.0386,0.039
294161,DEE0C,Salzlandkreis,2020-03-13,11,0.034,0.0296,0.039
294162,DEE0C,Salzlandkreis,2020-03-14,11,-0.0015,0.0204,0.039
294163,DEE0C,Salzlandkreis,2020-03-15,11,0.0487,0.0067,0.039
294164,DEE0C,Salzlandkreis,2020-03-16,12,0.0117,-0.0163,-0.1143
294165,DEE0C,Salzlandkreis,2020-03-17,12,-0.0449,-0.0508,-0.1143
294166,DEE0C,Salzlandkreis,2020-03-18,12,-0.0523,-0.0863,-0.1143
294167,DEE0C,Salzlandkreis,2020-03-19,12,-0.1097,-0.1235,-0.1143
294168,DEE0C,Salzlandkreis,2020-03-20,12,-0.208,-0.1557,-0.1143
294169,DEE0C,Salzlandkreis,2020-03-21,12,-0.2499,-0.1827,-0.1143
294170,DEE0C,Salzlandkreis,2020-03-22,12,-0.2112,-0.2084,-0.1143
294171,DEE0C,Salzlandkreis,2020-03-23,13,-0.2138,-0.2252,-0.2397
294172,DEE0C,Salzlandkreis,2020-03-24,13,-0.2342,-0.2274,-0.2397
294173,DEE0C,Salzlandkreis,2020-03-25,13,-0.2318,-0.224,-0.2397
294174,DEE0C,Salzlandkreis,2020-03-26,13,-0.2274,-0.2493,-0.2397
294175,DEE0C,Salzlandkreis,2020-03-27,13,-0.2231,-0.2514,-0.2397
294176,DEE0C,Salzlandkreis,2020-03-28,13,-0.2262,-0.2469,-0.2397
294177,DEE0C,Salzlandkreis,2020-03-29,13,-0.3887,-0.244,-0.2397
294178,DEE0C,Salzlandkreis,2020-03-30,14,-0.2285,-0.2409,-0.2039
294179,DEE0C,Salzlandkreis,2020-03-31,14,-0.2024,-0.2268,-0.2039
294966,DEE0D,Stendal,2020-03-01,9,0.0682,0.0715,0.0934
294967,DEE0D,Stendal,2020-03-02,10,0.0552,0.0648,0.0269
294968,DEE0D,Stendal,2020-03-03,10,0.0268,0.0469,0.0269
294969,DEE0D,Stendal,2020-03-04,10,0.0453,0.0284,0.0269
294970,DEE0D,Stendal,2020-03-05,10,0.035,0.0287,0.0269
294971,DEE0D,Stendal,2020-03-06,10,-0.0102,0.0271,0.0269
294972,DEE0D,Stendal,2020-03-07,10,-0.0216,0.024,0.0269
294973,DEE0D,Stendal,2020-03-08,10,0.0706,0.0243,0.0269
294974,DEE0D,Stendal,2020-03-09,11,0.0438,0.0202,0.0116
294975,DEE0D,Stendal,2020-03-10,11,0.0053,0.0231,0.0116
294976,DEE0D,Stendal,2020-03-11,11,0.0473,0.022,0.0116
294977,DEE0D,Stendal,2020-03-12,11,0.0064,0.0078,0.0116
294978,DEE0D,Stendal,2020-03-13,11,0.0102,0.0016,0.0116
294979,DEE0D,Stendal,2020-03-14,11,-0.0295,-0.0076,0.0116
294980,DEE0D,Stendal,2020-03-15,11,-0.0287,-0.0272,0.0116
294981,DEE0D,Stendal,2020-03-16,12,0.0005,-0.0516,-0.1485
294982,DEE0D,Stendal,2020-03-17,12,-0.0594,-0.0842,-0.1485
294983,DEE0D,Stendal,2020-03-18,12,-0.0897,-0.1257,-0.1485
294984,DEE0D,Stendal,2020-03-19,12,-0.1645,-0.1612,-0.1485
294985,DEE0D,Stendal,2020-03-20,12,-0.2178,-0.194,-0.1485
294986,DEE0D,Stendal,2020-03-21,12,-0.3205,-0.2247,-0.1485
294987,DEE0D,Stendal,2020-03-22,12,-0.2766,-0.2467,-0.1485
294988,DEE0D,Stendal,2020-03-23,13,-0.2294,-0.2606,-0.2785
294989,DEE0D,Stendal,2020-03-24,13,-0.2743,-0.2655,-0.2785
294990,DEE0D,Stendal,2020-03-25,13,-0.2438,-0.2641,-0.2785
294991,DEE0D,Stendal,2020-03-26,13,-0.2618,-0.2929,-0.2785
294992,DEE0D,Stendal,2020-03-27,13,-0.2524,-0.3017,-0.2785
294993,DEE0D,Stendal,2020-03-28,13,-0.3108,-0.2996,-0.2785
294994,DEE0D,Stendal,2020-03-29,13,-0.4776,-0.3031,-0.2785
294995,DEE0D,Stendal,2020-03-30,14,-0.2909,-0.2996,-0.2618
294996,DEE0D,Stendal,2020-03-31,14,-0.2601,-0.2841,-0.2618
295783,DEE0E,Wittenberg,2020-03-01,9,-0.0219,0.0306,0.0642
295784,DEE0E,Wittenberg,2020-03-02,10,0.0228,0.025,0.0141
295785,DEE0E,Wittenberg,2020-03-03,10,-0.0148,0.0121,0.0141
295786,DEE0E,Wittenberg,2020-03-04,10,0.0249,0.0043,0.0141
295787,DEE0E,Wittenberg,2020-03-05,10,0.0362,0.0165,0.0141
295788,DEE0E,Wittenberg,2020-03-06,10,0.0013,0.0221,0.0141
295789,DEE0E,Wittenberg,2020-03-07,10,-0.0182,0.0238,0.0141
295790,DEE0E,Wittenberg,2020-03-08,10,0.0635,0.023,0.0141
295791,DEE0E,Wittenberg,2020-03-09,11,0.0616,0.0222,0.0092
295792,DEE0E,Wittenberg,2020-03-10,11,-0.0025,0.0217,0.0092
295793,DEE0E,Wittenberg,2020-03-11,11,0.0192,0.0159,0.0092
295794,DEE0E,Wittenberg,2020-03-12,11,0.0304,0.0071,0.0092
295795,DEE0E,Wittenberg,2020-03-13,11,-0.0022,-0.0027,0.0092
295796,DEE0E,Wittenberg,2020-03-14,11,-0.0584,-0.0118,0.0092
295797,DEE0E,Wittenberg,2020-03-15,11,0.0018,-0.0276,0.0092
295798,DEE0E,Wittenberg,2020-03-16,12,-0.0071,-0.0517,-0.1495
295799,DEE0E,Wittenberg,2020-03-17,12,-0.066,-0.0831,-0.1495
295800,DEE0E,Wittenberg,2020-03-18,12,-0.0915,-0.1203,-0.1495
295801,DEE0E,Wittenberg,2020-03-19,12,-0.1388,-0.162,-0.1495
295802,DEE0E,Wittenberg,2020-03-20,12,-0.2215,-0.1932,-0.1495
295803,DEE0E,Wittenberg,2020-03-21,12,-0.3189,-0.2191,-0.1495
295804,DEE0E,Wittenberg,2020-03-22,12,-0.29,-0.2426,-0.1495
295805,DEE0E,Wittenberg,2020-03-23,13,-0.2259,-0.2607,-0.2936
295806,DEE0E,Wittenberg,2020-03-24,13,-0.2472,-0.2726,-0.2936
295807,DEE0E,Wittenberg,2020-03-25,13,-0.2562,-0.2787,-0.2936
295808,DEE0E,Wittenberg,2020-03-26,13,-0.2654,-0.3085,-0.2936
295809,DEE0E,Wittenberg,2020-03-27,13,-0.3048,-0.3169,-0.2936
295810,DEE0E,Wittenberg,2020-03-28,13,-0.3616,-0.3183,-0.2936
295811,DEE0E,Wittenberg,2020-03-29,13,-0.4982,-0.3184,-0.2936
295812,DEE0E,Wittenberg,2020-03-30,14,-0.2846,-0.3184,-0.2736
295813,DEE0E,Wittenberg,2020-03-31,14,-0.2569,-0.2999,-0.2736
296600,DEF01,"Flensburg, Kreisfreie Stadt",2020-03-01,9,-0.0191,0.0781,0.0993
296601,DEF01,"Flensburg, Kreisfreie Stadt",2020-03-02,10,0.0606,0.0676,0.0337
296602,DEF01,"Flensburg, Kreisfreie Stadt",2020-03-03,10,0.0439,0.0487,0.0337
296603,DEF01,"Flensburg, Kreisfreie Stadt",2020-03-04,10,0.0548,0.036,0.0337
296604,DEF01,"Flensburg, Kreisfreie Stadt",2020-03-05,10,0.0194,0.0279,0.0337
296605,DEF01,"Flensburg, Kreisfreie Stadt",2020-03-06,10,0.0173,0.0285,0.0337
296606,DEF01,"Flensburg, Kreisfreie Stadt",2020-03-07,10,0.0751,0.0246,0.0337
296607,DEF01,"Flensburg, Kreisfreie Stadt",2020-03-08,10,-0.0755,0.0264,0.0337
296608,DEF01,"Flensburg, Kreisfreie Stadt",2020-03-09,11,0.0646,0.0195,-0.0388
296609,DEF01,"Flensburg, Kreisfreie Stadt",2020-03-10,11,0.0163,0.0063,-0.0388
296610,DEF01,"Flensburg, Kreisfreie Stadt",2020-03-11,11,0.0673,-0.026,-0.0388
296611,DEF01,"Flensburg, Kreisfreie Stadt",2020-03-12,11,-0.0285,-0.0576,-0.0388
296612,DEF01,"Flensburg, Kreisfreie Stadt",2020-03-13,11,-0.0754,-0.0994,-0.0388
296613,DEF01,"Flensburg, Kreisfreie Stadt",2020-03-14,11,-0.1507,-0.1466,-0.0388
296614,DEF01,"Flensburg, Kreisfreie Stadt",2020-03-15,11,-0.2967,-0.2087,-0.0388
296615,DEF01,"Flensburg, Kreisfreie Stadt",2020-03-16,12,-0.2277,-0.2599,-0.3697
296616,DEF01,"Flensburg, Kreisfreie Stadt",2020-03-17,12,-0.3145,-0.3086,-0.3697
296617,DEF01,"Flensburg, Kreisfreie Stadt",2020-03-18,12,-0.3674,-0.3535,-0.3697
296618,DEF01,"Flensburg, Kreisfreie Stadt",2020-03-19,12,-0.387,-0.3771,-0.3697
296619,DEF01,"Flensburg, Kreisfreie Stadt",2020-03-20,12,-0.4162,-0.405,-0.3697
296620,DEF01,"Flensburg, Kreisfreie Stadt",2020-03-21,12,-0.4646,-0.4242,-0.3697
296621,DEF01,"Flensburg, Kreisfreie Stadt",2020-03-22,12,-0.4623,-0.4314,-0.3697
296622,DEF01,"Flensburg, Kreisfreie Stadt",2020-03-23,13,-0.423,-0.4384,-0.4409
296623,DEF01,"Flensburg, Kreisfreie Stadt",2020-03-24,13,-0.4486,-0.4423,-0.4409
296624,DEF01,"Flensburg, Kreisfreie Stadt",2020-03-25,13,-0.4179,-0.4422,-0.4409
296625,DEF01,"Flensburg, Kreisfreie Stadt",2020-03-26,13,-0.436,-0.4433,-0.4409
296626,DEF01,"Flensburg, Kreisfreie Stadt",2020-03-27,13,-0.4437,-0.4396,-0.4409
296627,DEF01,"Flensburg, Kreisfreie Stadt",2020-03-28,13,-0.464,-0.4298,-0.4409
296628,DEF01,"Flensburg, Kreisfreie Stadt",2020-03-29,13,-0.4701,-0.435,-0.4409
296629,DEF01,"Flensburg, Kreisfreie Stadt",2020-03-30,14,-0.3971,-0.4389,-0.4195
296630,DEF01,"Flensburg, Kreisfreie Stadt",2020-03-31,14,-0.3799,-0.4273,-0.4195
297417,DEF02,"Kiel, Kreisfreie Stadt",2020-03-01,9,0.0499,0.0117,0.0196
297418,DEF02,"Kiel, Kreisfreie Stadt",2020-03-02,10,-0.0149,0.0122,0.0016
297419,DEF02,"Kiel, Kreisfreie Stadt",2020-03-03,10,-0.0359,0.0047,0.0016
297420,DEF02,"Kiel, Kreisfreie Stadt",2020-03-04,10,0.0231,0.0077,0.0016
297421,DEF02,"Kiel, Kreisfreie Stadt",2020-03-05,10,0.0205,0.0035,0.0016
297422,DEF02,"Kiel, Kreisfreie Stadt",2020-03-06,10,-0.0148,0.0121,0.0016
297423,DEF02,"Kiel, Kreisfreie Stadt",2020-03-07,10,0.0259,0.0106,0.0016
297424,DEF02,"Kiel, Kreisfreie Stadt",2020-03-08,10,0.0208,0.0088,0.0016
297425,DEF02,"Kiel, Kreisfreie Stadt",2020-03-09,11,0.0451,0.0015,-0.0521
297426,DEF02,"Kiel, Kreisfreie Stadt",2020-03-10,11,-0.0467,-0.0051,-0.0521
297427,DEF02,"Kiel, Kreisfreie Stadt",2020-03-11,11,0.0111,-0.0268,-0.0521
297428,DEF02,"Kiel, Kreisfreie Stadt",2020-03-12,11,-0.0307,-0.0668,-0.0521
297429,DEF02,"Kiel, Kreisfreie Stadt",2020-03-13,11,-0.0615,-0.0988,-0.0521
297430,DEF02,"Kiel, Kreisfreie Stadt",2020-03-14,11,-0.1256,-0.1328,-0.0521
297431,DEF02,"Kiel, Kreisfreie Stadt",2020-03-15,11,-0.2598,-0.1852,-0.0521
297432,DEF02,"Kiel, Kreisfreie Stadt",2020-03-16,12,-0.1788,-0.231,-0.337
297433,DEF02,"Kiel, Kreisfreie Stadt",2020-03-17,12,-0.2841,-0.2777,-0.337
297434,DEF02,"Kiel, Kreisfreie Stadt",2020-03-18,12,-0.3559,-0.3184,-0.337
297435,DEF02,"Kiel, Kreisfreie Stadt",2020-03-19,12,-0.3515,-0.3454,-0.337
297436,DEF02,"Kiel, Kreisfreie Stadt",2020-03-20,12,-0.388,-0.3769,-0.337
297437,DEF02,"Kiel, Kreisfreie Stadt",2020-03-21,12,-0.4109,-0.3984,-0.337
297438,DEF02,"Kiel, Kreisfreie Stadt",2020-03-22,12,-0.4484,-0.4063,-0.337
297439,DEF02,"Kiel, Kreisfreie Stadt",2020-03-23,13,-0.3995,-0.4153,-0.4194
297440,DEF02,"Kiel, Kreisfreie Stadt",2020-03-24,13,-0.4348,-0.4201,-0.4194
297441,DEF02,"Kiel, Kreisfreie Stadt",2020-03-25,13,-0.4108,-0.4186,-0.4194
297442,DEF02,"Kiel, Kreisfreie Stadt",2020-03-26,13,-0.415,-0.422,-0.4194
297443,DEF02,"Kiel, Kreisfreie Stadt",2020-03-27,13,-0.4216,-0.4231,-0.4194
297444,DEF02,"Kiel, Kreisfreie Stadt",2020-03-28,13,-0.4,-0.4144,-0.4194
297445,DEF02,"Kiel, Kreisfreie Stadt",2020-03-29,13,-0.4726,-0.4204,-0.4194
297446,DEF02,"Kiel, Kreisfreie Stadt",2020-03-30,14,-0.4068,-0.4254,-0.4095
297447,DEF02,"Kiel, Kreisfreie Stadt",2020-03-31,14,-0.3737,-0.4152,-0.4095
298234,DEF03,"Lübeck, Kreisfreie Stadt",2020-03-01,9,0.0069,0.0396,0.0712
298235,DEF03,"Lübeck, Kreisfreie Stadt",2020-03-02,10,0.0091,0.0358,0.0251
298236,DEF03,"Lübeck, Kreisfreie Stadt",2020-03-03,10,-0.012,0.0236,0.0251
298237,DEF03,"Lübeck, Kreisfreie Stadt",2020-03-04,10,0.0427,0.0228,0.0251
298238,DEF03,"Lübeck, Kreisfreie Stadt",2020-03-05,10,0.043,0.0262,0.0251
298239,DEF03,"Lübeck, Kreisfreie Stadt",2020-03-06,10,0.011,0.0321,0.0251
298240,DEF03,"Lübeck, Kreisfreie Stadt",2020-03-07,10,0.0591,0.0306,0.0251
298241,DEF03,"Lübeck, Kreisfreie Stadt",2020-03-08,10,0.0302,0.0289,0.0251
298242,DEF03,"Lübeck, Kreisfreie Stadt",2020-03-09,11,0.0508,0.0232,-0.017
298243,DEF03,"Lübeck, Kreisfreie Stadt",2020-03-10,11,-0.0226,0.0186,-0.017
298244,DEF03,"Lübeck, Kreisfreie Stadt",2020-03-11,11,0.0309,-0.0006,-0.017
298245,DEF03,"Lübeck, Kreisfreie Stadt",2020-03-12,11,0.0026,-0.0258,-0.017
298246,DEF03,"Lübeck, Kreisfreie Stadt",2020-03-13,11,-0.0208,-0.0485,-0.017
298247,DEF03,"Lübeck, Kreisfreie Stadt",2020-03-14,11,-0.0751,-0.0762,-0.017
298248,DEF03,"Lübeck, Kreisfreie Stadt",2020-03-15,11,-0.1465,-0.1173,-0.017
298249,DEF03,"Lübeck, Kreisfreie Stadt",2020-03-16,12,-0.1078,-0.1597,-0.2963
298250,DEF03,"Lübeck, Kreisfreie Stadt",2020-03-17,12,-0.2165,-0.2087,-0.2963
298251,DEF03,"Lübeck, Kreisfreie Stadt",2020-03-18,12,-0.2569,-0.2631,-0.2963
298252,DEF03,"Lübeck, Kreisfreie Stadt",2020-03-19,12,-0.2943,-0.3086,-0.2963
298253,DEF03,"Lübeck, Kreisfreie Stadt",2020-03-20,12,-0.3639,-0.3453,-0.2963
298254,DEF03,"Lübeck, Kreisfreie Stadt",2020-03-21,12,-0.4555,-0.3692,-0.2963
298255,DEF03,"Lübeck, Kreisfreie Stadt",2020-03-22,12,-0.4651,-0.3856,-0.2963
298256,DEF03,"Lübeck, Kreisfreie Stadt",2020-03-23,13,-0.3651,-0.3961,-0.3943
298257,DEF03,"Lübeck, Kreisfreie Stadt",2020-03-24,13,-0.3832,-0.3998,-0.3943
298258,DEF03,"Lübeck, Kreisfreie Stadt",2020-03-25,13,-0.372,-0.3943,-0.3943
298259,DEF03,"Lübeck, Kreisfreie Stadt",2020-03-26,13,-0.3678,-0.4026,-0.3943
298260,DEF03,"Lübeck, Kreisfreie Stadt",2020-03-27,13,-0.3899,-0.4038,-0.3943
298261,DEF03,"Lübeck, Kreisfreie Stadt",2020-03-28,13,-0.4169,-0.3989,-0.3943
298262,DEF03,"Lübeck, Kreisfreie Stadt",2020-03-29,13,-0.5228,-0.4023,-0.3943
298263,DEF03,"Lübeck, Kreisfreie Stadt",2020-03-30,14,-0.374,-0.4038,-0.3725
298264,DEF03,"Lübeck, Kreisfreie Stadt",2020-03-31,14,-0.3485,-0.393,-0.3725
299051,DEF04,"Neumünster, Kreisfreie Stadt",2020-03-01,9,-0.0174,0.0505,0.0812
299052,DEF04,"Neumünster, Kreisfreie Stadt",2020-03-02,10,0.0339,0.0515,0.0501
299053,DEF04,"Neumünster, Kreisfreie Stadt",2020-03-03,10,0.0285,0.049,0.0501
299054,DEF04,"Neumünster, Kreisfreie Stadt",2020-03-04,10,0.0695,0.0472,0.0501
299055,DEF04,"Neumünster, Kreisfreie Stadt",2020-03-05,10,0.0731,0.0454,0.0501
299056,DEF04,"Neumünster, Kreisfreie Stadt",2020-03-06,10,0.0723,0.053,0.0501
299057,DEF04,"Neumünster, Kreisfreie Stadt",2020-03-07,10,0.0704,0.0511,0.0501
299058,DEF04,"Neumünster, Kreisfreie Stadt",2020-03-08,10,-0.0299,0.0497,0.0501
299059,DEF04,"Neumünster, Kreisfreie Stadt",2020-03-09,11,0.0869,0.0436,-0.0013
299060,DEF04,"Neumünster, Kreisfreie Stadt",2020-03-10,11,0.0157,0.0325,-0.0013
299061,DEF04,"Neumünster, Kreisfreie Stadt",2020-03-11,11,0.0591,0.0119,-0.0013
299062,DEF04,"Neumünster, Kreisfreie Stadt",2020-03-12,11,0.0309,-0.0156,-0.0013
299063,DEF04,"Neumünster, Kreisfreie Stadt",2020-03-13,11,-0.0054,-0.0418,-0.0013
299064,DEF04,"Neumünster, Kreisfreie Stadt",2020-03-14,11,-0.0744,-0.0695,-0.0013
299065,DEF04,"Neumünster, Kreisfreie Stadt",2020-03-15,11,-0.2219,-0.1145,-0.0013
299066,DEF04,"Neumünster, Kreisfreie Stadt",2020-03-16,12,-0.0969,-0.1589,-0.2679
299067,DEF04,"Neumünster, Kreisfreie Stadt",2020-03-17,12,-0.1781,-0.2039,-0.2679
299068,DEF04,"Neumünster, Kreisfreie Stadt",2020-03-18,12,-0.2559,-0.2499,-0.2679
299069,DEF04,"Neumünster, Kreisfreie Stadt",2020-03-19,12,-0.2795,-0.2783,-0.2679
299070,DEF04,"Neumünster, Kreisfreie Stadt",2020-03-20,12,-0.3206,-0.3101,-0.2679
299071,DEF04,"Neumünster, Kreisfreie Stadt",2020-03-21,12,-0.3966,-0.3338,-0.2679
299072,DEF04,"Neumünster, Kreisfreie Stadt",2020-03-22,12,-0.4207,-0.3449,-0.2679
299073,DEF04,"Neumünster, Kreisfreie Stadt",2020-03-23,13,-0.3196,-0.3519,-0.3544
299074,DEF04,"Neumünster, Kreisfreie Stadt",2020-03-24,13,-0.3436,-0.3563,-0.3544
299075,DEF04,"Neumünster, Kreisfreie Stadt",2020-03-25,13,-0.3338,-0.3538,-0.3544
299076,DEF04,"Neumünster, Kreisfreie Stadt",2020-03-26,13,-0.3283,-0.3624,-0.3544
299077,DEF04,"Neumünster, Kreisfreie Stadt",2020-03-27,13,-0.3517,-0.3641,-0.3544
299078,DEF04,"Neumünster, Kreisfreie Stadt",2020-03-28,13,-0.3787,-0.3568,-0.3544
299079,DEF04,"Neumünster, Kreisfreie Stadt",2020-03-29,13,-0.4809,-0.357,-0.3544
299080,DEF04,"Neumünster, Kreisfreie Stadt",2020-03-30,14,-0.3314,-0.3553,-0.3228
299081,DEF04,"Neumünster, Kreisfreie Stadt",2020-03-31,14,-0.2926,-0.3431,-0.3228
299868,DEF05,Dithmarschen,2020-03-01,9,-0.0764,-0.0062,-0.0133
299869,DEF05,Dithmarschen,2020-03-02,10,0.0124,-0.0051,-0.0148
299870,DEF05,Dithmarschen,2020-03-03,10,0.006,-0.0156,-0.0148
299871,DEF05,Dithmarschen,2020-03-04,10,0.0182,-0.0154,-0.0148
299872,DEF05,Dithmarschen,2020-03-05,10,0.0087,-0.0179,-0.0148
299873,DEF05,Dithmarschen,2020-03-06,10,-0.0622,-0.0176,-0.0148
299874,DEF05,Dithmarschen,2020-03-07,10,-0.0146,-0.0253,-0.0148
299875,DEF05,Dithmarschen,2020-03-08,10,-0.0941,-0.0212,-0.0148
299876,DEF05,Dithmarschen,2020-03-09,11,0.0149,-0.0268,-0.031
299877,DEF05,Dithmarschen,2020-03-10,11,-0.048,-0.0254,-0.031
299878,DEF05,Dithmarschen,2020-03-11,11,0.0471,-0.0276,-0.031
299879,DEF05,Dithmarschen,2020-03-12,11,-0.0306,-0.0362,-0.031
299880,DEF05,Dithmarschen,2020-03-13,11,-0.0526,-0.051,-0.031
299881,DEF05,Dithmarschen,2020-03-14,11,-0.0303,-0.0655,-0.031
299882,DEF05,Dithmarschen,2020-03-15,11,-0.1542,-0.1055,-0.031
299883,DEF05,Dithmarschen,2020-03-16,12,-0.0884,-0.1345,-0.233
299884,DEF05,Dithmarschen,2020-03-17,12,-0.1493,-0.1657,-0.233
299885,DEF05,Dithmarschen,2020-03-18,12,-0.2331,-0.2077,-0.233
299886,DEF05,Dithmarschen,2020-03-19,12,-0.2335,-0.241,-0.233
299887,DEF05,Dithmarschen,2020-03-20,12,-0.2712,-0.272,-0.233
299888,DEF05,Dithmarschen,2020-03-21,12,-0.3242,-0.2958,-0.233
299889,DEF05,Dithmarschen,2020-03-22,12,-0.3874,-0.3036,-0.233
299890,DEF05,Dithmarschen,2020-03-23,13,-0.305,-0.3122,-0.323
299891,DEF05,Dithmarschen,2020-03-24,13,-0.3163,-0.3199,-0.323
299892,DEF05,Dithmarschen,2020-03-25,13,-0.2877,-0.3204,-0.323
299893,DEF05,Dithmarschen,2020-03-26,13,-0.2937,-0.3287,-0.323
299894,DEF05,Dithmarschen,2020-03-27,13,-0.3249,-0.3276,-0.323
299895,DEF05,Dithmarschen,2020-03-28,13,-0.328,-0.3181,-0.323
299896,DEF05,Dithmarschen,2020-03-29,13,-0.4455,-0.3268,-0.323
299897,DEF05,Dithmarschen,2020-03-30,14,-0.2972,-0.3338,-0.3155
299898,DEF05,Dithmarschen,2020-03-31,14,-0.2496,-0.3261,-0.3155
300685,DEF06,Herzogtum Lauenburg,2020-03-01,9,-0.0744,-0.0266,-0.0232
300686,DEF06,Herzogtum Lauenburg,2020-03-02,10,-0.0138,-0.0239,-0.0287
300687,DEF06,Herzogtum Lauenburg,2020-03-03,10,-0.0362,-0.0325,-0.0287
300688,DEF06,Herzogtum Lauenburg,2020-03-04,10,-0.0224,-0.032,-0.0287
300689,DEF06,Herzogtum Lauenburg,2020-03-05,10,-0.0036,-0.03,-0.0287
300690,DEF06,Herzogtum Lauenburg,2020-03-06,10,-0.0517,-0.0293,-0.0287
300691,DEF06,Herzogtum Lauenburg,2020-03-07,10,-0.0219,-0.0323,-0.0287
300692,DEF06,Herzogtum Lauenburg,2020-03-08,10,-0.0606,-0.0308,-0.0287
300693,DEF06,Herzogtum Lauenburg,2020-03-09,11,-0.0086,-0.0344,-0.0512
300694,DEF06,Herzogtum Lauenburg,2020-03-10,11,-0.0576,-0.0353,-0.0512
300695,DEF06,Herzogtum Lauenburg,2020-03-11,11,-0.0117,-0.0433,-0.0512
300696,DEF06,Herzogtum Lauenburg,2020-03-12,11,-0.0286,-0.0572,-0.0512
300697,DEF06,Herzogtum Lauenburg,2020-03-13,11,-0.0583,-0.0722,-0.0512
300698,DEF06,Herzogtum Lauenburg,2020-03-14,11,-0.0775,-0.0918,-0.0512
300699,DEF06,Herzogtum Lauenburg,2020-03-15,11,-0.1579,-0.1236,-0.0512
300700,DEF06,Herzogtum Lauenburg,2020-03-16,12,-0.1139,-0.1588,-0.2639
300701,DEF06,Herzogtum Lauenburg,2020-03-17,12,-0.1949,-0.1961,-0.2639
300702,DEF06,Herzogtum Lauenburg,2020-03-18,12,-0.2344,-0.2351,-0.2639
300703,DEF06,Herzogtum Lauenburg,2020-03-19,12,-0.2749,-0.2731,-0.2639
300704,DEF06,Herzogtum Lauenburg,2020-03-20,12,-0.319,-0.3033,-0.2639
300705,DEF06,Herzogtum Lauenburg,2020-03-21,12,-0.351,-0.3244,-0.2639
300706,DEF06,Herzogtum Lauenburg,2020-03-22,12,-0.4239,-0.3382,-0.2639
300707,DEF06,Herzogtum Lauenburg,2020-03-23,13,-0.3253,-0.3459,-0.3493
300708,DEF06,Herzogtum Lauenburg,2020-03-24,13,-0.3421,-0.3487,-0.3493
300709,DEF06,Herzogtum Lauenburg,2020-03-25,13,-0.3316,-0.3433,-0.3493
300710,DEF06,Herzogtum Lauenburg,2020-03-26,13,-0.3285,-0.3578,-0.3493
300711,DEF06,Herzogtum Lauenburg,2020-03-27,13,-0.3387,-0.3614,-0.3493
300712,DEF06,Herzogtum Lauenburg,2020-03-28,13,-0.313,-0.3562,-0.3493
300713,DEF06,Herzogtum Lauenburg,2020-03-29,13,-0.5254,-0.3564,-0.3493
300714,DEF06,Herzogtum Lauenburg,2020-03-30,14,-0.3506,-0.355,-0.323
300715,DEF06,Herzogtum Lauenburg,2020-03-31,14,-0.3057,-0.3435,-0.323
301502,DEF07,Nordfriesland,2020-03-01,9,-0.0712,0.0072,-0.0121
301503,DEF07,Nordfriesland,2020-03-02,10,0.0299,0.0186,0.0413
301504,DEF07,Nordfriesland,2020-03-03,10,0.0653,0.0216,0.0413
301505,DEF07,Nordfriesland,2020-03-04,10,0.0766,0.0381,0.0413
301506,DEF07,Nordfriesland,2020-03-05,10,0.0623,0.0385,0.0413
301507,DEF07,Nordfriesland,2020-03-06,10,0.0142,0.0457,0.0413
301508,DEF07,Nordfriesland,2020-03-07,10,0.0893,0.0405,0.0413
301509,DEF07,Nordfriesland,2020-03-08,10,-0.0683,0.0448,0.0413
301510,DEF07,Nordfriesland,2020-03-09,11,0.0807,0.0413,0.0354
301511,DEF07,Nordfriesland,2020-03-10,11,0.0286,0.0428,0.0354
301512,DEF07,Nordfriesland,2020-03-11,11,0.1064,0.0384,0.0354
301513,DEF07,Nordfriesland,2020-03-12,11,0.0378,0.0307,0.0354
301514,DEF07,Nordfriesland,2020-03-13,11,0.0253,0.0078,0.0354
301515,DEF07,Nordfriesland,2020-03-14,11,0.058,-0.0301,0.0354
301516,DEF07,Nordfriesland,2020-03-15,11,-0.1218,-0.0945,0.0354
301517,DEF07,Nordfriesland,2020-03-16,12,-0.0798,-0.1502,-0.3265
301518,DEF07,Nordfriesland,2020-03-17,12,-0.2369,-0.2076,-0.3265
301519,DEF07,Nordfriesland,2020-03-18,12,-0.3442,-0.2783,-0.3265
301520,DEF07,Nordfriesland,2020-03-19,12,-0.3522,-0.3327,-0.3265
301521,DEF07,Nordfriesland,2020-03-20,12,-0.3767,-0.3809,-0.3265
301522,DEF07,Nordfriesland,2020-03-21,12,-0.4367,-0.4074,-0.3265
301523,DEF07,Nordfriesland,2020-03-22,12,-0.5024,-0.4136,-0.3265
301524,DEF07,Nordfriesland,2020-03-23,13,-0.4172,-0.4195,-0.4237
301525,DEF07,Nordfriesland,2020-03-24,13,-0.4222,-0.4238,-0.4237
301526,DEF07,Nordfriesland,2020-03-25,13,-0.3875,-0.4235,-0.4237
301527,DEF07,Nordfriesland,2020-03-26,13,-0.3936,-0.4274,-0.4237
301528,DEF07,Nordfriesland,2020-03-27,13,-0.4068,-0.4253,-0.4237
301529,DEF07,Nordfriesland,2020-03-28,13,-0.4344,-0.4191,-0.4237
301530,DEF07,Nordfriesland,2020-03-29,13,-0.5301,-0.4303,-0.4237
301531,DEF07,Nordfriesland,2020-03-30,14,-0.4024,-0.4403,-0.4531
301532,DEF07,Nordfriesland,2020-03-31,14,-0.3789,-0.4416,-0.4531
302319,DEF08,Ostholstein,2020-03-01,9,-0.0263,0.0286,0.0293
302320,DEF08,Ostholstein,2020-03-02,10,0.0525,0.0347,0.0433
302321,DEF08,Ostholstein,2020-03-03,10,0.02,0.0279,0.0433
302322,DEF08,Ostholstein,2020-03-04,10,0.0679,0.0352,0.0433
302323,DEF08,Ostholstein,2020-03-05,10,0.0645,0.0433,0.0433
302324,DEF08,Ostholstein,2020-03-06,10,0.0128,0.0479,0.0433
302325,DEF08,Ostholstein,2020-03-07,10,0.0551,0.0467,0.0433
302326,DEF08,Ostholstein,2020-03-08,10,0.0301,0.0504,0.0433
302327,DEF08,Ostholstein,2020-03-09,11,0.0848,0.0448,0.0278
302328,DEF08,Ostholstein,2020-03-10,11,0.0115,0.0449,0.0278
302329,DEF08,Ostholstein,2020-03-11,11,0.0939,0.0384,0.0278
302330,DEF08,Ostholstein,2020-03-12,11,0.0256,0.0244,0.0278
302331,DEF08,Ostholstein,2020-03-13,11,0.0131,0.0048,0.0278
302332,DEF08,Ostholstein,2020-03-14,11,0.0099,-0.0176,0.0278
302333,DEF08,Ostholstein,2020-03-15,11,-0.0684,-0.0591,0.0278
302334,DEF08,Ostholstein,2020-03-16,12,-0.0522,-0.0989,-0.2506
302335,DEF08,Ostholstein,2020-03-17,12,-0.1454,-0.1447,-0.2506
302336,DEF08,Ostholstein,2020-03-18,12,-0.1961,-0.203,-0.2506
302337,DEF08,Ostholstein,2020-03-19,12,-0.2534,-0.2589,-0.2506
302338,DEF08,Ostholstein,2020-03-20,12,-0.3073,-0.2956,-0.2506
302339,DEF08,Ostholstein,2020-03-21,12,-0.398,-0.3216,-0.2506
302340,DEF08,Ostholstein,2020-03-22,12,-0.46,-0.3371,-0.2506
302341,DEF08,Ostholstein,2020-03-23,13,-0.3091,-0.3459,-0.3427
302342,DEF08,Ostholstein,2020-03-24,13,-0.3273,-0.3497,-0.3427
302343,DEF08,Ostholstein,2020-03-25,13,-0.3044,-0.3439,-0.3427
302344,DEF08,Ostholstein,2020-03-26,13,-0.3155,-0.3488,-0.3427
302345,DEF08,Ostholstein,2020-03-27,13,-0.3338,-0.3491,-0.3427
302346,DEF08,Ostholstein,2020-03-28,13,-0.3569,-0.3443,-0.3427
302347,DEF08,Ostholstein,2020-03-29,13,-0.4947,-0.3547,-0.3427
302348,DEF08,Ostholstein,2020-03-30,14,-0.3109,-0.3628,-0.377
302349,DEF08,Ostholstein,2020-03-31,14,-0.2943,-0.3642,-0.377
303136,DEF09,Pinneberg,2020-03-01,9,-0.0358,-0.0025,0.0119
303137,DEF09,Pinneberg,2020-03-02,10,-0.0158,-0.0043,-0.0159
303138,DEF09,Pinneberg,2020-03-03,10,-0.022,-0.0135,-0.0159
303139,DEF09,Pinneberg,2020-03-04,10,0.0001,-0.0186,-0.0159
303140,DEF09,Pinneberg,2020-03-05,10,-0.0058,-0.0159,-0.0159
303141,DEF09,Pinneberg,2020-03-06,10,-0.0328,-0.0132,-0.0159
303142,DEF09,Pinneberg,2020-03-07,10,-0.018,-0.0177,-0.0159
303143,DEF09,Pinneberg,2020-03-08,10,-0.0167,-0.0205,-0.0159
303144,DEF09,Pinneberg,2020-03-09,11,0.0026,-0.0249,-0.056
303145,DEF09,Pinneberg,2020-03-10,11,-0.0531,-0.0299,-0.056
303146,DEF09,Pinneberg,2020-03-11,11,-0.0199,-0.0391,-0.056
303147,DEF09,Pinneberg,2020-03-12,11,-0.0364,-0.0632,-0.056
303148,DEF09,Pinneberg,2020-03-13,11,-0.0677,-0.0826,-0.056
303149,DEF09,Pinneberg,2020-03-14,11,-0.0825,-0.1053,-0.056
303150,DEF09,Pinneberg,2020-03-15,11,-0.1851,-0.1388,-0.056
303151,DEF09,Pinneberg,2020-03-16,12,-0.1333,-0.1743,-0.2695
303152,DEF09,Pinneberg,2020-03-17,12,-0.2119,-0.2096,-0.2695
303153,DEF09,Pinneberg,2020-03-18,12,-0.2545,-0.2491,-0.2695
303154,DEF09,Pinneberg,2020-03-19,12,-0.285,-0.2758,-0.2695
303155,DEF09,Pinneberg,2020-03-20,12,-0.3152,-0.3042,-0.2695
303156,DEF09,Pinneberg,2020-03-21,12,-0.3589,-0.3239,-0.2695
303157,DEF09,Pinneberg,2020-03-22,12,-0.3719,-0.3347,-0.2695
303158,DEF09,Pinneberg,2020-03-23,13,-0.3324,-0.3413,-0.3484
303159,DEF09,Pinneberg,2020-03-24,13,-0.3497,-0.3451,-0.3484
303160,DEF09,Pinneberg,2020-03-25,13,-0.3298,-0.3408,-0.3484
303161,DEF09,Pinneberg,2020-03-26,13,-0.3314,-0.3544,-0.3484
303162,DEF09,Pinneberg,2020-03-27,13,-0.3418,-0.357,-0.3484
303163,DEF09,Pinneberg,2020-03-28,13,-0.3283,-0.3508,-0.3484
303164,DEF09,Pinneberg,2020-03-29,13,-0.4677,-0.3521,-0.3484
303165,DEF09,Pinneberg,2020-03-30,14,-0.3503,-0.3498,-0.3134
303166,DEF09,Pinneberg,2020-03-31,14,-0.3061,-0.336,-0.3134
303953,DEF0A,Plön,2020-03-01,9,-0.0666,0.0005,0.0126
303954,DEF0A,Plön,2020-03-02,10,-0.001,0.0006,-0.0053
303955,DEF0A,Plön,2020-03-03,10,-0.0237,-0.0106,-0.0053
303956,DEF0A,Plön,2020-03-04,10,0.0317,-0.0099,-0.0053
303957,DEF0A,Plön,2020-03-05,10,0.0159,-0.0064,-0.0053
303958,DEF0A,Plön,2020-03-06,10,-0.0316,-0.0044,-0.0053
303959,DEF0A,Plön,2020-03-07,10,0.006,-0.0044,-0.0053
303960,DEF0A,Plön,2020-03-08,10,-0.042,-0.0049,-0.0053
303961,DEF0A,Plön,2020-03-09,11,0.0128,-0.0093,-0.0299
303962,DEF0A,Plön,2020-03-10,11,-0.0233,-0.0075,-0.0299
303963,DEF0A,Plön,2020-03-11,11,0.0278,-0.0149,-0.0299
303964,DEF0A,Plön,2020-03-12,11,-0.0151,-0.0373,-0.0299
303965,DEF0A,Plön,2020-03-13,11,-0.0184,-0.0563,-0.0299
303966,DEF0A,Plön,2020-03-14,11,-0.046,-0.0808,-0.0299
303967,DEF0A,Plön,2020-03-15,11,-0.1988,-0.1228,-0.0299
303968,DEF0A,Plön,2020-03-16,12,-0.1201,-0.1605,-0.2785
303969,DEF0A,Plön,2020-03-17,12,-0.1949,-0.2035,-0.2785
303970,DEF0A,Plön,2020-03-18,12,-0.2661,-0.2506,-0.2785
303971,DEF0A,Plön,2020-03-19,12,-0.279,-0.286,-0.2785
303972,DEF0A,Plön,2020-03-20,12,-0.3196,-0.3185,-0.2785
303973,DEF0A,Plön,2020-03-21,12,-0.3754,-0.3414,-0.2785
303974,DEF0A,Plön,2020-03-22,12,-0.4472,-0.3471,-0.2785
303975,DEF0A,Plön,2020-03-23,13,-0.3472,-0.3535,-0.3491
303976,DEF0A,Plön,2020-03-24,13,-0.3553,-0.3548,-0.3491
303977,DEF0A,Plön,2020-03-25,13,-0.306,-0.3494,-0.3491
303978,DEF0A,Plön,2020-03-26,13,-0.3236,-0.3552,-0.3491
303979,DEF0A,Plön,2020-03-27,13,-0.3292,-0.3531,-0.3491
303980,DEF0A,Plön,2020-03-28,13,-0.3371,-0.3414,-0.3491
303981,DEF0A,Plön,2020-03-29,13,-0.4878,-0.3473,-0.3491
303982,DEF0A,Plön,2020-03-30,14,-0.333,-0.3477,-0.3307
303983,DEF0A,Plön,2020-03-31,14,-0.2731,-0.3381,-0.3307
304770,DEF0B,Rendsburg-Eckernförde,2020-03-01,9,-0.0129,0.0465,0.0479
304771,DEF0B,Rendsburg-Eckernförde,2020-03-02,10,0.0446,0.0528,0.0562
304772,DEF0B,Rendsburg-Eckernförde,2020-03-03,10,0.0421,0.0467,0.0562
304773,DEF0B,Rendsburg-Eckernförde,2020-03-04,10,0.0959,0.054,0.0562
304774,DEF0B,Rendsburg-Eckernförde,2020-03-05,10,0.0874,0.0531,0.0562
304775,DEF0B,Rendsburg-Eckernförde,2020-03-06,10,0.0444,0.0597,0.0562
304776,DEF0B,Rendsburg-Eckernförde,2020-03-07,10,0.0762,0.0594,0.0562
304777,DEF0B,Rendsburg-Eckernförde,2020-03-08,10,-0.0188,0.0596,0.0562
304778,DEF0B,Rendsburg-Eckernförde,2020-03-09,11,0.0903,0.0536,0.0333
304779,DEF0B,Rendsburg-Eckernförde,2020-03-10,11,0.0403,0.0513,0.0333
304780,DEF0B,Rendsburg-Eckernförde,2020-03-11,11,0.0977,0.0426,0.0333
304781,DEF0B,Rendsburg-Eckernförde,2020-03-12,11,0.0451,0.0245,0.0333
304782,DEF0B,Rendsburg-Eckernförde,2020-03-13,11,0.0286,0.0019,0.0333
304783,DEF0B,Rendsburg-Eckernförde,2020-03-14,11,0.0148,-0.0256,0.0333
304784,DEF0B,Rendsburg-Eckernförde,2020-03-15,11,-0.145,-0.0719,0.0333
304785,DEF0B,Rendsburg-Eckernförde,2020-03-16,12,-0.0678,-0.1078,-0.2128
304786,DEF0B,Rendsburg-Eckernförde,2020-03-17,12,-0.1525,-0.1466,-0.2128
304787,DEF0B,Rendsburg-Eckernförde,2020-03-18,12,-0.2265,-0.1886,-0.2128
304788,DEF0B,Rendsburg-Eckernförde,2020-03-19,12,-0.2064,-0.2216,-0.2128
304789,DEF0B,Rendsburg-Eckernförde,2020-03-20,12,-0.2428,-0.2521,-0.2128
304790,DEF0B,Rendsburg-Eckernförde,2020-03-21,12,-0.2794,-0.2715,-0.2128
304791,DEF0B,Rendsburg-Eckernförde,2020-03-22,12,-0.3758,-0.2767,-0.2128
304792,DEF0B,Rendsburg-Eckernförde,2020-03-23,13,-0.281,-0.2858,-0.2881
304793,DEF0B,Rendsburg-Eckernförde,2020-03-24,13,-0.2883,-0.2904,-0.2881
304794,DEF0B,Rendsburg-Eckernförde,2020-03-25,13,-0.2633,-0.2878,-0.2881
304795,DEF0B,Rendsburg-Eckernförde,2020-03-26,13,-0.2702,-0.2939,-0.2881
304796,DEF0B,Rendsburg-Eckernförde,2020-03-27,13,-0.275,-0.2917,-0.2881
304797,DEF0B,Rendsburg-Eckernförde,2020-03-28,13,-0.2612,-0.285,-0.2881
304798,DEF0B,Rendsburg-Eckernförde,2020-03-29,13,-0.4185,-0.2904,-0.2881
304799,DEF0B,Rendsburg-Eckernförde,2020-03-30,14,-0.2653,-0.2945,-0.2784
304800,DEF0B,Rendsburg-Eckernförde,2020-03-31,14,-0.2418,-0.2863,-0.2784
305587,DEF0C,Schleswig-Flensburg,2020-03-01,9,0.0123,0.1048,0.0904
305588,DEF0C,Schleswig-Flensburg,2020-03-02,10,0.1297,0.0997,0.0761
305589,DEF0C,Schleswig-Flensburg,2020-03-03,10,0.1035,0.0844,0.0761
305590,DEF0C,Schleswig-Flensburg,2020-03-04,10,0.1283,0.0785,0.0761
305591,DEF0C,Schleswig-Flensburg,2020-03-05,10,0.0737,0.0713,0.0761
305592,DEF0C,Schleswig-Flensburg,2020-03-06,10,0.0322,0.0639,0.0761
305593,DEF0C,Schleswig-Flensburg,2020-03-07,10,0.0697,0.0549,0.0761
305594,DEF0C,Schleswig-Flensburg,2020-03-08,10,-0.0381,0.0499,0.0761
305595,DEF0C,Schleswig-Flensburg,2020-03-09,11,0.0784,0.0419,0.0007
305596,DEF0C,Schleswig-Flensburg,2020-03-10,11,0.0403,0.0343,0.0007
305597,DEF0C,Schleswig-Flensburg,2020-03-11,11,0.0932,0.016,0.0007
305598,DEF0C,Schleswig-Flensburg,2020-03-12,11,0.0178,-0.0106,0.0007
305599,DEF0C,Schleswig-Flensburg,2020-03-13,11,-0.0215,-0.0373,0.0007
305600,DEF0C,Schleswig-Flensburg,2020-03-14,11,-0.0581,-0.0695,0.0007
305601,DEF0C,Schleswig-Flensburg,2020-03-15,11,-0.2246,-0.1199,0.0007
305602,DEF0C,Schleswig-Flensburg,2020-03-16,12,-0.1082,-0.158,-0.2565
305603,DEF0C,Schleswig-Flensburg,2020-03-17,12,-0.1851,-0.1968,-0.2565
305604,DEF0C,Schleswig-Flensburg,2020-03-18,12,-0.2599,-0.2392,-0.2565
305605,DEF0C,Schleswig-Flensburg,2020-03-19,12,-0.2484,-0.2643,-0.2565
305606,DEF0C,Schleswig-Flensburg,2020-03-20,12,-0.2933,-0.2906,-0.2565
305607,DEF0C,Schleswig-Flensburg,2020-03-21,12,-0.3551,-0.3085,-0.2565
305608,DEF0C,Schleswig-Flensburg,2020-03-22,12,-0.4002,-0.3119,-0.2565
305609,DEF0C,Schleswig-Flensburg,2020-03-23,13,-0.2923,-0.3184,-0.3175
305610,DEF0C,Schleswig-Flensburg,2020-03-24,13,-0.3101,-0.3227,-0.3175
305611,DEF0C,Schleswig-Flensburg,2020-03-25,13,-0.2841,-0.3195,-0.3175
305612,DEF0C,Schleswig-Flensburg,2020-03-26,13,-0.294,-0.3227,-0.3175
305613,DEF0C,Schleswig-Flensburg,2020-03-27,13,-0.3231,-0.318,-0.3175
305614,DEF0C,Schleswig-Flensburg,2020-03-28,13,-0.333,-0.307,-0.3175
305615,DEF0C,Schleswig-Flensburg,2020-03-29,13,-0.4224,-0.3123,-0.3175
305616,DEF0C,Schleswig-Flensburg,2020-03-30,14,-0.2596,-0.3151,-0.3064
305617,DEF0C,Schleswig-Flensburg,2020-03-31,14,-0.2328,-0.3053,-0.3064
306404,DEF0D,Segeberg,2020-03-01,9,-0.0447,-0.0329,-0.0141
306405,DEF0D,Segeberg,2020-03-02,10,-0.063,-0.035,-0.05
306406,DEF0D,Segeberg,2020-03-03,10,-0.071,-0.0458,-0.05
306407,DEF0D,Segeberg,2020-03-04,10,-0.0264,-0.0464,-0.05
306408,DEF0D,Segeberg,2020-03-05,10,-0.0314,-0.0512,-0.05
306409,DEF0D,Segeberg,2020-03-06,10,-0.0552,-0.0445,-0.05
306410,DEF0D,Segeberg,2020-03-07,10,-0.0332,-0.0456,-0.05
306411,DEF0D,Segeberg,2020-03-08,10,-0.078,-0.0472,-0.05
306412,DEF0D,Segeberg,2020-03-09,11,-0.0161,-0.0525,-0.0841
306413,DEF0D,Segeberg,2020-03-10,11,-0.0785,-0.0567,-0.0841
306414,DEF0D,Segeberg,2020-03-11,11,-0.0381,-0.0697,-0.0841
306415,DEF0D,Segeberg,2020-03-12,11,-0.0683,-0.0942,-0.0841
306416,DEF0D,Segeberg,2020-03-13,11,-0.0847,-0.1158,-0.0841
306417,DEF0D,Segeberg,2020-03-14,11,-0.1245,-0.1401,-0.0841
306418,DEF0D,Segeberg,2020-03-15,11,-0.2496,-0.1762,-0.0841
306419,DEF0D,Segeberg,2020-03-16,12,-0.1674,-0.212,-0.3116
306420,DEF0D,Segeberg,2020-03-17,12,-0.248,-0.2503,-0.3116
306421,DEF0D,Segeberg,2020-03-18,12,-0.2914,-0.2926,-0.3116
306422,DEF0D,Segeberg,2020-03-19,12,-0.3182,-0.3212,-0.3116
306423,DEF0D,Segeberg,2020-03-20,12,-0.3534,-0.3499,-0.3116
306424,DEF0D,Segeberg,2020-03-21,12,-0.4202,-0.3697,-0.3116
306425,DEF0D,Segeberg,2020-03-22,12,-0.45,-0.3791,-0.3116
306426,DEF0D,Segeberg,2020-03-23,13,-0.368,-0.3862,-0.387
306427,DEF0D,Segeberg,2020-03-24,13,-0.3869,-0.389,-0.387
306428,DEF0D,Segeberg,2020-03-25,13,-0.3568,-0.3836,-0.387
306429,DEF0D,Segeberg,2020-03-26,13,-0.3684,-0.3951,-0.387
306430,DEF0D,Segeberg,2020-03-27,13,-0.3727,-0.3971,-0.387
306431,DEF0D,Segeberg,2020-03-28,13,-0.3825,-0.3918,-0.387
306432,DEF0D,Segeberg,2020-03-29,13,-0.5305,-0.3918,-0.387
306433,DEF0D,Segeberg,2020-03-30,14,-0.3819,-0.3879,-0.3476
306434,DEF0D,Segeberg,2020-03-31,14,-0.3496,-0.3729,-0.3476
307221,DEF0E,Steinburg,2020-03-01,9,-0.09,-0.0563,-0.0693
307222,DEF0E,Steinburg,2020-03-02,10,-0.0325,-0.051,-0.0513
307223,DEF0E,Steinburg,2020-03-03,10,-0.0474,-0.0589,-0.0513
307224,DEF0E,Steinburg,2020-03-04,10,-0.0405,-0.0547,-0.0513
307225,DEF0E,Steinburg,2020-03-05,10,-0.0327,-0.0517,-0.0513
307226,DEF0E,Steinburg,2020-03-06,10,-0.0947,-0.0518,-0.0513
307227,DEF0E,Steinburg,2020-03-07,10,-0.0449,-0.0551,-0.0513
307228,DEF0E,Steinburg,2020-03-08,10,-0.069,-0.0501,-0.0513
307229,DEF0E,Steinburg,2020-03-09,11,-0.0333,-0.0538,-0.0652
307230,DEF0E,Steinburg,2020-03-10,11,-0.0709,-0.0502,-0.0652
307231,DEF0E,Steinburg,2020-03-11,11,-0.005,-0.0541,-0.0652
307232,DEF0E,Steinburg,2020-03-12,11,-0.0585,-0.0719,-0.0652
307233,DEF0E,Steinburg,2020-03-13,11,-0.0697,-0.0892,-0.0652
307234,DEF0E,Steinburg,2020-03-14,11,-0.0726,-0.1116,-0.0652
307235,DEF0E,Steinburg,2020-03-15,11,-0.1931,-0.1514,-0.0652
307236,DEF0E,Steinburg,2020-03-16,12,-0.1544,-0.1849,-0.2776
307237,DEF0E,Steinburg,2020-03-17,12,-0.2278,-0.2206,-0.2776
307238,DEF0E,Steinburg,2020-03-18,12,-0.2836,-0.2589,-0.2776
307239,DEF0E,Steinburg,2020-03-19,12,-0.2931,-0.2824,-0.2776
307240,DEF0E,Steinburg,2020-03-20,12,-0.3196,-0.3079,-0.2776
307241,DEF0E,Steinburg,2020-03-21,12,-0.341,-0.3263,-0.2776
307242,DEF0E,Steinburg,2020-03-22,12,-0.3574,-0.3327,-0.2776
307243,DEF0E,Steinburg,2020-03-23,13,-0.3329,-0.3368,-0.3434
307244,DEF0E,Steinburg,2020-03-24,13,-0.3566,-0.3398,-0.3434
307245,DEF0E,Steinburg,2020-03-25,13,-0.3282,-0.3361,-0.3434
307246,DEF0E,Steinburg,2020-03-26,13,-0.3216,-0.3479,-0.3434
307247,DEF0E,Steinburg,2020-03-27,13,-0.3406,-0.3491,-0.3434
307248,DEF0E,Steinburg,2020-03-28,13,-0.3157,-0.3421,-0.3434
307249,DEF0E,Steinburg,2020-03-29,13,-0.4399,-0.346,-0.3434
307250,DEF0E,Steinburg,2020-03-30,14,-0.3409,-0.3473,-0.3197
307251,DEF0E,Steinburg,2020-03-31,14,-0.3075,-0.3353,-0.3197
308038,DEF0F,Stormarn,2020-03-01,9,-0.0041,0.0399,0.0616
308039,DEF0F,Stormarn,2020-03-02,10,0.0191,0.0381,0.0283
308040,DEF0F,Stormarn,2020-03-03,10,0.0102,0.0277,0.0283
308041,DEF0F,Stormarn,2020-03-04,10,0.0477,0.0249,0.0283
308042,DEF0F,Stormarn,2020-03-05,10,0.0533,0.0278,0.0283
308043,DEF0F,Stormarn,2020-03-06,10,0.0125,0.0332,0.0283
308044,DEF0F,Stormarn,2020-03-07,10,0.0357,0.032,0.0283
308045,DEF0F,Stormarn,2020-03-08,10,0.0159,0.0319,0.0283
308046,DEF0F,Stormarn,2020-03-09,11,0.057,0.0259,0.0014
308047,DEF0F,Stormarn,2020-03-10,11,0.002,0.0229,0.0014
308048,DEF0F,Stormarn,2020-03-11,11,0.0469,0.0126,0.0014
308049,DEF0F,Stormarn,2020-03-12,11,0.0114,-0.0064,0.0014
308050,DEF0F,Stormarn,2020-03-13,11,-0.0087,-0.0254,0.0014
308051,DEF0F,Stormarn,2020-03-14,11,-0.0364,-0.0492,0.0014
308052,DEF0F,Stormarn,2020-03-15,11,-0.1172,-0.0838,0.0014
308053,DEF0F,Stormarn,2020-03-16,12,-0.0758,-0.1193,-0.2187
308054,DEF0F,Stormarn,2020-03-17,12,-0.1645,-0.1556,-0.2187
308055,DEF0F,Stormarn,2020-03-18,12,-0.1955,-0.1955,-0.2187
308056,DEF0F,Stormarn,2020-03-19,12,-0.2367,-0.2277,-0.2187
308057,DEF0F,Stormarn,2020-03-20,12,-0.2631,-0.2581,-0.2187
308058,DEF0F,Stormarn,2020-03-21,12,-0.3155,-0.2782,-0.2187
308059,DEF0F,Stormarn,2020-03-22,12,-0.3429,-0.292,-0.2187
308060,DEF0F,Stormarn,2020-03-23,13,-0.2887,-0.3002,-0.3092
308061,DEF0F,Stormarn,2020-03-24,13,-0.3049,-0.3063,-0.3092
308062,DEF0F,Stormarn,2020-03-25,13,-0.2922,-0.3,-0.3092
308063,DEF0F,Stormarn,2020-03-26,13,-0.2943,-0.3175,-0.3092
308064,DEF0F,Stormarn,2020-03-27,13,-0.3056,-0.3218,-0.3092
308065,DEF0F,Stormarn,2020-03-28,13,-0.2717,-0.3178,-0.3092
308066,DEF0F,Stormarn,2020-03-29,13,-0.4653,-0.3196,-0.3092
308067,DEF0F,Stormarn,2020-03-30,14,-0.3187,-0.3183,-0.2791
308068,DEF0F,Stormarn,2020-03-31,14,-0.2766,-0.3032,-0.2791
308855,DEG01,"Erfurt, Kreisfreie Stadt",2020-03-01,9,-0.0084,-0.0486,-0.0301
308856,DEG01,"Erfurt, Kreisfreie Stadt",2020-03-02,10,-0.0625,-0.0502,-0.0712
308857,DEG01,"Erfurt, Kreisfreie Stadt",2020-03-03,10,-0.0833,-0.0602,-0.0712
308858,DEG01,"Erfurt, Kreisfreie Stadt",2020-03-04,10,-0.0748,-0.0673,-0.0712
308859,DEG01,"Erfurt, Kreisfreie Stadt",2020-03-05,10,-0.0718,-0.0668,-0.0712
308860,DEG01,"Erfurt, Kreisfreie Stadt",2020-03-06,10,-0.0874,-0.0651,-0.0712
308861,DEG01,"Erfurt, Kreisfreie Stadt",2020-03-07,10,-0.0827,-0.069,-0.0712
308862,DEG01,"Erfurt, Kreisfreie Stadt",2020-03-08,10,-0.0049,-0.0762,-0.0712
308863,DEG01,"Erfurt, Kreisfreie Stadt",2020-03-09,11,-0.0507,-0.0789,-0.1081
308864,DEG01,"Erfurt, Kreisfreie Stadt",2020-03-10,11,-0.1109,-0.0825,-0.1081
308865,DEG01,"Erfurt, Kreisfreie Stadt",2020-03-11,11,-0.1254,-0.0949,-0.1081
308866,DEG01,"Erfurt, Kreisfreie Stadt",2020-03-12,11,-0.0905,-0.1094,-0.1081
308867,DEG01,"Erfurt, Kreisfreie Stadt",2020-03-13,11,-0.1123,-0.1158,-0.1081
308868,DEG01,"Erfurt, Kreisfreie Stadt",2020-03-14,11,-0.1695,-0.1341,-0.1081
308869,DEG01,"Erfurt, Kreisfreie Stadt",2020-03-15,11,-0.1068,-0.1541,-0.1081
308870,DEG01,"Erfurt, Kreisfreie Stadt",2020-03-16,12,-0.0951,-0.1852,-0.3118
308871,DEG01,"Erfurt, Kreisfreie Stadt",2020-03-17,12,-0.2391,-0.229,-0.3118
308872,DEG01,"Erfurt, Kreisfreie Stadt",2020-03-18,12,-0.2654,-0.2795,-0.3118
308873,DEG01,"Erfurt, Kreisfreie Stadt",2020-03-19,12,-0.3082,-0.323,-0.3118
308874,DEG01,"Erfurt, Kreisfreie Stadt",2020-03-20,12,-0.4189,-0.3665,-0.3118
308875,DEG01,"Erfurt, Kreisfreie Stadt",2020-03-21,12,-0.5228,-0.3924,-0.3118
308876,DEG01,"Erfurt, Kreisfreie Stadt",2020-03-22,12,-0.4117,-0.416,-0.3118
308877,DEG01,"Erfurt, Kreisfreie Stadt",2020-03-23,13,-0.3995,-0.4334,-0.4326
308878,DEG01,"Erfurt, Kreisfreie Stadt",2020-03-24,13,-0.4203,-0.434,-0.4326
308879,DEG01,"Erfurt, Kreisfreie Stadt",2020-03-25,13,-0.4303,-0.4193,-0.4326
308880,DEG01,"Erfurt, Kreisfreie Stadt",2020-03-26,13,-0.4303,-0.4414,-0.4326
308881,DEG01,"Erfurt, Kreisfreie Stadt",2020-03-27,13,-0.4234,-0.4421,-0.4326
308882,DEG01,"Erfurt, Kreisfreie Stadt",2020-03-28,13,-0.4194,-0.4414,-0.4326
308883,DEG01,"Erfurt, Kreisfreie Stadt",2020-03-29,13,-0.5664,-0.437,-0.4326
308884,DEG01,"Erfurt, Kreisfreie Stadt",2020-03-30,14,-0.4043,-0.4296,-0.3858
308885,DEG01,"Erfurt, Kreisfreie Stadt",2020-03-31,14,-0.416,-0.4185,-0.3858
309672,DEG02,"Gera, Kreisfreie Stadt",2020-03-01,9,-0.0275,-0.0104,0.0049
309673,DEG02,"Gera, Kreisfreie Stadt",2020-03-02,10,-0.0028,-0.0112,-0.0189
309674,DEG02,"Gera, Kreisfreie Stadt",2020-03-03,10,-0.0348,-0.0196,-0.0189
309675,DEG02,"Gera, Kreisfreie Stadt",2020-03-04,10,-0.0222,-0.0239,-0.0189
309676,DEG02,"Gera, Kreisfreie Stadt",2020-03-05,10,-0.0058,-0.0162,-0.0189
309677,DEG02,"Gera, Kreisfreie Stadt",2020-03-06,10,-0.0356,-0.0136,-0.0189
309678,DEG02,"Gera, Kreisfreie Stadt",2020-03-07,10,-0.0384,-0.0157,-0.0189
309679,DEG02,"Gera, Kreisfreie Stadt",2020-03-08,10,0.0261,-0.0184,-0.0189
309680,DEG02,"Gera, Kreisfreie Stadt",2020-03-09,11,0.0153,-0.0195,-0.0252
309681,DEG02,"Gera, Kreisfreie Stadt",2020-03-10,11,-0.0495,-0.0187,-0.0252
309682,DEG02,"Gera, Kreisfreie Stadt",2020-03-11,11,-0.0411,-0.0206,-0.0252
309683,DEG02,"Gera, Kreisfreie Stadt",2020-03-12,11,-0.0135,-0.0239,-0.0252
309684,DEG02,"Gera, Kreisfreie Stadt",2020-03-13,11,-0.0299,-0.0249,-0.0252
309685,DEG02,"Gera, Kreisfreie Stadt",2020-03-14,11,-0.0515,-0.0402,-0.0252
309686,DEG02,"Gera, Kreisfreie Stadt",2020-03-15,11,0.0028,-0.0582,-0.0252
309687,DEG02,"Gera, Kreisfreie Stadt",2020-03-16,12,0.0084,-0.0842,-0.2076
309688,DEG02,"Gera, Kreisfreie Stadt",2020-03-17,12,-0.1566,-0.1253,-0.2076
309689,DEG02,"Gera, Kreisfreie Stadt",2020-03-18,12,-0.1672,-0.1742,-0.2076
309690,DEG02,"Gera, Kreisfreie Stadt",2020-03-19,12,-0.1952,-0.2205,-0.2076
309691,DEG02,"Gera, Kreisfreie Stadt",2020-03-20,12,-0.3181,-0.2671,-0.2076
309692,DEG02,"Gera, Kreisfreie Stadt",2020-03-21,12,-0.3936,-0.2939,-0.2076
309693,DEG02,"Gera, Kreisfreie Stadt",2020-03-22,12,-0.321,-0.3184,-0.2076
309694,DEG02,"Gera, Kreisfreie Stadt",2020-03-23,13,-0.3184,-0.3395,-0.3356
309695,DEG02,"Gera, Kreisfreie Stadt",2020-03-24,13,-0.3438,-0.3389,-0.3356
309696,DEG02,"Gera, Kreisfreie Stadt",2020-03-25,13,-0.3389,-0.3235,-0.3356
309697,DEG02,"Gera, Kreisfreie Stadt",2020-03-26,13,-0.343,-0.3422,-0.3356
309698,DEG02,"Gera, Kreisfreie Stadt",2020-03-27,13,-0.3133,-0.3426,-0.3356
309699,DEG02,"Gera, Kreisfreie Stadt",2020-03-28,13,-0.2859,-0.3409,-0.3356
309700,DEG02,"Gera, Kreisfreie Stadt",2020-03-29,13,-0.4519,-0.3342,-0.3356
309701,DEG02,"Gera, Kreisfreie Stadt",2020-03-30,14,-0.3215,-0.326,-0.2973
309702,DEG02,"Gera, Kreisfreie Stadt",2020-03-31,14,-0.3318,-0.3202,-0.2973
310489,DEG03,"Jena, Kreisfreie Stadt",2020-03-01,9,0.0604,-0.0376,-0.0218
310490,DEG03,"Jena, Kreisfreie Stadt",2020-03-02,10,-0.0541,-0.0389,-0.0632
310491,DEG03,"Jena, Kreisfreie Stadt",2020-03-03,10,-0.0826,-0.0501,-0.0632
310492,DEG03,"Jena, Kreisfreie Stadt",2020-03-04,10,-0.0716,-0.053,-0.0632
310493,DEG03,"Jena, Kreisfreie Stadt",2020-03-05,10,-0.0611,-0.0548,-0.0632
310494,DEG03,"Jena, Kreisfreie Stadt",2020-03-06,10,-0.0855,-0.0538,-0.0632
310495,DEG03,"Jena, Kreisfreie Stadt",2020-03-07,10,-0.0763,-0.0575,-0.0632
310496,DEG03,"Jena, Kreisfreie Stadt",2020-03-08,10,0.0479,-0.0634,-0.0632
310497,DEG03,"Jena, Kreisfreie Stadt",2020-03-09,11,-0.0472,-0.0651,-0.0898
310498,DEG03,"Jena, Kreisfreie Stadt",2020-03-10,11,-0.1086,-0.0666,-0.0898
310499,DEG03,"Jena, Kreisfreie Stadt",2020-03-11,11,-0.1131,-0.0769,-0.0898
310500,DEG03,"Jena, Kreisfreie Stadt",2020-03-12,11,-0.0731,-0.0861,-0.0898
310501,DEG03,"Jena, Kreisfreie Stadt",2020-03-13,11,-0.0962,-0.0982,-0.0898
310502,DEG03,"Jena, Kreisfreie Stadt",2020-03-14,11,-0.1478,-0.1285,-0.0898
310503,DEG03,"Jena, Kreisfreie Stadt",2020-03-15,11,-0.0168,-0.1569,-0.0898
310504,DEG03,"Jena, Kreisfreie Stadt",2020-03-16,12,-0.1322,-0.1959,-0.3416
310505,DEG03,"Jena, Kreisfreie Stadt",2020-03-17,12,-0.3205,-0.2465,-0.3416
310506,DEG03,"Jena, Kreisfreie Stadt",2020-03-18,12,-0.3118,-0.2974,-0.3416
310507,DEG03,"Jena, Kreisfreie Stadt",2020-03-19,12,-0.3463,-0.3504,-0.3416
310508,DEG03,"Jena, Kreisfreie Stadt",2020-03-20,12,-0.45,-0.3967,-0.3416
310509,DEG03,"Jena, Kreisfreie Stadt",2020-03-21,12,-0.5043,-0.4211,-0.3416
310510,DEG03,"Jena, Kreisfreie Stadt",2020-03-22,12,-0.3879,-0.447,-0.3416
310511,DEG03,"Jena, Kreisfreie Stadt",2020-03-23,13,-0.4559,-0.467,-0.4751
310512,DEG03,"Jena, Kreisfreie Stadt",2020-03-24,13,-0.4916,-0.4685,-0.4751
310513,DEG03,"Jena, Kreisfreie Stadt",2020-03-25,13,-0.4933,-0.4551,-0.4751
310514,DEG03,"Jena, Kreisfreie Stadt",2020-03-26,13,-0.4862,-0.4783,-0.4751
310515,DEG03,"Jena, Kreisfreie Stadt",2020-03-27,13,-0.46,-0.477,-0.4751
310516,DEG03,"Jena, Kreisfreie Stadt",2020-03-28,13,-0.4109,-0.4735,-0.4751
310517,DEG03,"Jena, Kreisfreie Stadt",2020-03-29,13,-0.5502,-0.4694,-0.4751
310518,DEG03,"Jena, Kreisfreie Stadt",2020-03-30,14,-0.4465,-0.4645,-0.4283
310519,DEG03,"Jena, Kreisfreie Stadt",2020-03-31,14,-0.4677,-0.4564,-0.4283
311306,DEG04,"Suhl, Kreisfreie Stadt",2020-03-01,9,0.2886,0.3442,0.373
311307,DEG04,"Suhl, Kreisfreie Stadt",2020-03-02,10,0.3782,0.3365,0.3301
311308,DEG04,"Suhl, Kreisfreie Stadt",2020-03-03,10,0.2936,0.3171,0.3301
311309,DEG04,"Suhl, Kreisfreie Stadt",2020-03-04,10,0.3055,0.3151,0.3301
311310,DEG04,"Suhl, Kreisfreie Stadt",2020-03-05,10,0.3051,0.3448,0.3301
311311,DEG04,"Suhl, Kreisfreie Stadt",2020-03-06,10,0.2688,0.3426,0.3301
311312,DEG04,"Suhl, Kreisfreie Stadt",2020-03-07,10,0.3663,0.3374,0.3301
311313,DEG04,"Suhl, Kreisfreie Stadt",2020-03-08,10,0.4965,0.3344,0.3301
311314,DEG04,"Suhl, Kreisfreie Stadt",2020-03-09,11,0.3623,0.3195,0.2735
311315,DEG04,"Suhl, Kreisfreie Stadt",2020-03-10,11,0.2571,0.3163,0.2735
311316,DEG04,"Suhl, Kreisfreie Stadt",2020-03-11,11,0.2849,0.3039,0.2735
311317,DEG04,"Suhl, Kreisfreie Stadt",2020-03-12,11,0.2009,0.2774,0.2735
311318,DEG04,"Suhl, Kreisfreie Stadt",2020-03-13,11,0.246,0.2691,0.2735
311319,DEG04,"Suhl, Kreisfreie Stadt",2020-03-14,11,0.2794,0.2487,0.2735
311320,DEG04,"Suhl, Kreisfreie Stadt",2020-03-15,11,0.3112,0.217,0.2735
311321,DEG04,"Suhl, Kreisfreie Stadt",2020-03-16,12,0.3041,0.1907,0.0253
311322,DEG04,"Suhl, Kreisfreie Stadt",2020-03-17,12,0.1145,0.1446,0.0253
311323,DEG04,"Suhl, Kreisfreie Stadt",2020-03-18,12,0.0629,0.0669,0.0253
311324,DEG04,"Suhl, Kreisfreie Stadt",2020-03-19,12,0.017,0.0045,0.0253
311325,DEG04,"Suhl, Kreisfreie Stadt",2020-03-20,12,-0.0771,-0.0539,0.0253
311326,DEG04,"Suhl, Kreisfreie Stadt",2020-03-21,12,-0.2645,-0.0979,0.0253
311327,DEG04,"Suhl, Kreisfreie Stadt",2020-03-22,12,-0.1252,-0.1299,0.0253
311328,DEG04,"Suhl, Kreisfreie Stadt",2020-03-23,13,-0.1047,-0.154,-0.158
311329,DEG04,"Suhl, Kreisfreie Stadt",2020-03-24,13,-0.1935,-0.162,-0.158
311330,DEG04,"Suhl, Kreisfreie Stadt",2020-03-25,13,-0.1613,-0.1393,-0.158
311331,DEG04,"Suhl, Kreisfreie Stadt",2020-03-26,13,-0.1516,-0.169,-0.158
311332,DEG04,"Suhl, Kreisfreie Stadt",2020-03-27,13,-0.1331,-0.1732,-0.158
311333,DEG04,"Suhl, Kreisfreie Stadt",2020-03-28,13,-0.1056,-0.1701,-0.158
311334,DEG04,"Suhl, Kreisfreie Stadt",2020-03-29,13,-0.3333,-0.1605,-0.158
311335,DEG04,"Suhl, Kreisfreie Stadt",2020-03-30,14,-0.1339,-0.1514,-0.1216
311336,DEG04,"Suhl, Kreisfreie Stadt",2020-03-31,14,-0.1716,-0.1432,-0.1216
312123,DEG05,"Weimar, Kreisfreie Stadt",2020-03-01,9,0.1326,0.0635,0.0791
312124,DEG05,"Weimar, Kreisfreie Stadt",2020-03-02,10,0.0674,0.063,0.0435
312125,DEG05,"Weimar, Kreisfreie Stadt",2020-03-03,10,0.0132,0.0519,0.0435
312126,DEG05,"Weimar, Kreisfreie Stadt",2020-03-04,10,0.0228,0.0469,0.0435
312127,DEG05,"Weimar, Kreisfreie Stadt",2020-03-05,10,0.0418,0.0506,0.0435
312128,DEG05,"Weimar, Kreisfreie Stadt",2020-03-06,10,0.0291,0.0508,0.0435
312129,DEG05,"Weimar, Kreisfreie Stadt",2020-03-07,10,0.0216,0.0504,0.0435
312130,DEG05,"Weimar, Kreisfreie Stadt",2020-03-08,10,0.1583,0.0484,0.0435
312131,DEG05,"Weimar, Kreisfreie Stadt",2020-03-09,11,0.0683,0.0485,0.0387
312132,DEG05,"Weimar, Kreisfreie Stadt",2020-03-10,11,0.0107,0.0489,0.0387
312133,DEG05,"Weimar, Kreisfreie Stadt",2020-03-11,11,0.0088,0.0472,0.0387
312134,DEG05,"Weimar, Kreisfreie Stadt",2020-03-12,11,0.0423,0.0448,0.0387
312135,DEG05,"Weimar, Kreisfreie Stadt",2020-03-13,11,0.0321,0.0321,0.0387
312136,DEG05,"Weimar, Kreisfreie Stadt",2020-03-14,11,0.0098,0.0118,0.0387
312137,DEG05,"Weimar, Kreisfreie Stadt",2020-03-15,11,0.1417,-0.0058,0.0387
312138,DEG05,"Weimar, Kreisfreie Stadt",2020-03-16,12,-0.0206,-0.0354,-0.1754
312139,DEG05,"Weimar, Kreisfreie Stadt",2020-03-17,12,-0.132,-0.0823,-0.1754
312140,DEG05,"Weimar, Kreisfreie Stadt",2020-03-18,12,-0.1141,-0.1323,-0.1754
312141,DEG05,"Weimar, Kreisfreie Stadt",2020-03-19,12,-0.165,-0.1792,-0.1754
312142,DEG05,"Weimar, Kreisfreie Stadt",2020-03-20,12,-0.296,-0.2145,-0.1754
312143,DEG05,"Weimar, Kreisfreie Stadt",2020-03-21,12,-0.3402,-0.2381,-0.1754
312144,DEG05,"Weimar, Kreisfreie Stadt",2020-03-22,12,-0.1869,-0.265,-0.1754
312145,DEG05,"Weimar, Kreisfreie Stadt",2020-03-23,13,-0.2673,-0.2854,-0.2867
312146,DEG05,"Weimar, Kreisfreie Stadt",2020-03-24,13,-0.2971,-0.2811,-0.2867
312147,DEG05,"Weimar, Kreisfreie Stadt",2020-03-25,13,-0.3026,-0.2635,-0.2867
312148,DEG05,"Weimar, Kreisfreie Stadt",2020-03-26,13,-0.3076,-0.2905,-0.2867
312149,DEG05,"Weimar, Kreisfreie Stadt",2020-03-27,13,-0.2662,-0.2891,-0.2867
312150,DEG05,"Weimar, Kreisfreie Stadt",2020-03-28,13,-0.2171,-0.2886,-0.2867
312151,DEG05,"Weimar, Kreisfreie Stadt",2020-03-29,13,-0.3755,-0.2837,-0.2867
312152,DEG05,"Weimar, Kreisfreie Stadt",2020-03-30,14,-0.2575,-0.2763,-0.264
312153,DEG05,"Weimar, Kreisfreie Stadt",2020-03-31,14,-0.2934,-0.2755,-0.264
312940,DEG06,Eichsfeld,2020-03-01,9,-0.015,0.0008,0.0152
312941,DEG06,Eichsfeld,2020-03-02,10,0.0052,-0.0075,-0.0151
312942,DEG06,Eichsfeld,2020-03-03,10,-0.0376,-0.0158,-0.0151
312943,DEG06,Eichsfeld,2020-03-04,10,-0.0432,-0.0192,-0.0151
312944,DEG06,Eichsfeld,2020-03-05,10,-0.0376,-0.0117,-0.0151
312945,DEG06,Eichsfeld,2020-03-06,10,0.0007,-0.0132,-0.0151
312946,DEG06,Eichsfeld,2020-03-07,10,-0.0069,-0.0127,-0.0151
312947,DEG06,Eichsfeld,2020-03-08,10,0.0377,-0.0061,-0.0151
312948,DEG06,Eichsfeld,2020-03-09,11,-0.0055,-0.0008,-0.0163
312949,DEG06,Eichsfeld,2020-03-10,11,-0.0338,-0.0036,-0.0163
312950,DEG06,Eichsfeld,2020-03-11,11,0.0029,-0.0094,-0.0163
312951,DEG06,Eichsfeld,2020-03-12,11,-0.001,-0.0174,-0.0163
312952,DEG06,Eichsfeld,2020-03-13,11,-0.0186,-0.0178,-0.0163
312953,DEG06,Eichsfeld,2020-03-14,11,-0.0472,-0.0274,-0.0163
312954,DEG06,Eichsfeld,2020-03-15,11,-0.0185,-0.0462,-0.0163
312955,DEG06,Eichsfeld,2020-03-16,12,-0.0084,-0.0743,-0.1899
312956,DEG06,Eichsfeld,2020-03-17,12,-0.1012,-0.112,-0.1899
312957,DEG06,Eichsfeld,2020-03-18,12,-0.1283,-0.1562,-0.1899
312958,DEG06,Eichsfeld,2020-03-19,12,-0.1976,-0.2048,-0.1899
312959,DEG06,Eichsfeld,2020-03-20,12,-0.2829,-0.2486,-0.1899
312960,DEG06,Eichsfeld,2020-03-21,12,-0.3563,-0.2829,-0.1899
312961,DEG06,Eichsfeld,2020-03-22,12,-0.359,-0.3105,-0.1899
312962,DEG06,Eichsfeld,2020-03-23,13,-0.315,-0.3299,-0.339
312963,DEG06,Eichsfeld,2020-03-24,13,-0.3409,-0.3338,-0.339
312964,DEG06,Eichsfeld,2020-03-25,13,-0.3215,-0.3251,-0.339
312965,DEG06,Eichsfeld,2020-03-26,13,-0.3333,-0.3492,-0.339
312966,DEG06,Eichsfeld,2020-03-27,13,-0.3107,-0.3531,-0.339
312967,DEG06,Eichsfeld,2020-03-28,13,-0.2951,-0.3513,-0.339
312968,DEG06,Eichsfeld,2020-03-29,13,-0.5278,-0.3419,-0.339
312969,DEG06,Eichsfeld,2020-03-30,14,-0.3425,-0.3317,-0.2805
312970,DEG06,Eichsfeld,2020-03-31,14,-0.328,-0.3188,-0.2805
313757,DEG07,Nordhausen,2020-03-01,9,0.1395,0.1524,0.1676
313758,DEG07,Nordhausen,2020-03-02,10,0.1671,0.1457,0.1231
313759,DEG07,Nordhausen,2020-03-03,10,0.1191,0.1301,0.1231
313760,DEG07,Nordhausen,2020-03-04,10,0.1055,0.1197,0.1231
313761,DEG07,Nordhausen,2020-03-05,10,0.1041,0.1283,0.1231
313762,DEG07,Nordhausen,2020-03-06,10,0.0992,0.1286,0.1231
313763,DEG07,Nordhausen,2020-03-07,10,0.1038,0.1273,0.1231
313764,DEG07,Nordhausen,2020-03-08,10,0.1998,0.1293,0.1231
313765,DEG07,Nordhausen,2020-03-09,11,0.1687,0.1292,0.1131
313766,DEG07,Nordhausen,2020-03-10,11,0.1103,0.13,0.1131
313767,DEG07,Nordhausen,2020-03-11,11,0.1191,0.1222,0.1131
313768,DEG07,Nordhausen,2020-03-12,11,0.1033,0.1131,0.1131
313769,DEG07,Nordhausen,2020-03-13,11,0.1048,0.1113,0.1131
313770,DEG07,Nordhausen,2020-03-14,11,0.0495,0.0955,0.1131
313771,DEG07,Nordhausen,2020-03-15,11,0.1357,0.0709,0.1131
313772,DEG07,Nordhausen,2020-03-16,12,0.1567,0.0408,-0.0916
313773,DEG07,Nordhausen,2020-03-17,12,-0.0006,-0.0029,-0.0916
313774,DEG07,Nordhausen,2020-03-18,12,-0.0528,-0.0564,-0.0916
313775,DEG07,Nordhausen,2020-03-19,12,-0.1075,-0.1047,-0.0916
313776,DEG07,Nordhausen,2020-03-20,12,-0.2015,-0.1557,-0.0916
313777,DEG07,Nordhausen,2020-03-21,12,-0.3248,-0.1902,-0.0916
313778,DEG07,Nordhausen,2020-03-22,12,-0.2026,-0.217,-0.0916
313779,DEG07,Nordhausen,2020-03-23,13,-0.2003,-0.2355,-0.2423
313780,DEG07,Nordhausen,2020-03-24,13,-0.2422,-0.2378,-0.2423
313781,DEG07,Nordhausen,2020-03-25,13,-0.2402,-0.2249,-0.2423
313782,DEG07,Nordhausen,2020-03-26,13,-0.2367,-0.2532,-0.2423
313783,DEG07,Nordhausen,2020-03-27,13,-0.2181,-0.2573,-0.2423
313784,DEG07,Nordhausen,2020-03-28,13,-0.234,-0.2512,-0.2423
313785,DEG07,Nordhausen,2020-03-29,13,-0.4006,-0.2413,-0.2423
313786,DEG07,Nordhausen,2020-03-30,14,-0.2294,-0.2319,-0.1848
313787,DEG07,Nordhausen,2020-03-31,14,-0.1997,-0.2146,-0.1848
314574,DEG09,Unstrut-Hainich-Kreis,2020-03-01,9,0.0631,0.066,0.0651
314575,DEG09,Unstrut-Hainich-Kreis,2020-03-02,10,0.0935,0.0658,0.0518
314576,DEG09,Unstrut-Hainich-Kreis,2020-03-03,10,0.0562,0.0545,0.0518
314577,DEG09,Unstrut-Hainich-Kreis,2020-03-04,10,0.037,0.0458,0.0518
314578,DEG09,Unstrut-Hainich-Kreis,2020-03-05,10,0.0473,0.0565,0.0518
314579,DEG09,Unstrut-Hainich-Kreis,2020-03-06,10,0.0137,0.0537,0.0518
314580,DEG09,Unstrut-Hainich-Kreis,2020-03-07,10,0.0102,0.0496,0.0518
314581,DEG09,Unstrut-Hainich-Kreis,2020-03-08,10,0.1374,0.0497,0.0518
314582,DEG09,Unstrut-Hainich-Kreis,2020-03-09,11,0.0744,0.0524,0.0508
314583,DEG09,Unstrut-Hainich-Kreis,2020-03-10,11,0.0273,0.0542,0.0508
314584,DEG09,Unstrut-Hainich-Kreis,2020-03-11,11,0.0374,0.0553,0.0508
314585,DEG09,Unstrut-Hainich-Kreis,2020-03-12,11,0.0666,0.0558,0.0508
314586,DEG09,Unstrut-Hainich-Kreis,2020-03-13,11,0.0264,0.0572,0.0508
314587,DEG09,Unstrut-Hainich-Kreis,2020-03-14,11,0.0177,0.0489,0.0508
314588,DEG09,Unstrut-Hainich-Kreis,2020-03-15,11,0.1411,0.0326,0.0508
314589,DEG09,Unstrut-Hainich-Kreis,2020-03-16,12,0.0843,0.0085,-0.1022
314590,DEG09,Unstrut-Hainich-Kreis,2020-03-17,12,-0.0314,-0.0246,-0.1022
314591,DEG09,Unstrut-Hainich-Kreis,2020-03-18,12,-0.0766,-0.0664,-0.1022
314592,DEG09,Unstrut-Hainich-Kreis,2020-03-19,12,-0.102,-0.1101,-0.1022
314593,DEG09,Unstrut-Hainich-Kreis,2020-03-20,12,-0.2055,-0.1476,-0.1022
314594,DEG09,Unstrut-Hainich-Kreis,2020-03-21,12,-0.2745,-0.1727,-0.1022
314595,DEG09,Unstrut-Hainich-Kreis,2020-03-22,12,-0.1652,-0.1922,-0.1022
314596,DEG09,Unstrut-Hainich-Kreis,2020-03-23,13,-0.1781,-0.2077,-0.2105
314597,DEG09,Unstrut-Hainich-Kreis,2020-03-24,13,-0.2074,-0.2084,-0.2105
314598,DEG09,Unstrut-Hainich-Kreis,2020-03-25,13,-0.2128,-0.194,-0.2105
314599,DEG09,Unstrut-Hainich-Kreis,2020-03-26,13,-0.2102,-0.2165,-0.2105
314600,DEG09,Unstrut-Hainich-Kreis,2020-03-27,13,-0.2105,-0.2183,-0.2105
314601,DEG09,Unstrut-Hainich-Kreis,2020-03-28,13,-0.1735,-0.2165,-0.2105
314602,DEG09,Unstrut-Hainich-Kreis,2020-03-29,13,-0.3227,-0.2101,-0.2105
314603,DEG09,Unstrut-Hainich-Kreis,2020-03-30,14,-0.191,-0.2047,-0.1826
314604,DEG09,Unstrut-Hainich-Kreis,2020-03-31,14,-0.1949,-0.1957,-0.1826
315391,DEG0A,Kyffhäuserkreis,2020-03-01,9,-0.1061,-0.0688,-0.0764
315392,DEG0A,Kyffhäuserkreis,2020-03-02,10,-0.0087,-0.0649,-0.0691
315393,DEG0A,Kyffhäuserkreis,2020-03-03,10,-0.072,-0.0748,-0.0691
315394,DEG0A,Kyffhäuserkreis,2020-03-04,10,-0.0929,-0.0797,-0.0691
315395,DEG0A,Kyffhäuserkreis,2020-03-05,10,-0.0661,-0.0663,-0.0691
315396,DEG0A,Kyffhäuserkreis,2020-03-06,10,-0.0949,-0.0708,-0.0691
315397,DEG0A,Kyffhäuserkreis,2020-03-07,10,-0.117,-0.0758,-0.0691
315398,DEG0A,Kyffhäuserkreis,2020-03-08,10,-0.0124,-0.0726,-0.0691
315399,DEG0A,Kyffhäuserkreis,2020-03-09,11,-0.04,-0.0712,-0.084
315400,DEG0A,Kyffhäuserkreis,2020-03-10,11,-0.1071,-0.073,-0.084
315401,DEG0A,Kyffhäuserkreis,2020-03-11,11,-0.0704,-0.0754,-0.084
315402,DEG0A,Kyffhäuserkreis,2020-03-12,11,-0.0566,-0.0847,-0.084
315403,DEG0A,Kyffhäuserkreis,2020-03-13,11,-0.1076,-0.0871,-0.084
315404,DEG0A,Kyffhäuserkreis,2020-03-14,11,-0.1339,-0.0969,-0.084
315405,DEG0A,Kyffhäuserkreis,2020-03-15,11,-0.077,-0.1143,-0.084
315406,DEG0A,Kyffhäuserkreis,2020-03-16,12,-0.057,-0.1384,-0.2388
315407,DEG0A,Kyffhäuserkreis,2020-03-17,12,-0.1757,-0.1692,-0.2388
315408,DEG0A,Kyffhäuserkreis,2020-03-18,12,-0.1921,-0.2113,-0.2388
315409,DEG0A,Kyffhäuserkreis,2020-03-19,12,-0.2253,-0.2503,-0.2388
315410,DEG0A,Kyffhäuserkreis,2020-03-20,12,-0.3238,-0.2882,-0.2388
315411,DEG0A,Kyffhäuserkreis,2020-03-21,12,-0.4283,-0.3141,-0.2388
315412,DEG0A,Kyffhäuserkreis,2020-03-22,12,-0.3497,-0.336,-0.2388
315413,DEG0A,Kyffhäuserkreis,2020-03-23,13,-0.3227,-0.3539,-0.359
315414,DEG0A,Kyffhäuserkreis,2020-03-24,13,-0.3568,-0.3592,-0.359
315415,DEG0A,Kyffhäuserkreis,2020-03-25,13,-0.3451,-0.3479,-0.359
315416,DEG0A,Kyffhäuserkreis,2020-03-26,13,-0.3509,-0.3666,-0.359
315417,DEG0A,Kyffhäuserkreis,2020-03-27,13,-0.3608,-0.3676,-0.359
315418,DEG0A,Kyffhäuserkreis,2020-03-28,13,-0.349,-0.3663,-0.359
315419,DEG0A,Kyffhäuserkreis,2020-03-29,13,-0.4809,-0.3579,-0.359
315420,DEG0A,Kyffhäuserkreis,2020-03-30,14,-0.3296,-0.3521,-0.3309
315421,DEG0A,Kyffhäuserkreis,2020-03-31,14,-0.3478,-0.3398,-0.3309
316208,DEG0B,Schmalkalden-Meiningen,2020-03-01,9,0.05,0.0205,0.0182
316209,DEG0B,Schmalkalden-Meiningen,2020-03-02,10,0.0381,0.0175,0.0038
316210,DEG0B,Schmalkalden-Meiningen,2020-03-03,10,-0.0051,0.007,0.0038
316211,DEG0B,Schmalkalden-Meiningen,2020-03-04,10,0.0107,0.0037,0.0038
316212,DEG0B,Schmalkalden-Meiningen,2020-03-05,10,-0.0133,0.0081,0.0038
316213,DEG0B,Schmalkalden-Meiningen,2020-03-06,10,-0.0199,0.0054,0.0038
316214,DEG0B,Schmalkalden-Meiningen,2020-03-07,10,-0.0346,0.0017,0.0038
316215,DEG0B,Schmalkalden-Meiningen,2020-03-08,10,0.0807,-0.0028,0.0038
316216,DEG0B,Schmalkalden-Meiningen,2020-03-09,11,0.0189,-0.005,-0.0288
316217,DEG0B,Schmalkalden-Meiningen,2020-03-10,11,-0.0309,-0.0033,-0.0288
316218,DEG0B,Schmalkalden-Meiningen,2020-03-11,11,-0.0207,-0.015,-0.0288
316219,DEG0B,Schmalkalden-Meiningen,2020-03-12,11,-0.0284,-0.0328,-0.0288
316220,DEG0B,Schmalkalden-Meiningen,2020-03-13,11,-0.0082,-0.0339,-0.0288
316221,DEG0B,Schmalkalden-Meiningen,2020-03-14,11,-0.1163,-0.0487,-0.0288
316222,DEG0B,Schmalkalden-Meiningen,2020-03-15,11,-0.0437,-0.0713,-0.0288
316223,DEG0B,Schmalkalden-Meiningen,2020-03-16,12,0.0108,-0.098,-0.2183
316224,DEG0B,Schmalkalden-Meiningen,2020-03-17,12,-0.1343,-0.1392,-0.2183
316225,DEG0B,Schmalkalden-Meiningen,2020-03-18,12,-0.1793,-0.1901,-0.2183
316226,DEG0B,Schmalkalden-Meiningen,2020-03-19,12,-0.2152,-0.235,-0.2183
316227,DEG0B,Schmalkalden-Meiningen,2020-03-20,12,-0.2964,-0.2802,-0.2183
316228,DEG0B,Schmalkalden-Meiningen,2020-03-21,12,-0.4723,-0.3122,-0.2183
316229,DEG0B,Schmalkalden-Meiningen,2020-03-22,12,-0.3585,-0.3344,-0.2183
316230,DEG0B,Schmalkalden-Meiningen,2020-03-23,13,-0.3055,-0.3542,-0.3623
316231,DEG0B,Schmalkalden-Meiningen,2020-03-24,13,-0.3581,-0.3607,-0.3623
316232,DEG0B,Schmalkalden-Meiningen,2020-03-25,13,-0.3343,-0.3487,-0.3623
316233,DEG0B,Schmalkalden-Meiningen,2020-03-26,13,-0.3543,-0.3757,-0.3623
316234,DEG0B,Schmalkalden-Meiningen,2020-03-27,13,-0.3415,-0.3786,-0.3623
316235,DEG0B,Schmalkalden-Meiningen,2020-03-28,13,-0.3887,-0.3785,-0.3623
316236,DEG0B,Schmalkalden-Meiningen,2020-03-29,13,-0.5475,-0.3744,-0.3623
316237,DEG0B,Schmalkalden-Meiningen,2020-03-30,14,-0.3256,-0.3645,-0.3192
316238,DEG0B,Schmalkalden-Meiningen,2020-03-31,14,-0.3573,-0.3503,-0.3192
317025,DEG0C,Gotha,2020-03-01,9,-0.0161,-0.0145,-0.0023
317026,DEG0C,Gotha,2020-03-02,10,-0.0038,-0.0185,-0.0311
317027,DEG0C,Gotha,2020-03-03,10,-0.0403,-0.0275,-0.0311
317028,DEG0C,Gotha,2020-03-04,10,-0.0393,-0.0364,-0.0311
317029,DEG0C,Gotha,2020-03-05,10,-0.0427,-0.0254,-0.0311
317030,DEG0C,Gotha,2020-03-06,10,-0.0462,-0.0255,-0.0311
317031,DEG0C,Gotha,2020-03-07,10,-0.0666,-0.0286,-0.0311
317032,DEG0C,Gotha,2020-03-08,10,0.0612,-0.0304,-0.0311
317033,DEG0C,Gotha,2020-03-09,11,-0.0042,-0.0304,-0.0362
317034,DEG0C,Gotha,2020-03-10,11,-0.0625,-0.0279,-0.0362
317035,DEG0C,Gotha,2020-03-11,11,-0.052,-0.0285,-0.0362
317036,DEG0C,Gotha,2020-03-12,11,-0.0422,-0.0319,-0.0362
317037,DEG0C,Gotha,2020-03-13,11,-0.0288,-0.032,-0.0362
317038,DEG0C,Gotha,2020-03-14,11,-0.0712,-0.0435,-0.0362
317039,DEG0C,Gotha,2020-03-15,11,0.0373,-0.0595,-0.0362
317040,DEG0C,Gotha,2020-03-16,12,-0.0045,-0.0826,-0.2077
317041,DEG0C,Gotha,2020-03-17,12,-0.1431,-0.1201,-0.2077
317042,DEG0C,Gotha,2020-03-18,12,-0.1638,-0.1694,-0.2077
317043,DEG0C,Gotha,2020-03-19,12,-0.2044,-0.2229,-0.2077
317044,DEG0C,Gotha,2020-03-20,12,-0.2912,-0.2653,-0.2077
317045,DEG0C,Gotha,2020-03-21,12,-0.4161,-0.292,-0.2077
317046,DEG0C,Gotha,2020-03-22,12,-0.3375,-0.3161,-0.2077
317047,DEG0C,Gotha,2020-03-23,13,-0.3011,-0.3354,-0.3352
317048,DEG0C,Gotha,2020-03-24,13,-0.3302,-0.3367,-0.3352
317049,DEG0C,Gotha,2020-03-25,13,-0.332,-0.3207,-0.3352
317050,DEG0C,Gotha,2020-03-26,13,-0.3399,-0.3481,-0.3352
317051,DEG0C,Gotha,2020-03-27,13,-0.3003,-0.3499,-0.3352
317052,DEG0C,Gotha,2020-03-28,13,-0.3042,-0.3499,-0.3352
317053,DEG0C,Gotha,2020-03-29,13,-0.5291,-0.3418,-0.3352
317054,DEG0C,Gotha,2020-03-30,14,-0.3136,-0.3285,-0.2763
317055,DEG0C,Gotha,2020-03-31,14,-0.3305,-0.3152,-0.2763
317842,DEG0D,Sömmerda,2020-03-01,9,-0.0754,-0.039,-0.0078
317843,DEG0D,Sömmerda,2020-03-02,10,-0.026,-0.0426,-0.054
317844,DEG0D,Sömmerda,2020-03-03,10,-0.0639,-0.0524,-0.054
317845,DEG0D,Sömmerda,2020-03-04,10,-0.0686,-0.0596,-0.054
317846,DEG0D,Sömmerda,2020-03-05,10,-0.0486,-0.0528,-0.054
317847,DEG0D,Sömmerda,2020-03-06,10,-0.0611,-0.0507,-0.054
317848,DEG0D,Sömmerda,2020-03-07,10,-0.0733,-0.0506,-0.054
317849,DEG0D,Sömmerda,2020-03-08,10,-0.0278,-0.0509,-0.054
317850,DEG0D,Sömmerda,2020-03-09,11,-0.0119,-0.0513,-0.0525
317851,DEG0D,Sömmerda,2020-03-10,11,-0.0629,-0.0492,-0.0525
317852,DEG0D,Sömmerda,2020-03-11,11,-0.0706,-0.0518,-0.0525
317853,DEG0D,Sömmerda,2020-03-12,11,-0.0518,-0.0523,-0.0525
317854,DEG0D,Sömmerda,2020-03-13,11,-0.0458,-0.0503,-0.0525
317855,DEG0D,Sömmerda,2020-03-14,11,-0.0917,-0.056,-0.0525
317856,DEG0D,Sömmerda,2020-03-15,11,-0.0317,-0.0631,-0.0525
317857,DEG0D,Sömmerda,2020-03-16,12,0.0026,-0.0785,-0.172
317858,DEG0D,Sömmerda,2020-03-17,12,-0.1027,-0.1066,-0.172
317859,DEG0D,Sömmerda,2020-03-18,12,-0.1209,-0.1467,-0.172
317860,DEG0D,Sömmerda,2020-03-19,12,-0.1595,-0.1866,-0.172
317861,DEG0D,Sömmerda,2020-03-20,12,-0.242,-0.2287,-0.172
317862,DEG0D,Sömmerda,2020-03-21,12,-0.373,-0.2582,-0.172
317863,DEG0D,Sömmerda,2020-03-22,12,-0.3106,-0.2883,-0.172
317864,DEG0D,Sömmerda,2020-03-23,13,-0.292,-0.3129,-0.3226
317865,DEG0D,Sömmerda,2020-03-24,13,-0.3092,-0.3236,-0.3226
317866,DEG0D,Sömmerda,2020-03-25,13,-0.3318,-0.3081,-0.3226
317867,DEG0D,Sömmerda,2020-03-26,13,-0.3319,-0.3297,-0.3226
317868,DEG0D,Sömmerda,2020-03-27,13,-0.3169,-0.3323,-0.3226
317869,DEG0D,Sömmerda,2020-03-28,13,-0.2642,-0.3337,-0.3226
317870,DEG0D,Sömmerda,2020-03-29,13,-0.4622,-0.3266,-0.3226
317871,DEG0D,Sömmerda,2020-03-30,14,-0.3097,-0.3176,-0.276
317872,DEG0D,Sömmerda,2020-03-31,14,-0.3191,-0.3056,-0.276
318659,DEG0E,Hildburghausen,2020-03-01,9,-0.0901,0.003,0.0239
318660,DEG0E,Hildburghausen,2020-03-02,10,0.0061,-0.0036,-0.0181
318661,DEG0E,Hildburghausen,2020-03-03,10,0.0249,-0.0179,-0.0181
318662,DEG0E,Hildburghausen,2020-03-04,10,-0.0142,-0.0289,-0.0181
318663,DEG0E,Hildburghausen,2020-03-05,10,-0.0081,-0.0199,-0.0181
318664,DEG0E,Hildburghausen,2020-03-06,10,-0.0474,-0.018,-0.0181
318665,DEG0E,Hildburghausen,2020-03-07,10,-0.0732,-0.0204,-0.0181
318666,DEG0E,Hildburghausen,2020-03-08,10,-0.0275,-0.0219,-0.0181
318667,DEG0E,Hildburghausen,2020-03-09,11,0.0196,-0.0195,-0.0175
318668,DEG0E,Hildburghausen,2020-03-10,11,0.0084,-0.0162,-0.0175
318669,DEG0E,Hildburghausen,2020-03-11,11,-0.0248,-0.0194,-0.0175
318670,DEG0E,Hildburghausen,2020-03-12,11,0.0083,-0.0211,-0.0175
318671,DEG0E,Hildburghausen,2020-03-13,11,-0.0241,-0.0258,-0.0175
318672,DEG0E,Hildburghausen,2020-03-14,11,-0.0955,-0.0434,-0.0175
318673,DEG0E,Hildburghausen,2020-03-15,11,-0.0393,-0.0622,-0.0175
318674,DEG0E,Hildburghausen,2020-03-16,12,-0.0139,-0.0866,-0.2015
318675,DEG0E,Hildburghausen,2020-03-17,12,-0.1143,-0.1165,-0.2015
318676,DEG0E,Hildburghausen,2020-03-18,12,-0.1564,-0.1667,-0.2015
318677,DEG0E,Hildburghausen,2020-03-19,12,-0.1626,-0.222,-0.2015
318678,DEG0E,Hildburghausen,2020-03-20,12,-0.2332,-0.2582,-0.2015
318679,DEG0E,Hildburghausen,2020-03-21,12,-0.4473,-0.2815,-0.2015
318680,DEG0E,Hildburghausen,2020-03-22,12,-0.4265,-0.304,-0.2015
318681,DEG0E,Hildburghausen,2020-03-23,13,-0.2669,-0.3266,-0.3285
318682,DEG0E,Hildburghausen,2020-03-24,13,-0.2772,-0.3401,-0.3285
318683,DEG0E,Hildburghausen,2020-03-25,13,-0.314,-0.3284,-0.3285
318684,DEG0E,Hildburghausen,2020-03-26,13,-0.3212,-0.3409,-0.3285
318685,DEG0E,Hildburghausen,2020-03-27,13,-0.3277,-0.3412,-0.3285
318686,DEG0E,Hildburghausen,2020-03-28,13,-0.3653,-0.3401,-0.3285
318687,DEG0E,Hildburghausen,2020-03-29,13,-0.5142,-0.3329,-0.3285
318688,DEG0E,Hildburghausen,2020-03-30,14,-0.2686,-0.3211,-0.281
318689,DEG0E,Hildburghausen,2020-03-31,14,-0.2696,-0.3067,-0.281
319476,DEG0F,Ilm-Kreis,2020-03-01,9,0.0493,0.0286,-0.0
319477,DEG0F,Ilm-Kreis,2020-03-02,10,0.0578,0.0268,0.0316
319478,DEG0F,Ilm-Kreis,2020-03-03,10,0.0376,0.0253,0.0316
319479,DEG0F,Ilm-Kreis,2020-03-04,10,0.0418,0.0269,0.0316
319480,DEG0F,Ilm-Kreis,2020-03-05,10,0.0056,0.0369,0.0316
319481,DEG0F,Ilm-Kreis,2020-03-06,10,0.0079,0.0377,0.0316
319482,DEG0F,Ilm-Kreis,2020-03-07,10,-0.012,0.032,0.0316
319483,DEG0F,Ilm-Kreis,2020-03-08,10,0.1196,0.0258,0.0316
319484,DEG0F,Ilm-Kreis,2020-03-09,11,0.0634,0.0249,0.0169
319485,DEG0F,Ilm-Kreis,2020-03-10,11,-0.0022,0.026,0.0169
319486,DEG0F,Ilm-Kreis,2020-03-11,11,-0.0015,0.0218,0.0169
319487,DEG0F,Ilm-Kreis,2020-03-12,11,-0.0008,0.0234,0.0169
319488,DEG0F,Ilm-Kreis,2020-03-13,11,0.0154,0.0248,0.0169
319489,DEG0F,Ilm-Kreis,2020-03-14,11,-0.041,0.0178,0.0169
319490,DEG0F,Ilm-Kreis,2020-03-15,11,0.1307,0.0073,0.0169
319491,DEG0F,Ilm-Kreis,2020-03-16,12,0.0728,-0.0125,-0.1293
319492,DEG0F,Ilm-Kreis,2020-03-17,12,-0.051,-0.049,-0.1293
319493,DEG0F,Ilm-Kreis,2020-03-18,12,-0.0752,-0.0935,-0.1293
319494,DEG0F,Ilm-Kreis,2020-03-19,12,-0.1393,-0.1394,-0.1293
319495,DEG0F,Ilm-Kreis,2020-03-20,12,-0.2401,-0.18,-0.1293
319496,DEG0F,Ilm-Kreis,2020-03-21,12,-0.3524,-0.2088,-0.1293
319497,DEG0F,Ilm-Kreis,2020-03-22,12,-0.1909,-0.2338,-0.1293
319498,DEG0F,Ilm-Kreis,2020-03-23,13,-0.211,-0.2552,-0.2692
319499,DEG0F,Ilm-Kreis,2020-03-24,13,-0.2525,-0.2602,-0.2692
319500,DEG0F,Ilm-Kreis,2020-03-25,13,-0.2507,-0.2434,-0.2692
319501,DEG0F,Ilm-Kreis,2020-03-26,13,-0.2889,-0.2806,-0.2692
319502,DEG0F,Ilm-Kreis,2020-03-27,13,-0.2748,-0.2864,-0.2692
319503,DEG0F,Ilm-Kreis,2020-03-28,13,-0.2349,-0.2882,-0.2692
319504,DEG0F,Ilm-Kreis,2020-03-29,13,-0.4517,-0.283,-0.2692
319505,DEG0F,Ilm-Kreis,2020-03-30,14,-0.2511,-0.2682,-0.2045
319506,DEG0F,Ilm-Kreis,2020-03-31,14,-0.2654,-0.2498,-0.2045
320293,DEG0G,Weimarer Land,2020-03-01,9,0.1165,0.0801,0.0826
320294,DEG0G,Weimarer Land,2020-03-02,10,0.0751,0.081,0.0657
320295,DEG0G,Weimarer Land,2020-03-03,10,0.0472,0.0703,0.0657
320296,DEG0G,Weimarer Land,2020-03-04,10,0.0469,0.0629,0.0657
320297,DEG0G,Weimarer Land,2020-03-05,10,0.0755,0.0728,0.0657
320298,DEG0G,Weimarer Land,2020-03-06,10,0.0394,0.0751,0.0657
320299,DEG0G,Weimarer Land,2020-03-07,10,0.04,0.0737,0.0657
320300,DEG0G,Weimarer Land,2020-03-08,10,0.1858,0.0729,0.0657
320301,DEG0G,Weimarer Land,2020-03-09,11,0.0907,0.0736,0.0715
320302,DEG0G,Weimarer Land,2020-03-10,11,0.0375,0.0767,0.0715
320303,DEG0G,Weimarer Land,2020-03-11,11,0.0415,0.0794,0.0715
320304,DEG0G,Weimarer Land,2020-03-12,11,0.0805,0.0777,0.0715
320305,DEG0G,Weimarer Land,2020-03-13,11,0.0611,0.0749,0.0715
320306,DEG0G,Weimarer Land,2020-03-14,11,0.0585,0.0687,0.0715
320307,DEG0G,Weimarer Land,2020-03-15,11,0.1744,0.06,0.0715
320308,DEG0G,Weimarer Land,2020-03-16,12,0.0706,0.0417,-0.0835
320309,DEG0G,Weimarer Land,2020-03-17,12,-0.0058,0.0077,-0.0835
320310,DEG0G,Weimarer Land,2020-03-18,12,-0.0192,-0.0425,-0.0835
320311,DEG0G,Weimarer Land,2020-03-19,12,-0.0477,-0.0931,-0.0835
320312,DEG0G,Weimarer Land,2020-03-20,12,-0.1766,-0.1276,-0.0835
320313,DEG0G,Weimarer Land,2020-03-21,12,-0.2932,-0.1532,-0.0835
320314,DEG0G,Weimarer Land,2020-03-22,12,-0.1794,-0.1786,-0.0835
320315,DEG0G,Weimarer Land,2020-03-23,13,-0.1712,-0.1998,-0.2089
320316,DEG0G,Weimarer Land,2020-03-24,13,-0.1849,-0.2022,-0.2089
320317,DEG0G,Weimarer Land,2020-03-25,13,-0.1973,-0.1889,-0.2089
320318,DEG0G,Weimarer Land,2020-03-26,13,-0.1958,-0.2208,-0.2089
320319,DEG0G,Weimarer Land,2020-03-27,13,-0.1938,-0.2197,-0.2089
320320,DEG0G,Weimarer Land,2020-03-28,13,-0.1997,-0.2169,-0.2089
320321,DEG0G,Weimarer Land,2020-03-29,13,-0.4032,-0.2041,-0.2089
320322,DEG0G,Weimarer Land,2020-03-30,14,-0.1633,-0.1909,-0.1273
320323,DEG0G,Weimarer Land,2020-03-31,14,-0.1655,-0.1744,-0.1273
321110,DEG0H,Sonneberg,2020-03-01,9,-0.0145,0.0108,0.0126
321111,DEG0H,Sonneberg,2020-03-02,10,0.015,0.001,-0.014
321112,DEG0H,Sonneberg,2020-03-03,10,-0.0167,-0.0114,-0.014
321113,DEG0H,Sonneberg,2020-03-04,10,-0.0149,-0.0181,-0.014
321114,DEG0H,Sonneberg,2020-03-05,10,-0.0422,-0.0104,-0.014
321115,DEG0H,Sonneberg,2020-03-06,10,-0.0304,-0.0132,-0.014
321116,DEG0H,Sonneberg,2020-03-07,10,-0.0226,-0.0182,-0.014
321117,DEG0H,Sonneberg,2020-03-08,10,0.0393,-0.0148,-0.014
321118,DEG0H,Sonneberg,2020-03-09,11,-0.0045,-0.0117,-0.0169
321119,DEG0H,Sonneberg,2020-03-10,11,-0.0523,-0.009,-0.0169
321120,DEG0H,Sonneberg,2020-03-11,11,0.0091,-0.0122,-0.0169
321121,DEG0H,Sonneberg,2020-03-12,11,-0.0208,-0.0155,-0.0169
321122,DEG0H,Sonneberg,2020-03-13,11,-0.0111,-0.009,-0.0169
321123,DEG0H,Sonneberg,2020-03-14,11,-0.0454,-0.0204,-0.0169
321124,DEG0H,Sonneberg,2020-03-15,11,0.0167,-0.0429,-0.0169
321125,DEG0H,Sonneberg,2020-03-16,12,0.0408,-0.0661,-0.1862
321126,DEG0H,Sonneberg,2020-03-17,12,-0.1324,-0.0961,-0.1862
321127,DEG0H,Sonneberg,2020-03-18,12,-0.1481,-0.1484,-0.1862
321128,DEG0H,Sonneberg,2020-03-19,12,-0.1835,-0.2029,-0.1862
321129,DEG0H,Sonneberg,2020-03-20,12,-0.2205,-0.25,-0.1862
321130,DEG0H,Sonneberg,2020-03-21,12,-0.4114,-0.2777,-0.1862
321131,DEG0H,Sonneberg,2020-03-22,12,-0.3649,-0.3014,-0.1862
321132,DEG0H,Sonneberg,2020-03-23,13,-0.2893,-0.3213,-0.3291
321133,DEG0H,Sonneberg,2020-03-24,13,-0.3262,-0.3336,-0.3291
321134,DEG0H,Sonneberg,2020-03-25,13,-0.3136,-0.3254,-0.3291
321135,DEG0H,Sonneberg,2020-03-26,13,-0.3233,-0.338,-0.3291
321136,DEG0H,Sonneberg,2020-03-27,13,-0.3067,-0.3376,-0.3291
321137,DEG0H,Sonneberg,2020-03-28,13,-0.3541,-0.3356,-0.3291
321138,DEG0H,Sonneberg,2020-03-29,13,-0.4526,-0.3303,-0.3291
321139,DEG0H,Sonneberg,2020-03-30,14,-0.2864,-0.3266,-0.3008
321140,DEG0H,Sonneberg,2020-03-31,14,-0.3127,-0.3177,-0.3008
321927,DEG0I,Saalfeld-Rudolstadt,2020-03-01,9,-0.0221,-0.033,-0.0137
321928,DEG0I,Saalfeld-Rudolstadt,2020-03-02,10,-0.0241,-0.0365,-0.0514
321929,DEG0I,Saalfeld-Rudolstadt,2020-03-03,10,-0.065,-0.044,-0.0514
321930,DEG0I,Saalfeld-Rudolstadt,2020-03-04,10,-0.0517,-0.0524,-0.0514
321931,DEG0I,Saalfeld-Rudolstadt,2020-03-05,10,-0.0377,-0.0506,-0.0514
321932,DEG0I,Saalfeld-Rudolstadt,2020-03-06,10,-0.0487,-0.0494,-0.0514
321933,DEG0I,Saalfeld-Rudolstadt,2020-03-07,10,-0.1176,-0.0475,-0.0514
321934,DEG0I,Saalfeld-Rudolstadt,2020-03-08,10,-0.0094,-0.0515,-0.0514
321935,DEG0I,Saalfeld-Rudolstadt,2020-03-09,11,-0.0156,-0.053,-0.0534
321936,DEG0I,Saalfeld-Rudolstadt,2020-03-10,11,-0.0519,-0.0528,-0.0534
321937,DEG0I,Saalfeld-Rudolstadt,2020-03-11,11,-0.0797,-0.0515,-0.0534
321938,DEG0I,Saalfeld-Rudolstadt,2020-03-12,11,-0.048,-0.0526,-0.0534
321939,DEG0I,Saalfeld-Rudolstadt,2020-03-13,11,-0.0476,-0.0551,-0.0534
321940,DEG0I,Saalfeld-Rudolstadt,2020-03-14,11,-0.1085,-0.0738,-0.0534
321941,DEG0I,Saalfeld-Rudolstadt,2020-03-15,11,-0.0172,-0.0881,-0.0534
321942,DEG0I,Saalfeld-Rudolstadt,2020-03-16,12,-0.0329,-0.1099,-0.2201
321943,DEG0I,Saalfeld-Rudolstadt,2020-03-17,12,-0.1825,-0.1463,-0.2201
321944,DEG0I,Saalfeld-Rudolstadt,2020-03-18,12,-0.1797,-0.1889,-0.2201
321945,DEG0I,Saalfeld-Rudolstadt,2020-03-19,12,-0.2009,-0.2292,-0.2201
321946,DEG0I,Saalfeld-Rudolstadt,2020-03-20,12,-0.3026,-0.2687,-0.2201
321947,DEG0I,Saalfeld-Rudolstadt,2020-03-21,12,-0.4063,-0.2881,-0.2201
321948,DEG0I,Saalfeld-Rudolstadt,2020-03-22,12,-0.2995,-0.3088,-0.2201
321949,DEG0I,Saalfeld-Rudolstadt,2020-03-23,13,-0.3092,-0.3265,-0.3321
321950,DEG0I,Saalfeld-Rudolstadt,2020-03-24,13,-0.3186,-0.3286,-0.3321
321951,DEG0I,Saalfeld-Rudolstadt,2020-03-25,13,-0.3247,-0.3149,-0.3321
321952,DEG0I,Saalfeld-Rudolstadt,2020-03-26,13,-0.3246,-0.3415,-0.3321
321953,DEG0I,Saalfeld-Rudolstadt,2020-03-27,13,-0.3173,-0.3406,-0.3321
321954,DEG0I,Saalfeld-Rudolstadt,2020-03-28,13,-0.3105,-0.3403,-0.3321
321955,DEG0I,Saalfeld-Rudolstadt,2020-03-29,13,-0.4855,-0.3333,-0.3321
321956,DEG0I,Saalfeld-Rudolstadt,2020-03-30,14,-0.3028,-0.3203,-0.2704
321957,DEG0I,Saalfeld-Rudolstadt,2020-03-31,14,-0.317,-0.304,-0.2704
322744,DEG0J,Saale-Holzland-Kreis,2020-03-01,9,-0.0062,-0.0274,-0.0019
322745,DEG0J,Saale-Holzland-Kreis,2020-03-02,10,-0.0378,-0.03,-0.051
322746,DEG0J,Saale-Holzland-Kreis,2020-03-03,10,-0.0606,-0.0398,-0.051
322747,DEG0J,Saale-Holzland-Kreis,2020-03-04,10,-0.0555,-0.0506,-0.051
322748,DEG0J,Saale-Holzland-Kreis,2020-03-05,10,-0.0381,-0.0476,-0.051
322749,DEG0J,Saale-Holzland-Kreis,2020-03-06,10,-0.0611,-0.0453,-0.051
322750,DEG0J,Saale-Holzland-Kreis,2020-03-07,10,-0.0948,-0.0467,-0.051
322751,DEG0J,Saale-Holzland-Kreis,2020-03-08,10,0.0148,-0.0488,-0.051
322752,DEG0J,Saale-Holzland-Kreis,2020-03-09,11,-0.0219,-0.0492,-0.0576
322753,DEG0J,Saale-Holzland-Kreis,2020-03-10,11,-0.0703,-0.0501,-0.0576
322754,DEG0J,Saale-Holzland-Kreis,2020-03-11,11,-0.0699,-0.0534,-0.0576
322755,DEG0J,Saale-Holzland-Kreis,2020-03-12,11,-0.0415,-0.0549,-0.0576
322756,DEG0J,Saale-Holzland-Kreis,2020-03-13,11,-0.0669,-0.0588,-0.0576
322757,DEG0J,Saale-Holzland-Kreis,2020-03-14,11,-0.1185,-0.0747,-0.0576
322758,DEG0J,Saale-Holzland-Kreis,2020-03-15,11,0.0047,-0.0904,-0.0576
322759,DEG0J,Saale-Holzland-Kreis,2020-03-16,12,-0.0491,-0.1134,-0.2343
322760,DEG0J,Saale-Holzland-Kreis,2020-03-17,12,-0.182,-0.1465,-0.2343
322761,DEG0J,Saale-Holzland-Kreis,2020-03-18,12,-0.1793,-0.1942,-0.2343
322762,DEG0J,Saale-Holzland-Kreis,2020-03-19,12,-0.203,-0.2506,-0.2343
322763,DEG0J,Saale-Holzland-Kreis,2020-03-20,12,-0.2981,-0.2875,-0.2343
322764,DEG0J,Saale-Holzland-Kreis,2020-03-21,12,-0.4525,-0.3074,-0.2343
322765,DEG0J,Saale-Holzland-Kreis,2020-03-22,12,-0.3903,-0.3266,-0.2343
322766,DEG0J,Saale-Holzland-Kreis,2020-03-23,13,-0.3073,-0.3404,-0.3293
322767,DEG0J,Saale-Holzland-Kreis,2020-03-24,13,-0.3211,-0.3413,-0.3293
322768,DEG0J,Saale-Holzland-Kreis,2020-03-25,13,-0.314,-0.3249,-0.3293
322769,DEG0J,Saale-Holzland-Kreis,2020-03-26,13,-0.2997,-0.3429,-0.3293
322770,DEG0J,Saale-Holzland-Kreis,2020-03-27,13,-0.3039,-0.341,-0.3293
322771,DEG0J,Saale-Holzland-Kreis,2020-03-28,13,-0.3381,-0.3391,-0.3293
322772,DEG0J,Saale-Holzland-Kreis,2020-03-29,13,-0.5164,-0.3322,-0.3293
322773,DEG0J,Saale-Holzland-Kreis,2020-03-30,14,-0.2939,-0.3284,-0.2871
322774,DEG0J,Saale-Holzland-Kreis,2020-03-31,14,-0.3078,-0.3163,-0.2871
323561,DEG0K,Saale-Orla-Kreis,2020-03-01,9,-0.0389,-0.022,-0.0069
323562,DEG0K,Saale-Orla-Kreis,2020-03-02,10,0.0068,-0.0282,-0.0674
323563,DEG0K,Saale-Orla-Kreis,2020-03-03,10,-0.0601,-0.0426,-0.0674
323564,DEG0K,Saale-Orla-Kreis,2020-03-04,10,-0.0657,-0.0618,-0.0674
323565,DEG0K,Saale-Orla-Kreis,2020-03-05,10,-0.0552,-0.0707,-0.0674
323566,DEG0K,Saale-Orla-Kreis,2020-03-06,10,-0.0819,-0.0716,-0.0674
323567,DEG0K,Saale-Orla-Kreis,2020-03-07,10,-0.1376,-0.072,-0.0674
323568,DEG0K,Saale-Orla-Kreis,2020-03-08,10,-0.1013,-0.071,-0.0674
323569,DEG0K,Saale-Orla-Kreis,2020-03-09,11,0.0006,-0.066,-0.0337
323570,DEG0K,Saale-Orla-Kreis,2020-03-10,11,-0.0626,-0.0573,-0.0337
323571,DEG0K,Saale-Orla-Kreis,2020-03-11,11,-0.0586,-0.0473,-0.0337
323572,DEG0K,Saale-Orla-Kreis,2020-03-12,11,-0.0205,-0.0327,-0.0337
323573,DEG0K,Saale-Orla-Kreis,2020-03-13,11,-0.0211,-0.0257,-0.0337
323574,DEG0K,Saale-Orla-Kreis,2020-03-14,11,-0.0675,-0.0308,-0.0337
323575,DEG0K,Saale-Orla-Kreis,2020-03-15,11,0.0008,-0.0356,-0.0337
323576,DEG0K,Saale-Orla-Kreis,2020-03-16,12,0.05,-0.0501,-0.1548
323577,DEG0K,Saale-Orla-Kreis,2020-03-17,12,-0.0989,-0.0775,-0.1548
323578,DEG0K,Saale-Orla-Kreis,2020-03-18,12,-0.092,-0.1218,-0.1548
323579,DEG0K,Saale-Orla-Kreis,2020-03-19,12,-0.122,-0.1692,-0.1548
323580,DEG0K,Saale-Orla-Kreis,2020-03-20,12,-0.2131,-0.2064,-0.1548
323581,DEG0K,Saale-Orla-Kreis,2020-03-21,12,-0.3777,-0.2226,-0.1548
323582,DEG0K,Saale-Orla-Kreis,2020-03-22,12,-0.3308,-0.2435,-0.1548
323583,DEG0K,Saale-Orla-Kreis,2020-03-23,13,-0.2105,-0.2633,-0.2622
323584,DEG0K,Saale-Orla-Kreis,2020-03-24,13,-0.2121,-0.2678,-0.2622
323585,DEG0K,Saale-Orla-Kreis,2020-03-25,13,-0.2382,-0.2521,-0.2622
323586,DEG0K,Saale-Orla-Kreis,2020-03-26,13,-0.2607,-0.2751,-0.2622
323587,DEG0K,Saale-Orla-Kreis,2020-03-27,13,-0.2447,-0.2782,-0.2622
323588,DEG0K,Saale-Orla-Kreis,2020-03-28,13,-0.2679,-0.2871,-0.2622
323589,DEG0K,Saale-Orla-Kreis,2020-03-29,13,-0.4913,-0.2852,-0.2622
323590,DEG0K,Saale-Orla-Kreis,2020-03-30,14,-0.2327,-0.2829,-0.2519
323591,DEG0K,Saale-Orla-Kreis,2020-03-31,14,-0.2743,-0.2799,-0.2519
324378,DEG0L,Greiz,2020-03-01,9,0.0254,0.038,0.0526
324379,DEG0L,Greiz,2020-03-02,10,0.062,0.0362,0.0186
324380,DEG0L,Greiz,2020-03-03,10,0.0115,0.0254,0.0186
324381,DEG0L,Greiz,2020-03-04,10,0.0217,0.0155,0.0186
324382,DEG0L,Greiz,2020-03-05,10,0.0287,0.0199,0.0186
324383,DEG0L,Greiz,2020-03-06,10,-0.0045,0.0175,0.0186
324384,DEG0L,Greiz,2020-03-07,10,-0.0363,0.0136,0.0186
324385,DEG0L,Greiz,2020-03-08,10,0.0565,0.0087,0.0186
324386,DEG0L,Greiz,2020-03-09,11,0.045,0.0084,0.0211
324387,DEG0L,Greiz,2020-03-10,11,-0.0158,0.0151,0.0211
324388,DEG0L,Greiz,2020-03-11,11,-0.0128,0.0224,0.0211
324389,DEG0L,Greiz,2020-03-12,11,0.027,0.0235,0.0211
324390,DEG0L,Greiz,2020-03-13,11,0.0419,0.0284,0.0211
324391,DEG0L,Greiz,2020-03-14,11,0.0149,0.0187,0.0211
324392,DEG0L,Greiz,2020-03-15,11,0.0641,0.0131,0.0211
324393,DEG0L,Greiz,2020-03-16,12,0.0794,-0.0064,-0.1322
324394,DEG0L,Greiz,2020-03-17,12,-0.0834,-0.0421,-0.1322
324395,DEG0L,Greiz,2020-03-18,12,-0.0523,-0.0935,-0.1322
324396,DEG0L,Greiz,2020-03-19,12,-0.1095,-0.1471,-0.1322
324397,DEG0L,Greiz,2020-03-20,12,-0.2081,-0.1919,-0.1322
324398,DEG0L,Greiz,2020-03-21,12,-0.345,-0.2165,-0.1322
324399,DEG0L,Greiz,2020-03-22,12,-0.3107,-0.2443,-0.1322
324400,DEG0L,Greiz,2020-03-23,13,-0.2344,-0.2635,-0.2679
324401,DEG0L,Greiz,2020-03-24,13,-0.2558,-0.2685,-0.2679
324402,DEG0L,Greiz,2020-03-25,13,-0.2468,-0.2571,-0.2679
324403,DEG0L,Greiz,2020-03-26,13,-0.2437,-0.2809,-0.2679
324404,DEG0L,Greiz,2020-03-27,13,-0.2433,-0.2828,-0.2679
324405,DEG0L,Greiz,2020-03-28,13,-0.265,-0.284,-0.2679
324406,DEG0L,Greiz,2020-03-29,13,-0.4776,-0.2817,-0.2679
324407,DEG0L,Greiz,2020-03-30,14,-0.2476,-0.2774,-0.248
324408,DEG0L,Greiz,2020-03-31,14,-0.2641,-0.2707,-0.248
325195,DEG0M,Altenburger Land,2020-03-01,9,0.0483,0.07,0.0992
325196,DEG0M,Altenburger Land,2020-03-02,10,0.0663,0.0646,0.0409
325197,DEG0M,Altenburger Land,2020-03-03,10,0.0341,0.0505,0.0409
325198,DEG0M,Altenburger Land,2020-03-04,10,0.0554,0.039,0.0409
325199,DEG0M,Altenburger Land,2020-03-05,10,0.0587,0.0417,0.0409
325200,DEG0M,Altenburger Land,2020-03-06,10,0.0123,0.0429,0.0409
325201,DEG0M,Altenburger Land,2020-03-07,10,-0.0019,0.0437,0.0409
325202,DEG0M,Altenburger Land,2020-03-08,10,0.0668,0.042,0.0409
325203,DEG0M,Altenburger Land,2020-03-09,11,0.0749,0.0421,0.0442
325204,DEG0M,Altenburger Land,2020-03-10,11,0.0393,0.0447,0.0442
325205,DEG0M,Altenburger Land,2020-03-11,11,0.0436,0.0447,0.0442
325206,DEG0M,Altenburger Land,2020-03-12,11,0.0594,0.0444,0.0442
325207,DEG0M,Altenburger Land,2020-03-13,11,0.0308,0.0453,0.0442
325208,DEG0M,Altenburger Land,2020-03-14,11,-0.0021,0.0321,0.0442
325209,DEG0M,Altenburger Land,2020-03-15,11,0.065,0.0203,0.0442
325210,DEG0M,Altenburger Land,2020-03-16,12,0.0815,0.0004,-0.1032
325211,DEG0M,Altenburger Land,2020-03-17,12,-0.0532,-0.0336,-0.1032
325212,DEG0M,Altenburger Land,2020-03-18,12,-0.0389,-0.0741,-0.1032
325213,DEG0M,Altenburger Land,2020-03-19,12,-0.0802,-0.1141,-0.1032
325214,DEG0M,Altenburger Land,2020-03-20,12,-0.2072,-0.1562,-0.1032
325215,DEG0M,Altenburger Land,2020-03-21,12,-0.2859,-0.1814,-0.1032
325216,DEG0M,Altenburger Land,2020-03-22,12,-0.2149,-0.2091,-0.1032
325217,DEG0M,Altenburger Land,2020-03-23,13,-0.2133,-0.2349,-0.2559
325218,DEG0M,Altenburger Land,2020-03-24,13,-0.2295,-0.2409,-0.2559
325219,DEG0M,Altenburger Land,2020-03-25,13,-0.2328,-0.2358,-0.2559
325220,DEG0M,Altenburger Land,2020-03-26,13,-0.2606,-0.2674,-0.2559
325221,DEG0M,Altenburger Land,2020-03-27,13,-0.2494,-0.27,-0.2559
325222,DEG0M,Altenburger Land,2020-03-28,13,-0.2504,-0.2723,-0.2559
325223,DEG0M,Altenburger Land,2020-03-29,13,-0.4356,-0.2728,-0.2559
325224,DEG0M,Altenburger Land,2020-03-30,14,-0.2319,-0.2677,-0.2366
325225,DEG0M,Altenburger Land,2020-03-31,14,-0.2457,-0.2603,-0.2366
326012,DEG0N,"Eisenach, Kreisfreie Stadt",2020-03-01,9,0.0159,0.0697,0.0945
326013,DEG0N,"Eisenach, Kreisfreie Stadt",2020-03-02,10,0.0835,0.0646,0.0399
326014,DEG0N,"Eisenach, Kreisfreie Stadt",2020-03-03,10,0.0441,0.0523,0.0399
326015,DEG0N,"Eisenach, Kreisfreie Stadt",2020-03-04,10,0.0443,0.0281,0.0399
326016,DEG0N,"Eisenach, Kreisfreie Stadt",2020-03-05,10,0.0364,0.043,0.0399
326017,DEG0N,"Eisenach, Kreisfreie Stadt",2020-03-06,10,0.0341,0.0437,0.0399
326018,DEG0N,"Eisenach, Kreisfreie Stadt",2020-03-07,10,-0.0615,0.0389,0.0399
326019,DEG0N,"Eisenach, Kreisfreie Stadt",2020-03-08,10,0.1201,0.0364,0.0399
326020,DEG0N,"Eisenach, Kreisfreie Stadt",2020-03-09,11,0.0887,0.0387,0.0246
326021,DEG0N,"Eisenach, Kreisfreie Stadt",2020-03-10,11,0.0103,0.0368,0.0246
326022,DEG0N,"Eisenach, Kreisfreie Stadt",2020-03-11,11,0.0266,0.0343,0.0246
326023,DEG0N,"Eisenach, Kreisfreie Stadt",2020-03-12,11,0.053,0.0229,0.0246
326024,DEG0N,"Eisenach, Kreisfreie Stadt",2020-03-13,11,0.0207,0.0191,0.0246
326025,DEG0N,"Eisenach, Kreisfreie Stadt",2020-03-14,11,-0.0796,0.0044,0.0246
326026,DEG0N,"Eisenach, Kreisfreie Stadt",2020-03-15,11,0.0405,-0.0227,0.0246
326027,DEG0N,"Eisenach, Kreisfreie Stadt",2020-03-16,12,0.0619,-0.0627,-0.2039
326028,DEG0N,"Eisenach, Kreisfreie Stadt",2020-03-17,12,-0.0922,-0.1127,-0.2039
326029,DEG0N,"Eisenach, Kreisfreie Stadt",2020-03-18,12,-0.1635,-0.1667,-0.2039
326030,DEG0N,"Eisenach, Kreisfreie Stadt",2020-03-19,12,-0.2266,-0.2164,-0.2039
326031,DEG0N,"Eisenach, Kreisfreie Stadt",2020-03-20,12,-0.3291,-0.2709,-0.2039
326032,DEG0N,"Eisenach, Kreisfreie Stadt",2020-03-21,12,-0.4577,-0.307,-0.2039
326033,DEG0N,"Eisenach, Kreisfreie Stadt",2020-03-22,12,-0.3074,-0.3371,-0.2039
326034,DEG0N,"Eisenach, Kreisfreie Stadt",2020-03-23,13,-0.3197,-0.3597,-0.3752
326035,DEG0N,"Eisenach, Kreisfreie Stadt",2020-03-24,13,-0.3451,-0.3654,-0.3752
326036,DEG0N,"Eisenach, Kreisfreie Stadt",2020-03-25,13,-0.3739,-0.3553,-0.3752
326037,DEG0N,"Eisenach, Kreisfreie Stadt",2020-03-26,13,-0.3854,-0.3857,-0.3752
326038,DEG0N,"Eisenach, Kreisfreie Stadt",2020-03-27,13,-0.3687,-0.3907,-0.3752
326039,DEG0N,"Eisenach, Kreisfreie Stadt",2020-03-28,13,-0.3868,-0.3934,-0.3752
326040,DEG0N,"Eisenach, Kreisfreie Stadt",2020-03-29,13,-0.5203,-0.3863,-0.3752
326041,DEG0N,"Eisenach, Kreisfreie Stadt",2020-03-30,14,-0.3546,-0.3724,-0.3156
326042,DEG0N,"Eisenach, Kreisfreie Stadt",2020-03-31,14,-0.3639,-0.3581,-0.3156
326829,DEG0P,Wartburgkreis,2020-03-01,9,-0.0162,0.0099,0.0163
326830,DEG0P,Wartburgkreis,2020-03-02,10,0.0269,0.0075,-0.0042
326831,DEG0P,Wartburgkreis,2020-03-03,10,-0.0046,-0.0031,-0.0042
326832,DEG0P,Wartburgkreis,2020-03-04,10,-0.0103,-0.0107,-0.0042
326833,DEG0P,Wartburgkreis,2020-03-05,10,-0.009,-0.0015,-0.0042
326834,DEG0P,Wartburgkreis,2020-03-06,10,-0.0261,-0.0002,-0.0042
326835,DEG0P,Wartburgkreis,2020-03-07,10,-0.0357,-0.0028,-0.0042
326836,DEG0P,Wartburgkreis,2020-03-08,10,0.0484,-0.005,-0.0042
326837,DEG0P,Wartburgkreis,2020-03-09,11,0.0361,-0.0023,-0.0075
326838,DEG0P,Wartburgkreis,2020-03-10,11,-0.0232,0.0011,-0.0075
326839,DEG0P,Wartburgkreis,2020-03-11,11,-0.0255,-0.0031,-0.0075
326840,DEG0P,Wartburgkreis,2020-03-12,11,0.0098,-0.0079,-0.0075
326841,DEG0P,Wartburgkreis,2020-03-13,11,-0.0023,-0.0112,-0.0075
326842,DEG0P,Wartburgkreis,2020-03-14,11,-0.0652,-0.0213,-0.0075
326843,DEG0P,Wartburgkreis,2020-03-15,11,0.0146,-0.0364,-0.0075
326844,DEG0P,Wartburgkreis,2020-03-16,12,0.0134,-0.064,-0.1891
326845,DEG0P,Wartburgkreis,2020-03-17,12,-0.0941,-0.1026,-0.1891
326846,DEG0P,Wartburgkreis,2020-03-18,12,-0.1312,-0.1535,-0.1891
326847,DEG0P,Wartburgkreis,2020-03-19,12,-0.1835,-0.2074,-0.1891
326848,DEG0P,Wartburgkreis,2020-03-20,12,-0.2722,-0.2492,-0.1891
326849,DEG0P,Wartburgkreis,2020-03-21,12,-0.4217,-0.2789,-0.1891
326850,DEG0P,Wartburgkreis,2020-03-22,12,-0.3623,-0.3049,-0.1891
326851,DEG0P,Wartburgkreis,2020-03-23,13,-0.2791,-0.3231,-0.3152
326852,DEG0P,Wartburgkreis,2020-03-24,13,-0.3024,-0.3249,-0.3152
326853,DEG0P,Wartburgkreis,2020-03-25,13,-0.313,-0.3071,-0.3152
326854,DEG0P,Wartburgkreis,2020-03-26,13,-0.3108,-0.3272,-0.3152
326855,DEG0P,Wartburgkreis,2020-03-27,13,-0.2851,-0.3277,-0.3152
326856,DEG0P,Wartburgkreis,2020-03-28,13,-0.2971,-0.3263,-0.3152
326857,DEG0P,Wartburgkreis,2020-03-29,13,-0.503,-0.3186,-0.3152
326858,DEG0P,Wartburgkreis,2020-03-30,14,-0.2826,-0.308,-0.2645
326859,DEG0P,Wartburgkreis,2020-03-31,14,-0.2928,-0.2965,-0.2645
